チェック,サイト名,評価,投稿日,コメント(全体),コメント(良い点),コメント(改善点),コメント（翻訳:全体),コメント（翻訳:良い),コメント（翻訳:改善点),投稿者,レビューID
false,Trip.com,10,2026-01-31,相変わらず出張時に一番最初に空き情報確認してるほど、自分の中ではお気に入りのビジホです。 朝食もついてるし、関内駅からも近いし申し分ないです。 いつもありがとうございます。,,,相変わらず出張時に一番最初に空き情報確認してるほど、自分の中ではお気に入りのビジホです。 朝食もついてるし、関内駅からも近いし申し分ないです。 いつもありがとうございます。,,,ゲ‍ス‍ト,trip_1830953248
false,楽天トラベル,4,2026-01-31,関内駅近くで駅にも近く、すぐ近くにローソンもあり便利でした。またウエルカムドリンクサービスや無料の朝食なども付いていて、ありがたかったです。朝食のスムージーが特に人気と口コミにあったので頂いたら、評判通りの美味しいスムージーでした。また次回も機会があれば宿泊したいと思います。,,,関内駅近くで駅にも近く、すぐ近くにローソンもあり便利でした。またウエルカムドリンクサービスや無料の朝食なども付いていて、ありがたかったです。朝食のスムージーが特に人気と口コミにあったので頂いたら、評判通りの美味しいスムージーでした。また次回も機会があれば宿泊したいと思います。,,,たったちゃん,rakuten_38530_35551eedafe2e9005d5dcedefb5b1baf
false,じゃらん,4,2026-01-31,関内ホール直ぐで、コスパの良いホテルです。馬車道通りでの食事も楽しめ、ツタンカーメン展を観たり楽しめました。,,,関内ホール直ぐで、コスパの良いホテルです。馬車道通りでの食事も楽しめ、ツタンカーメン展を観たり楽しめました。,,,yamaさん,jalan_332780_3a508ddf32a323b11a164e17c4859efa
false,楽天トラベル,4,2026-01-30,スタッフの応対がとても丁寧で好感が持てる。朝食が美味しい。駅とのアクセスもよい。,,,スタッフの応対がとても丁寧で好感が持てる。朝食が美味しい。駅とのアクセスもよい。,,,ヘンリー2LT,rakuten_38530_17b0e5582973e85dd50c72208a64e6e2
false,Booking.com,5,2026-01-30,,,,,,,光輝,bookingcom_686494_9ef8221dbbd04827e651bfd3979afeca
false,Google,2,2026-01-30,コンビニも近くにあり便利ではあるが、とにかく設備が古い。,,,コンビニも近くにあり便利ではあるが、とにかく設備が古い。,,,るるるらら,google_ChIJb0LXwvZcGGARgoK9Zeke02g_ab56066c12bbef956c80f5eae9c08aff
false,Google,4,2026-01-30,古さはありますが、綺麗で良いです。ただ、暖房の効きが悪く寒くて目が覚めました。朝食の鯖フレーク出汁ご飯が美味しかったです。,,,古さはありますが、綺麗で良いです。ただ、暖房の効きが悪く寒くて目が覚めました。朝食の鯖フレーク出汁ご飯が美味しかったです。,,,さいばぁ,google_ChIJb0LXwvZcGGARgoK9Zeke02g_7f0e8e4cac3c08cee79cc634615415f4
false,楽天トラベル,4,2026-01-30,子どもが添い寝無料＋宿泊者は朝食ブッフェが無料ということで利用させていただきました。駐車場はホテル下は停められず近隣提携駐車場に停めました。 大人3人未就学児2人でトリプルベッドの部屋を利用しました。セミダブル２つシングル１つのお部屋で、ベッドの移動が可能であればもっと良かったなぁと思います。 朝食は早めがおすすめです。私たちは6時台に利用しましたが、ゆったり来られた方は席が空くまでの待ち時間が発生していました。,,,子どもが添い寝無料＋宿泊者は朝食ブッフェが無料ということで利用させていただきました。駐車場はホテル下は停められず近隣提携駐車場に停めました。 大人3人未就学児2人でトリプルベッドの部屋を利用しました。セミダブル２つシングル１つのお部屋で、ベッドの移動が可能であればもっと良かったなぁと思います。 朝食は早めがおすすめです。私たちは6時台に利用しましたが、ゆったり来られた方は席が空くまでの待ち時間が発生していました。,,,yuuaya,rakuten_38530_2b3c07b153ba8a71a80d76117bd2fc21
false,楽天トラベル,4,2026-01-30,スタッフの応対がとても丁寧で好感が持てる。朝食が美味しい。駅とのアクセスもよい。,,,スタッフの応対がとても丁寧で好感が持てる。朝食が美味しい。駅とのアクセスもよい。,,,ヘンリーLT,rakuten_38530_ac04a9b32aadd0cdcc8fbfb933ffbe56
false,Booking.com,8,2026-01-29,,朝食が美味しかった。  Webチェックインが楽で良かった。  部屋が広くてベッドが大きい。,他が完璧なだけに気になったのがシャワーカーテンの幅が少し足りないので前か後ろがどうしても濡れてしまうのと黴が少々あった点。,,朝食が美味しかった。  Webチェックインが楽で良かった。  部屋が広くてベッドが大きい。,他が完璧なだけに気になったのがシャワーカーテンの幅が少し足りないので前か後ろがどうしても濡れてしまうのと黴が少々あった点。,Mayumi,bookingcom_686494_19d0ad2e9c7c1be7366b818d9b87f969
false,Google,4,2026-01-29,満足度のある朝食が無料はうれしい  関内駅、馬車道駅の中間辺りの立地。中華街にも徒歩圏内。 お隣さんは、アパホテル。 ホテルの向かいはセブン、隣にはローソン。 横浜スタジアムも近い。  ホテルは全体的に清潔感が有る。 水回りに若干旧さを感じる。  6:30時からの朝食は無料ながら満足度あり、子供用の食器の用意もある。  ホテル下の駐車場は8台先客優先だが1泊1600円で出し入れ自由。 満車時には提携駐車場に駐めれる。  リーズナブルな価格帯のホテルとして満足度が有る。,,,満足度のある朝食が無料はうれしい  関内駅、馬車道駅の中間辺りの立地。中華街にも徒歩圏内。 お隣さんは、アパホテル。 ホテルの向かいはセブン、隣にはローソン。 横浜スタジアムも近い。  ホテルは全体的に清潔感が有る。 水回りに若干旧さを感じる。  6:30時からの朝食は無料ながら満足度あり、子供用の食器の用意もある。  ホテル下の駐車場は8台先客優先だが1泊1600円で出し入れ自由。 満車時には提携駐車場に駐めれる。  リーズナブルな価格帯のホテルとして満足度が有る。,,,シロッコ,google_ChIJb0LXwvZcGGARgoK9Zeke02g_16b336e422fc3323ec7166c1a760e10e
false,Trip.com,8,2026-01-29,"직전에 같은가격에 너무좋은 호텔을 방문했던지라 생각보다 방이 작네? 하고 생각했지만 지내는데 크게문제가 없었고 요코하마가 동네가 생각보다 호텔들이 오래되었고 비싸더라구요~ 대신 진짜 장점은 조식이 좋았다는것 웰컴드링크가 제공된다는것 너무 좋았어요~~~ 방의 아쉬움을 커버해주는 요소가 되었다는것~ 4,5성급 호텔 조식생각하면 안되고 집밥느낌 입니다~ 저희가족은 무튼 저렴한가격에 조식이 있다는것에서 큰점수를 주었습니다^^",,,"直前に同じ価格でとても良いホテルを訪れたと思ったより部屋が小さい？と思いましたが、過ごすのに大きく問題がなく、横浜が近所が思ったよりホテルが古くて高価でしたよ〜代わりに本当のメリットは朝食が良かったということウェルカムリンクが提供されることはとても良かったです~~~ 部屋の物足りなさをカバーしてくれる要素になったと~ 4,5つ星ホテル朝食安い価格で朝食があることで大きなスコアを与えました^^",,,r‍o‍m‍a‍n‍t‍i‍c‍ ‍t‍o‍u‍r‍i‍s‍t,trip_1829231176
false,Booking.com,6,2026-01-29,,"I like that it’s very close to prime destinations, like a 10-15 minute walk around anywhere","The check in process since it’s automated, the main lobby can get cramped. But good thing people assist to make it faster.",,主要な観光スポットにとても近いのが気に入っています。どこへ行くにも徒歩10～15分以内です。,チェックイン手続きは自動化されているため、メインロビーは混雑することがあります。しかし、係員が手伝ってくれるので、手続きはスムーズに進みます。,Sherry,bookingcom_686494_28689d3405e5374471aa7d5a8f209b7d
false,Google,2,2026-01-29,,,,,,,るるるらら,google_ChIJb0LXwvZcGGARgoK9Zeke02g_ce7e5bdec64e4d20e608db5884d7b7a7
false,Google,4,2026-01-28,,,,,,,senga,google_ChIJb0LXwvZcGGARgoK9Zeke02g_f6162f7ad76705e9b2722253214d246f
false,Booking.com,7,2026-01-28,,,,,,,Reza,bookingcom_686494_ec9c266b01af4d62d8c74bc4af78fba9
false,Booking.com,8,2026-01-28,,ベッドが広く、朝食付きだから。,フロントのスペースが狭く、朝食時はエレベーター待ちの人達で溢れてる。　アメニティグッズが少ない,,ベッドが広く、朝食付きだから。,フロントのスペースが狭く、朝食時はエレベーター待ちの人達で溢れてる。　アメニティグッズが少ない,Yoko,bookingcom_686494_1a0e9a162ba212e744f6db0770f707e9
false,Booking.com,8,2026-01-27,,,,,,,Asako,bookingcom_686494_9c2b3e0c2e45166bd1cfef12950f223e
false,Booking.com,8,2026-01-26,,,,,,,Dai,bookingcom_686494_fb14ec834c33844a305a35ddadc04332
false,Google,3,2026-01-26,写真では結構新しく綺麗な印象でしたが、実際に宿泊すると結構年季の入ったホテルでギャップがありました。 朝食会場は少し狭くて待ちも居たりしましたが、ヘルシー志向で美味しくいただけました。,,,写真では結構新しく綺麗な印象でしたが、実際に宿泊すると結構年季の入ったホテルでギャップがありました。 朝食会場は少し狭くて待ちも居たりしましたが、ヘルシー志向で美味しくいただけました。,,,Humming bird,google_ChIJb0LXwvZcGGARgoK9Zeke02g_3567f5ea09cd02c3c184607a4870cf7c
false,じゃらん,2,2026-01-26,久しぶりにコンフォートホテルを  利用しました  横浜と言う街なのか  ホテルは至って普通です  朝食会場が激狭！  めちゃくちゃ混んでるし  狭すぎて食べる気無くしました。  このコンフォートホテルは多分使わないです  他のコンフォートは多分マトモです。,,,久しぶりにコンフォートホテルを  利用しました  横浜と言う街なのか  ホテルは至って普通です  朝食会場が激狭！  めちゃくちゃ混んでるし  狭すぎて食べる気無くしました。  このコンフォートホテルは多分使わないです  他のコンフォートは多分マトモです。,,,トシさん,jalan_332780_598940855c5ead815067982a466a2dc2
false,Trip.com,10,2026-01-26,地點很好找到，距離JR站不遠處，拉著28吋大行李也很好走，附近有間永旺超市，採買很方便！早餐種類很多，飯和配菜也煮的很好吃！非常的推薦！,,,立地はJR駅からも近く、28インチのスーツケースを持っていても歩きやすいです。近くにイオンスーパーマーケットがあるので、買い物にもとても便利です！朝食の種類も豊富で、ご飯やおかずも美味しいです！ぜひおすすめです！,,,凱‍莉‍媽‍媽,trip_1826952606
false,Booking.com,7,2026-01-26,,"In the room too loud at the night, because there was a lot of noise coming from outside. Bathroom was cleaned not enough. specially bath and toilette.",,,夜は外からの騒音で部屋がうるさすぎました。バスルーム、特に浴槽とトイレの清掃が不十分でした。,,Narantuya,bookingcom_686494_e0a9b8ac8e4ca963a99d5688985d12aa
false,じゃらん,3,2026-01-26,久しぶりにコンフォートホテルを  利用しました  横浜と言う街なのか  ホテルは至って普通です  朝食会場が激狭！  めちゃくちゃ混んでるし  狭すぎて食べる気無くしました。  このコンフォートホテルは多分使わないです  他のコンフォートは多分マトモです。,,,久しぶりにコンフォートホテルを  利用しました  横浜と言う街なのか  ホテルは至って普通です  朝食会場が激狭！  めちゃくちゃ混んでるし  狭すぎて食べる気無くしました。  このコンフォートホテルは多分使わないです  他のコンフォートは多分マトモです。,,,トシさん,jalan_332780_4bd758e9d19cf7577a3e2dd67da296e0
false,楽天トラベル,3,2026-01-26,横浜中華街までは歩いて15分位だったと思います。お部屋の清潔さや受付の方の対応は良かったですが、壁が薄いのか隣の部屋の声や向かい側の部屋の音は結構聞こえます。 ,,,横浜中華街までは歩いて15分位だったと思います。お部屋の清潔さや受付の方の対応は良かったですが、壁が薄いのか隣の部屋の声や向かい側の部屋の音は結構聞こえます。 ,,,akarinotrip,rakuten_38530_c499f33f1cd0ceb77d5505314aa105a9
false,じゃらん,5,2026-01-26,フロントの方の対応も良く  清潔感もあり良いホテルだと思います  さらにサービスの朝食も色々と楽しめて  又泊まりに来たいと思います♪,,,フロントの方の対応も良く  清潔感もあり良いホテルだと思います  さらにサービスの朝食も色々と楽しめて  又泊まりに来たいと思います♪,,,☆NENE☆さん,jalan_332780_0199a033ec021e6769f96fc4f939a7b3
false,じゃらん,5,2026-01-26,スタッフの接客が素晴らしいです  ただ、朝食の会場が以上なくらい混んでいて  やめようかと思ったくらいでした  ですが、お弁当にして、部屋で食事を取ってもよいと言うことでしたのでそちらにしました  コンビニによくあるお弁当入れを渡されてスープ、飲み物、ヨーグルトを紙コップにいれました  その後ビニール袋をいただくのですが袋にいれる場所もなく、いれづらく、子どもの分もいれたら紙コップ6個になり持ちづらくどうしたものかと思いました  また、部屋に食べるスペースもなく、結局ベッドの上で食べました  大きなトレーに乗せればエコにもなるし、なんとか食事も出きるしと思いました  見逃したのかもしれませんが、ほとんどのホテルにはトースターがありますがそれもなく、さめたクロワッサンやワッフルを食べました  少し改善した方がよいかなぁと思います  それ以外は、本当によかったです(*^-^)(*^-^)(*^-^),,,スタッフの接客が素晴らしいです  ただ、朝食の会場が以上なくらい混んでいて  やめようかと思ったくらいでした  ですが、お弁当にして、部屋で食事を取ってもよいと言うことでしたのでそちらにしました  コンビニによくあるお弁当入れを渡されてスープ、飲み物、ヨーグルトを紙コップにいれました  その後ビニール袋をいただくのですが袋にいれる場所もなく、いれづらく、子どもの分もいれたら紙コップ6個になり持ちづらくどうしたものかと思いました  また、部屋に食べるスペースもなく、結局ベッドの上で食べました  大きなトレーに乗せればエコにもなるし、なんとか食事も出きるしと思いました  見逃したのかもしれませんが、ほとんどのホテルにはトースターがありますがそれもなく、さめたクロワッサンやワッフルを食べました  少し改善した方がよいかなぁと思います  それ以外は、本当によかったです(*^-^)(*^-^)(*^-^),,,たまちゃんさん,jalan_332780_f48599c2e0cbb606319fd8b2347e616f
false,Booking.com,8,2026-01-25,,立地が良く綺麗でベットも大きい事,窓の開閉の説明が記入されていましたが、閉まっているのに窓際から隙間風？の様な風がきて寒かったです。 エアコンの温度をあまり上げたくなかったので気になりました。,,立地が良く綺麗でベットも大きい事,窓の開閉の説明が記入されていましたが、閉まっているのに窓際から隙間風？の様な風がきて寒かったです。 エアコンの温度をあまり上げたくなかったので気になりました。,Naomi,bookingcom_686494_8675ef4b365d02299dbc2fbc2ce665ba
false,Agoda,10,2026-01-25,居心地が良かった,,,居心地が良かった,,,IKKEI,agoda_193987_407a9a4476898b4ae1d883d3cbda9d98
false,Google,5,2026-01-25,JR（北口）と地下鉄ブルーラインの関内駅から徒歩3分位です。周辺にはコンビニや飲食店があり、馬車道や横浜スタジアムも徒歩圏内で、便利な立地です。,,,JR（北口）と地下鉄ブルーラインの関内駅から徒歩3分位です。周辺にはコンビニや飲食店があり、馬車道や横浜スタジアムも徒歩圏内で、便利な立地です。,,,喜多野縞馬,google_ChIJb0LXwvZcGGARgoK9Zeke02g_f574d0befbe5de7b9f9ca057e67fd910
false,楽天トラベル,3,2026-01-25,普通でした…もう少し安くても…,,,普通でした…もう少し安くても…,,,cocop,rakuten_38530_03ac76efcc7a96882b96a9a7dfc36557
false,楽天トラベル,1,2026-01-24,汚い、狭い、壁薄くて声凄い聞こえる、窓開いてないのに隙間風凄すぎて寒いしうるさいし寝れなかった 最悪すぎる,,,汚い、狭い、壁薄くて声凄い聞こえる、窓開いてないのに隙間風凄すぎて寒いしうるさいし寝れなかった 最悪すぎる,,,ゆたんーーー,rakuten_38530_ab30bd3f3d13a89e04cf15486a2f7b1a
false,楽天トラベル,5,2026-01-23,朝のスムージーがとても美味しくて。 補充もまめにしてくれて 嬉しいです。 ,,,朝のスムージーがとても美味しくて。 補充もまめにしてくれて 嬉しいです。 ,,,明日今日今夜,rakuten_38530_79e0a75e430a268a02fecb3d87a05e49
false,楽天トラベル,5,2026-01-22,以前愛知にあるコンフォートホテルに泊まらせていただき、良かったので選びました。 今回2泊させていただきましたが、朝食のメニューが少し違ったのが嬉しかったです。 朝からサラダスムージーなど健康に気遣ったものもあります。 問題なく過ごせますが、暖房のボタンが少し反応が悪かったです。 ,,,以前愛知にあるコンフォートホテルに泊まらせていただき、良かったので選びました。 今回2泊させていただきましたが、朝食のメニューが少し違ったのが嬉しかったです。 朝からサラダスムージーなど健康に気遣ったものもあります。 問題なく過ごせますが、暖房のボタンが少し反応が悪かったです。 ,,,ゆなちゃん、,rakuten_38530_2f52b4b6d273f81c95c5f372b6aa8245
false,じゃらん,4,2026-01-22,今回初めて夫婦娘息子4人で利用しました。大人の男性2人でセミダブルはきつかったようですが、お部屋は綺麗でバスタブにお湯を張って疲れも取れました。また、朝食は和洋で種類が多くてとても美味しかったです。小さなお子様連れのファミリーも多く人気のホテルだと思いました。機会があったらまた利用したいです。ありがとうございました,,,今回初めて夫婦娘息子4人で利用しました。大人の男性2人でセミダブルはきつかったようですが、お部屋は綺麗でバスタブにお湯を張って疲れも取れました。また、朝食は和洋で種類が多くてとても美味しかったです。小さなお子様連れのファミリーも多く人気のホテルだと思いました。機会があったらまた利用したいです。ありがとうございました,,,ちいむうさん,jalan_332780_97f173ba009554f4f30af5510b6f6bb8
false,Google,4,2026-01-21,,,,,,,ステップワゴン,google_ChIJb0LXwvZcGGARgoK9Zeke02g_021bca2f8b57e968e07ee24b8946478a
false,Booking.com,10,2026-01-21,,朝食付きにしてはお手軽な料金,無し,,朝食付きにしてはお手軽な料金,無し,Yasuhiro,bookingcom_686494_0357a4cfdd3a504fecbcd1553b25df43
false,Trip.com,9,2026-01-21,無料でついていた朝食にスムージーがあったのにびっくりしました。 アメニティは少なく、メイク落とし、化粧水などはありませんが、その分リフレッシュドリンクやコーヒーなどが24時まで飲めたり、サービスがとても良かったです。,,,無料でついていた朝食にスムージーがあったのにびっくりしました。 アメニティは少なく、メイク落とし、化粧水などはありませんが、その分リフレッシュドリンクやコーヒーなどが24時まで飲めたり、サービスがとても良かったです。,,,ゲ‍ス‍ト,trip_1822161476
false,Google,1,2026-01-20,,,,,,,T K,google_ChIJb0LXwvZcGGARgoK9Zeke02g_bfc6f990e2e1c0b75cc3d7ee3a7af774
false,Google,2,2026-01-20,近々リニューアルするからかは不明だが、枕元のコンセントが使えず大変不便。設備がそれぞれ古く使い勝手が悪かったです。 駅近で飲み屋も近くに多かった点は＋と感じました。,,,近々リニューアルするからかは不明だが、枕元のコンセントが使えず大変不便。設備がそれぞれ古く使い勝手が悪かったです。 駅近で飲み屋も近くに多かった点は＋と感じました。,,,saber,google_ChIJb0LXwvZcGGARgoK9Zeke02g_4a6f9664a884fac78e99abada378491f
false,Trip.com,8,2026-01-19,"You may not easy to park inside the hotel carpark as it is limited, but nearby has several carpark also available.",,,ホテルの駐車場は台数に限りがあるため、駐車は容易ではないかもしれませんが、近隣にも複数の駐車場があります。,,,ゲ‍ス‍ト,trip_1819370424
false,楽天トラベル,5,2026-01-19,各地のコンフォートホテルを利用していますが、受付の方の対応も気持ちよく安定のホテルと感じます。ラウンジを利用しましたが、しっぽりと飲食を楽しむことができました。,,,各地のコンフォートホテルを利用していますが、受付の方の対応も気持ちよく安定のホテルと感じます。ラウンジを利用しましたが、しっぽりと飲食を楽しむことができました。,,,ブレード武者,rakuten_38530_8b92f7b7e1f2a22c95bb06238747e9b7
false,Booking.com,10,2026-01-18,,O atendimento é excelente e a localização é perfeita!,Os travesseiros poderiam ser melhores e a internet também.,,サービスは素晴らしく、立地も最高です！,枕はもっと良いものにできるし、インターネットももっと良いものにできるはずだ。,Lucyana,bookingcom_686494_97e8282fdd8b7f92bb14b3ff2a34ba0a
false,楽天トラベル,5,2026-01-18,初めて利用させてもらいました。 スタッフさんの説明が分かりやすく丁寧でした。 お部屋も綺麗で朝食の種類も多く、この値段で泊まれる事にビックリしました。夕食は付いてないですが中華街まで歩いて行ける距離だし周辺にお店が多いので問題ないです。 今回はイベントの為、夫婦2人で利用しましたが、次は家族で利用したいと思いました。,,,初めて利用させてもらいました。 スタッフさんの説明が分かりやすく丁寧でした。 お部屋も綺麗で朝食の種類も多く、この値段で泊まれる事にビックリしました。夕食は付いてないですが中華街まで歩いて行ける距離だし周辺にお店が多いので問題ないです。 今回はイベントの為、夫婦2人で利用しましたが、次は家族で利用したいと思いました。,,,みぃなさん,rakuten_38530_f6eba215b59b237109ad925cdc2e0d95
false,楽天トラベル,5,2026-01-17,駅からすぐ近くで、旅行疲れのわたしたちにとってすごく嬉しかったです。朝食はまだいただいてませんが、お部屋でもいただけるそうです。嬉しい心遣いですね。  スタッフさんの対応も丁寧でした。 また宿泊します。,,,駅からすぐ近くで、旅行疲れのわたしたちにとってすごく嬉しかったです。朝食はまだいただいてませんが、お部屋でもいただけるそうです。嬉しい心遣いですね。  スタッフさんの対応も丁寧でした。 また宿泊します。,,,高橋さんです,rakuten_38530_1ea52ccae9c868495a3557f7de1e0412
false,Trip.com,9,2026-01-17,房間乾淨清爽，服務超好，推薦。,,,部屋は清潔で整頓されており、サービスも素晴らしかったです。強くお勧めします。,,,ゲ‍ス‍ト,trip_1817854460
false,Booking.com,8,2026-01-17,,,,,,,Takeshi,bookingcom_686494_473a9bd8ecb5d26f8fb42593e936ba2c
false,じゃらん,4,2026-01-17,今回、箱根駅伝初観戦がメイン目的の家族旅行でしたが、土地勘がない私たちにとって、目的地までの移動手段や時間など調べてきたものの、何となく不安がある中、わかりやすくアドバイスしてくださったのは、とても助けられました。また、チェックイン前、チェックアウト後でも利用できるライブラリーカフェは、子どもたちも気に入って、フリードリンクなども充実していました。さらに、チェックアウト後でも荷物を預かっていただけたのは、子連れで荷物が多い中、とてもありがたかったです。子連れ家族旅行に、オススメ出来るホテルです！,,,今回、箱根駅伝初観戦がメイン目的の家族旅行でしたが、土地勘がない私たちにとって、目的地までの移動手段や時間など調べてきたものの、何となく不安がある中、わかりやすくアドバイスしてくださったのは、とても助けられました。また、チェックイン前、チェックアウト後でも利用できるライブラリーカフェは、子どもたちも気に入って、フリードリンクなども充実していました。さらに、チェックアウト後でも荷物を預かっていただけたのは、子連れで荷物が多い中、とてもありがたかったです。子連れ家族旅行に、オススメ出来るホテルです！,,,ひまわりさん,jalan_332780_90a2375357408cfd4371b2f1b4ec3353
false,じゃらん,5,2026-01-17,今回、箱根駅伝初観戦がメイン目的の家族旅行でしたが、土地勘がない私たちにとって、目的地までの移動手段や時間など調べてきたものの、何となく不安がある中、わかりやすくアドバイスしてくださったのは、とても助けられました。また、チェックイン前、チェックアウト後でも利用できるライブラリーカフェは、子どもたちも気に入って、フリードリンクなども充実していました。さらに、チェックアウト後でも荷物を預かっていただけたのは、子連れで荷物が多い中、とてもありがたかったです。子連れ家族旅行に、オススメ出来るホテルです！,,,今回、箱根駅伝初観戦がメイン目的の家族旅行でしたが、土地勘がない私たちにとって、目的地までの移動手段や時間など調べてきたものの、何となく不安がある中、わかりやすくアドバイスしてくださったのは、とても助けられました。また、チェックイン前、チェックアウト後でも利用できるライブラリーカフェは、子どもたちも気に入って、フリードリンクなども充実していました。さらに、チェックアウト後でも荷物を預かっていただけたのは、子連れで荷物が多い中、とてもありがたかったです。子連れ家族旅行に、オススメ出来るホテルです！,,,ひまわりさん,jalan_332780_8649d2e1376568db42b74fc9e8d9c720
false,楽天トラベル,4,2026-01-16,ライブラリーでの無料カフェ、朝食付きは、コストパフォーマンスに優れており、利便性でも満足できました。,,,ライブラリーでの無料カフェ、朝食付きは、コストパフォーマンスに優れており、利便性でも満足できました。,,,akiaki3931,rakuten_38530_d9c3b85ec460327f2c7925b64f51c9d7
false,Agoda,7,2026-01-16,近くにコンビニや居酒屋があるので、夕食は困りません。,,,近くにコンビニや居酒屋があるので、夕食は困りません。,,,asano,agoda_193987_d0d98797f1dec041189ae2d6785dca37
false,Google,5,2026-01-15,,,,,,,打工人梦想家,google_ChIJb0LXwvZcGGARgoK9Zeke02g_9d1994d0722c979a0ea253356844eb03
false,Agoda,9,2026-01-15,無料の朝食も美味しく、ウエルカムドリンクも24時までと長く、デカフェの紅茶も準備してあり、嬉しかったです。,,,無料の朝食も美味しく、ウエルカムドリンクも24時までと長く、デカフェの紅茶も準備してあり、嬉しかったです。,,,satomi,agoda_193987_410adb18517598bc44e6473e34af4064
false,楽天トラベル,4,2026-01-15,地下鉄関内すぐそばで、部屋は綺麗で快適です。 朝食は体に良さそうなものが多く、スッキリした朝を迎えられました。,,,地下鉄関内すぐそばで、部屋は綺麗で快適です。 朝食は体に良さそうなものが多く、スッキリした朝を迎えられました。,,,みる猫2222,rakuten_38530_858df6a59ccfaeb4da7eb62e2411d419
false,じゃらん,5,2026-01-15,２泊しましたがお部屋は清潔で使いやすく朝食も美味しかったです。  また機会があれば利用したいと思います。  有難うございました。,,,２泊しましたがお部屋は清潔で使いやすく朝食も美味しかったです。  また機会があれば利用したいと思います。  有難うございました。,,,やよさん,jalan_332780_5d18efcc9e068f6425bc9807007fa935
false,楽天トラベル,4,2026-01-14,部屋が綺麗でとても良かったです。 朝食のバイキングにもう少しメニューがあると嬉しかったです。,,,部屋が綺麗でとても良かったです。 朝食のバイキングにもう少しメニューがあると嬉しかったです。,,,ひろ1125,rakuten_38530_2d04d1f8a39692b75fce4ca36f32ebb4
false,じゃらん,5,2026-01-14,年に１度、横浜出張があり数人で横浜中華街で食事をして徒歩でホテルまで行っています。JRの駅もとても近く最高の利便性ですので毎年利用させていただいております。,,,年に１度、横浜出張があり数人で横浜中華街で食事をして徒歩でホテルまで行っています。JRの駅もとても近く最高の利便性ですので毎年利用させていただいております。,,,ヨシヨシさん,jalan_332780_1d1fb9961a6c515bfb15c72d32679c54
false,じゃらん,4,2026-01-14,"The staff were very friendly during check-in and check-out, and it's conveniently located near Yokohama's famous port attractions; the rooms, though a bit dated, are clean and well-maintained.",,,チェックインとチェックアウト時のスタッフの対応はとても親切で、横浜の有名な港湾観光スポットにも近く便利な立地です。部屋はやや古さは感じますが、清潔で手入れが行き届いています。,,,Traveltigerさん,jalan_332780_f770158911467d99d15748bb99d118cd
false,Booking.com,5,2026-01-13,,"Simples, limpo e confortável","Uma fila gigantesca para tomar o café da manhã, não havia mesas o suficiente! Acabamos desistindo do café da manhã.",,シンプルで清潔、そして快適。,朝食には長蛇の列ができていて、テーブルが足りなかった！結局、朝食は諦めた。,Daiane,bookingcom_686494_c5f7c2b31f5925b25889f98245683ba1
false,Trip.com,9,2026-01-13,接客と良かったのでまた泊まりたいです。 ありがとうございました。,,,接客と良かったのでまた泊まりたいです。 ありがとうございました。,,,S‍a‍k‍u‍s‍a‍k‍u‍7‍1‍5,trip_1813367692
false,Trip.com,10,2026-01-13,設施：齊全 衞生：乾淨 環境：整潔,,,設備：完備；衛生状態：清潔；環境：整頓されている,,,M‍5‍9‍1‍2‍0‍6‍*‍*‍*‍*,trip_1813796075
false,Google,4,2026-01-13,,,,,,,かんぼぉー,google_ChIJb0LXwvZcGGARgoK9Zeke02g_f4d3ca7faeaefed83d0cfe3a7ac5a333
false,じゃらん,4,2026-01-12,友達とライブに行った際に利用させていただきました。  ウェルカムドリンクや朝食サービスが付いてこのお値段は満足です。  朝食のメニューも意外とあったのでお腹いっぱいいただきました。  お部屋も思っていたより広くて清潔感があり快適に過ごせました。  ただエレベーターが遅いうえに狭くて時間帯によっては何度か待たないと乗れなかったことと朝食会場が狭かったことが少々不便でした。  ですがまた機会があれば利用させていただきたいと思います。,,,友達とライブに行った際に利用させていただきました。  ウェルカムドリンクや朝食サービスが付いてこのお値段は満足です。  朝食のメニューも意外とあったのでお腹いっぱいいただきました。  お部屋も思っていたより広くて清潔感があり快適に過ごせました。  ただエレベーターが遅いうえに狭くて時間帯によっては何度か待たないと乗れなかったことと朝食会場が狭かったことが少々不便でした。  ですがまた機会があれば利用させていただきたいと思います。,,,miracle-renchanさん,jalan_332780_60f51a55f1d4eb2da743dc7db9b6f4f1
false,Trip.com,8,2026-01-12,チェックイン、チェックアウトとも機械でやりますがちゃんと職員による説明があり分かりやすく、スムーズで混雑する事なかったのが良かったです。 ホテル自体は古い感じは否めなく、お風呂の栓をするところの蓋のようなものが何度も外れて気持ち悪かったです。良くなかったのはそれくらいで、無料の朝食は結構充実していて美味しかったです。会場が狭いのでかなり混雑してて部屋に持ち帰って食べました。料金も3連休なのにかなりリーズナブルで助かりました！,,,チェックイン、チェックアウトとも機械でやりますがちゃんと職員による説明があり分かりやすく、スムーズで混雑する事なかったのが良かったです。 ホテル自体は古い感じは否めなく、お風呂の栓をするところの蓋のようなものが何度も外れて気持ち悪かったです。良くなかったのはそれくらいで、無料の朝食は結構充実していて美味しかったです。会場が狭いのでかなり混雑してて部屋に持ち帰って食べました。料金も3連休なのにかなりリーズナブルで助かりました！,,,ま‍ー‍さ‍m‍a‍-‍s‍a,trip_1812412098
false,じゃらん,5,2026-01-12,友達とライブに行った際に利用させていただきました。  ウェルカムドリンクや朝食サービスが付いてこのお値段は満足です。  朝食のメニューも意外とあったのでお腹いっぱいいただきました。  お部屋も思っていたより広くて清潔感があり快適に過ごせました。  ただエレベーターが遅いうえに狭くて時間帯によっては何度か待たないと乗れなかったことと朝食会場が狭かったことが少々不便でした。  ですがまた機会があれば利用させていただきたいと思います。,,,友達とライブに行った際に利用させていただきました。  ウェルカムドリンクや朝食サービスが付いてこのお値段は満足です。  朝食のメニューも意外とあったのでお腹いっぱいいただきました。  お部屋も思っていたより広くて清潔感があり快適に過ごせました。  ただエレベーターが遅いうえに狭くて時間帯によっては何度か待たないと乗れなかったことと朝食会場が狭かったことが少々不便でした。  ですがまた機会があれば利用させていただきたいと思います。,,,miracle-renchanさん,jalan_332780_dd67eace335ae67c90bc39be8a90451a
false,Trip.com,9,2026-01-12,関内駅だけでなく、馬車道駅にも比較的近いので、中華街やみなとみらいとの行き来にも便利でした。 子供の添い寝無料と朝ごはんまで無料で頂けてとてもありがたかったです。また利用したいです。,,,関内駅だけでなく、馬車道駅にも比較的近いので、中華街やみなとみらいとの行き来にも便利でした。 子供の添い寝無料と朝ごはんまで無料で頂けてとてもありがたかったです。また利用したいです。,,,ゲ‍ス‍ト,trip_1812691028
false,楽天トラベル,5,2026-01-12,安定のコンフォートホテルさんで、ベッドの質やおいしい朝食など安心して利用できました。 また予約していたベビーベットですが、清潔な枕やお布団もセットで用意してくださり赤ちゃんも快適に眠れた様です。ありがとうございました。,,,安定のコンフォートホテルさんで、ベッドの質やおいしい朝食など安心して利用できました。 また予約していたベビーベットですが、清潔な枕やお布団もセットで用意してくださり赤ちゃんも快適に眠れた様です。ありがとうございました。,,,はま8231,rakuten_38530_cbea3620f69bc6897b11d79dce8aae3f
false,楽天トラベル,4,2026-01-12,部屋は狭めでしたがテーブルが広くて使いやすかった。朝食もそれなりに満足でしたが、部屋数の割に食堂が狭く長蛇の列、時間ずらしても混雑！ここぞと思って行った時にはお味噌汁おしまい！中華スープのみ。私ら年寄りにはご飯にお味噌汁でしょう！残念。でも連泊割にはタオルセットドアノブにつるしておいてくれてとてもありがたかったです。,,,部屋は狭めでしたがテーブルが広くて使いやすかった。朝食もそれなりに満足でしたが、部屋数の割に食堂が狭く長蛇の列、時間ずらしても混雑！ここぞと思って行った時にはお味噌汁おしまい！中華スープのみ。私ら年寄りにはご飯にお味噌汁でしょう！残念。でも連泊割にはタオルセットドアノブにつるしておいてくれてとてもありがたかったです。,,,たかつき1949,rakuten_38530_ba609b44a1af4523c430c8cfe617477b
false,Booking.com,4,2026-01-12,,,,,,,Yayoi,bookingcom_686494_a53f61eee0df54823e0a1ca376f59bf2
false,Google,1,2026-01-11,非常に不快な滞在でした。再訪はありません。,,,非常に不快な滞在でした。再訪はありません。,,,11 :21,google_ChIJb0LXwvZcGGARgoK9Zeke02g_1f798c9a3bdc48ef9525cd09d08a9557
false,楽天トラベル,4,2026-01-11,２回目の利用。最寄り駅から近く、静かで快適な点がリピートの理由です。またお世話になります。,,,２回目の利用。最寄り駅から近く、静かで快適な点がリピートの理由です。またお世話になります。,,,旅の者です,rakuten_38530_d01650d48a374c6c4deb6914b7743510
false,楽天トラベル,3,2026-01-11,1日目と2日目は携帯が圏外でした。内側の部屋なのでそんなもんかと思ってましたがら三日目からは電波来てました。15F まあ、wifiあれば困りませんが、人によっては困るかと,,,1日目と2日目は携帯が圏外でした。内側の部屋なのでそんなもんかと思ってましたがら三日目からは電波来てました。15F まあ、wifiあれば困りませんが、人によっては困るかと,,,Branded,rakuten_38530_13df8d23476a4c3dc2f5b38cbf8d2112
false,Trip.com,10,2026-01-11,関内駅近で横浜観光ロケーション最高。 施設も充分コスパ良です。,,,関内駅近で横浜観光ロケーション最高。 施設も充分コスパ良です。,,,ゲ‍ス‍ト,trip_1811769948
false,Booking.com,8,2026-01-10,,,,,,,Kawahara,bookingcom_686494_e07fbd3720de807a85c7107abd06a97c
false,Booking.com,8,2026-01-10,,,,,,,ヒトミ,bookingcom_686494_498424993442638a81d4ecbd37d30733
false,Booking.com,1,2026-01-10,,,隣，外の声が丸聞こえ狭い  朝食会場が狭い料理は少ない  写真イメージと大きく違う,,,隣，外の声が丸聞こえ狭い  朝食会場が狭い料理は少ない  写真イメージと大きく違う,Takuoki,bookingcom_686494_cc500d8053abfc64ca8ecab4f1e6341e
false,Trip.com,7,2026-01-09,横浜宿泊時、いつも使っているホテルです。 いつも使っているので快適に過ごせています。 朝食付きで価格も安くコスパはいいと思います。 朝食の品が減ったような気はしますが。,,,横浜宿泊時、いつも使っているホテルです。 いつも使っているので快適に過ごせています。 朝食付きで価格も安くコスパはいいと思います。 朝食の品が減ったような気はしますが。,,,ば‍た‍や‍ん,trip_1809378012
false,Booking.com,7,2026-01-08,,,,,,,Hideaki,bookingcom_686494_47ac1878f9d0b1e561032f9be299060a
false,Google,4,2026-01-08,,,,,,,H TM,google_ChIJb0LXwvZcGGARgoK9Zeke02g_4c511505bebdd10856561e6f78144035
false,Trip.com,10,2026-01-07,出張の際は最優先で空き状況を確認するほど、お気に入りのホテルです。立地条件もいいし、何より朝食があるのが非常にありがたいです。言うこと無し！,,,出張の際は最優先で空き状況を確認するほど、お気に入りのホテルです。立地条件もいいし、何より朝食があるのが非常にありがたいです。言うこと無し！,,,ゲ‍ス‍ト,trip_1807876120
false,楽天トラベル,2,2026-01-07,朝食が食べられなかった。 席がなかなか空かないから部屋に持ち帰える弁当の容器を頂いたが料理が無くご飯とスープしか無いので、朝食はチェックアウト後に朝食を食べました。 朝食をサービスとうたっているから食べられなくても仕方ないのかなと思いました？,,,朝食が食べられなかった。 席がなかなか空かないから部屋に持ち帰える弁当の容器を頂いたが料理が無くご飯とスープしか無いので、朝食はチェックアウト後に朝食を食べました。 朝食をサービスとうたっているから食べられなくても仕方ないのかなと思いました？,,,モリのクマさん,rakuten_38530_5b443b7e63188159148b9fca3a55c7fb
false,Agoda,7,2026-01-06,２泊しました。立地が良く、横浜の観光地や東京にも行きやすい。車で行きましたが、ホテル駐車場は先着８台程度で停められず、１日目はＧＳパーク関内(近いが割引時間外が高い)、２日目は羽衣・伊勢佐木地下駐車場(少し歩くが24h停めて1200円)に停めました。,,,２泊しました。立地が良く、横浜の観光地や東京にも行きやすい。車で行きましたが、ホテル駐車場は先着８台程度で停められず、１日目はＧＳパーク関内(近いが割引時間外が高い)、２日目は羽衣・伊勢佐木地下駐車場(少し歩くが24h停めて1200円)に停めました。,,,YUJI,agoda_193987_d6a2a488d4d40fd2167a9b18bb37a882
false,Trip.com,9,2026-01-06,"The hotel is in an excellent location, close to many tourist attractions in the area, making it possible to visit several of them on foot. Although there are few parking spaces available, the hotel has partnerships with nearby parking lots for overnight stays, with very reasonable rates. The room cleanliness would have been excellent if it weren’t for the dust on the curtains. My son touched the curtain, which triggered our rhinitis, and we had to take antihistamines in order to sleep comfortably. Breakfast is good, but on our second and last day, which was a Saturday, it was chaotic. There were long lines, and it was not possible to serve ourselves more than once. Since the tray is not large enough and many items ran out quickly, we did not eat as well as we did on the previous day.",,,ホテルは絶好のロケーションにあり、周辺の多くの観光名所に近く、徒歩でいくつか訪れることができます。駐車スペースは少ないですが、ホテルは近隣の駐車場と提携しており、宿泊客は非常にリーズナブルな料金で利用できます。カーテンに埃が付いていなければ、部屋の清潔さは申し分なかったでしょう。息子がカーテンに触れたことで鼻炎が悪化し、快適に眠るために抗ヒスタミン剤を服用しなければなりませんでした。朝食は美味しいのですが、2日目で最終日だった土曜日は大混乱でした。長い行列ができ、1回しか取りに行けませんでした。トレイが小さすぎ、多くの品物がすぐに売り切れてしまったため、前日ほど美味しく食べることができませんでした。,,,ゲ‍ス‍ト,trip_1806197964
false,Trip.com,10,2026-01-06,這間飯店位置超好不管是地鐵或是JR都超級近的還有免費的水茶咖啡可以喝，尤其檸檬水超級無敵好喝！飯店早餐菜色有變化很讚呦,,,このホテルは地下鉄とJR線の両方に非常に近い、素晴らしい立地です。無料の水、紅茶、コーヒーも提供しており、特にレモネードは絶品です！ホテルの朝食メニューは頻繁に変わるので、それも大きな魅力です。,,,ゲ‍ス‍ト,trip_1806204288
false,楽天トラベル,5,2026-01-06,いつもお世話になっています。 立地も朝食もベッドも最高なのですが、なぜかいつも髪の毛が浴槽と流しに落ちています。 次回に期待です！,,,いつもお世話になっています。 立地も朝食もベッドも最高なのですが、なぜかいつも髪の毛が浴槽と流しに落ちています。 次回に期待です！,,,watta228,rakuten_38530_533f6d03057ab9a252a3cecbcf4951bc
false,Booking.com,5,2026-01-06,,離地鐵近,電梯只有兩台 要等很久 房間沒有很乾淨 只有暖氣沒有冷氣 沒有提供加溼器 很悶熱很乾,,地下鉄駅に近い,エレベーターは2基しかなかったので、待ち時間が非常に長かった。部屋はあまり清潔ではなく、暖房はあったものの冷房はなく、加湿器も備え付けられていなかったため、非常に蒸し暑く乾燥していた。,Hsinyin,bookingcom_686494_31ee8500d84c159fd3f2163b26593a39
false,Booking.com,8,2026-01-05,,　ロケーション。 　無料朝食で量、質とも、とても充実しているところ。 　スタッフの対応がとても丁寧。,朝食の場所、通り道がもう少し広いとよいかなと思いました。,,　ロケーション。 　無料朝食で量、質とも、とても充実しているところ。 　スタッフの対応がとても丁寧。,朝食の場所、通り道がもう少し広いとよいかなと思いました。,Ｈideaki,bookingcom_686494_cc2022267f798e5bd997d8f00f24e0fb
false,Booking.com,8,2026-01-05,,Lacalizacao,Banheiro com cheiro,,ローカリゼーション,トイレの臭い,Cleber,bookingcom_686494_b8998e8f1083356068f777259c396b27
false,Trip.com,8,2026-01-05,フロントの方も対応が良く同じフロアにドリンクサービスもあり、良かったです。 アメニティは必要な物をお部屋に持って行くことができます。 朝食が付いているので、しっかりといただくことができました。美味しかったですよ。,,,フロントの方も対応が良く同じフロアにドリンクサービスもあり、良かったです。 アメニティは必要な物をお部屋に持って行くことができます。 朝食が付いているので、しっかりといただくことができました。美味しかったですよ。,,,ゲ‍ス‍ト,trip_1805566172
false,Booking.com,9,2026-01-05,,"Great location with eating places, shopping and attractions nearby .",,,飲食店、ショッピング施設、観光スポットが近くにあり、絶好のロケーションです。,,Robert,bookingcom_686494_c76ea4e6ee23d6bc56144233ab24c2d0
false,Booking.com,7,2026-01-05,,,,,,,Doihara,bookingcom_686494_8bd083d66c5618afde149e9b7f1a6d01
false,Booking.com,5,2026-01-05,,,,,,,木村,bookingcom_686494_d7c64f4f61f72615902cba9bedc2dfea
false,Booking.com,9,2026-01-05,,"The staff very kind, room is comfy, breakfast so delicious.",,,スタッフはとても親切で、部屋は快適で、朝食はとても美味しかったです。,,Rini,bookingcom_686494_6c70360c5921c5d7169a39af9d490838
false,Trip.com,10,2026-01-04,関内駅から徒歩5分ほどで、近くにコンビニもあり便利でした。 部屋は比較的広く、通常のビジネスホテルより滞在しやすかったです。 無料の朝食は座るために並ぶだけでなく、席を確保できたあとも食事をとるのにかなり並びました。,,,関内駅から徒歩5分ほどで、近くにコンビニもあり便利でした。 部屋は比較的広く、通常のビジネスホテルより滞在しやすかったです。 無料の朝食は座るために並ぶだけでなく、席を確保できたあとも食事をとるのにかなり並びました。,,,ゲ‍ス‍ト,trip_1803644562
false,楽天トラベル,4,2026-01-04,アメニティが最低限しかなかったので、女性の場合、一式もっていく必要があった。男だったら問題なし。,,,アメニティが最低限しかなかったので、女性の場合、一式もっていく必要があった。男だったら問題なし。,,,JIN JIN,rakuten_38530_fd2efe97ac88eb6982e99a077003f8cd
false,楽天トラベル,4,2026-01-04,大人2人、小学生2人で利用しました。 小学生の添い寝無料はとてもありがたかったです。 (ベッドは余裕で添い寝できる幅でした) 駐車場は満車で停められませんでしたが、フロントで周辺駐車場の用紙をいただけました。 徒歩で中華街や赤レンガ倉庫に出かけられたのでとても便利でした。 ホテルの周辺にコンビニやスーパーがあったので、買い物にも困らないと思います。 スタッフの方々の対応もよかったです！  ,,,大人2人、小学生2人で利用しました。 小学生の添い寝無料はとてもありがたかったです。 (ベッドは余裕で添い寝できる幅でした) 駐車場は満車で停められませんでしたが、フロントで周辺駐車場の用紙をいただけました。 徒歩で中華街や赤レンガ倉庫に出かけられたのでとても便利でした。 ホテルの周辺にコンビニやスーパーがあったので、買い物にも困らないと思います。 スタッフの方々の対応もよかったです！  ,,,UKaKU,rakuten_38530_45538a35c676ef3f46981a3fab4eb079
false,楽天トラベル,5,2026-01-04,家族4人とてもお安く泊まりました。 無料朝食済みなので文句なしです。 朝食は時間帯によっては混みますので、要注意です。 この価格とお部屋と立地を考えれば最高です。 駐車場と提携駐車場に停めましたが遠くなく使いやすかったです。,,,家族4人とてもお安く泊まりました。 無料朝食済みなので文句なしです。 朝食は時間帯によっては混みますので、要注意です。 この価格とお部屋と立地を考えれば最高です。 駐車場と提携駐車場に停めましたが遠くなく使いやすかったです。,,,ささかまとエリンギ,rakuten_38530_342892e5e724d116454ebdccea41be38
false,Booking.com,9,2026-01-04,,,,,,,Shinya,bookingcom_686494_9953d3b7749c0d9659a01b82cbbf6cf4
false,Booking.com,7,2026-01-04,,無料の朝食,防音性があまり高くない,,無料の朝食,防音性があまり高くない,Harda,bookingcom_686494_a9dfc452d1d655239eea4019286846b9
false,Booking.com,6,2026-01-04,,The location was ok. The member of staff (gentleman) who greeted us was very kind and exceptionally helpful.,"The breakfast was a shambles. It is no surprise that guests were invited to take food to their rooms - there was no room for even half of us in the dining room. We were required to queue for up to 15 minutes (on both days) to be allowed into the cramped and chaotic breakfast room. Once in line they ran out of cutlery and crockery). Guests were required to push and shove in the narrow spaces. To ad insult to injury, the curtains were drawn declaring breakfast closed 30 minutes before we were required to vacate the dining room (if one can call it that). The breakfast itself was pretty good - a good selection although not the hottest/freshest cooked food.  This hotel really needs to consider developing its facilities if it wishes to continue serving so many guests.",,立地は悪くなかった。出迎えてくれたスタッフ（男性）はとても親切で、大変助かりました。,朝食はひどいものでした。宿泊客が部屋に食事を持ち帰るよう勧められたのも当然です。ダイニングルームには私たちの半分も入るスペースがありませんでした。狭くて混沌とした朝食ルームに入るために、両日とも最大15分も列に並ばなければなりませんでした。列に並んでいると、カトラリーや食器がなくなってしまいました。宿泊客は狭いスペースで押し合いへし合いしなければなりませんでした。さらに悪いことに、ダイニングルーム（もしそれをダイニングルームと呼べるなら）から退去するよう求められる30分前に、朝食終了を告げるカーテンが下ろされました。朝食自体はまあまあでした。種類は豊富でしたが、出来立ての料理はそれほど熱々ではありませんでした。このホテルは、これほど多くの宿泊客を受け入れ続けたいのであれば、設備の改善を真剣に検討する必要があるでしょう。,Jason,bookingcom_686494_085347f565e3620ffe4464fd59126564
false,Booking.com,6,2026-01-03,,,,,,,Nami,bookingcom_686494_4950531132fbdd7da7b956f2e83825ef
false,Booking.com,6,2026-01-03,,,,,,,Kaori,bookingcom_686494_f392345fff00ab135b72fc2ce864620c
false,楽天トラベル,5,2026-01-03,ビジネス使いでしたが、問題なく泊まれました。,,,ビジネス使いでしたが、問題なく泊まれました。,,,そーーーす,rakuten_38530_3df151c8ed1fa455b170f1f548bbb78f
false,楽天トラベル,5,2026-01-03,元旦に家族４人で宿泊させて頂きました。この値段でとてもお部屋も清潔で気持ちよく過ごせました。ドリンク無料のライブラリーカフェも興味深い本が置かれてあり、とても印象的でした。また是非宿泊したいです。,,,元旦に家族４人で宿泊させて頂きました。この値段でとてもお部屋も清潔で気持ちよく過ごせました。ドリンク無料のライブラリーカフェも興味深い本が置かれてあり、とても印象的でした。また是非宿泊したいです。,,,ピカピカピカ,rakuten_38530_6599edd25e53832af436ad2b4cbd5410
false,Google,4,2026-01-03,繁華街や観光スポットの中心であり、とっても便利な立地。基本的に朝食が付いている宿泊プランのようで朝ご飯が美味しかった。 コインランドリーに洗濯機が3台・乾燥機が3台 エレベーターは2基あるが、 チェックアウト地には混雑するので余裕を持って準備した方が良いかも。  この辺には飲食店が無数にあり、夜も昼も安心。 駅も近いので空港へもいいし、鎌倉方面へも近い。 「また泊まりたい宿100選」に登録します。,,,繁華街や観光スポットの中心であり、とっても便利な立地。基本的に朝食が付いている宿泊プランのようで朝ご飯が美味しかった。 コインランドリーに洗濯機が3台・乾燥機が3台 エレベーターは2基あるが、 チェックアウト地には混雑するので余裕を持って準備した方が良いかも。  この辺には飲食店が無数にあり、夜も昼も安心。 駅も近いので空港へもいいし、鎌倉方面へも近い。 「また泊まりたい宿100選」に登録します。,,,H Y (ヨネスーイッチ),google_ChIJb0LXwvZcGGARgoK9Zeke02g_20d3810c21732478b855a72292df2edf
false,じゃらん,4,2026-01-03,お正月に利用させて頂きました  部屋が広く掃除も行き届いていて快適でした  お正月の混雑時だった為 朝食が非常に混雑していて  食べられませんでした… やむ得ませんが食べたかったです… また機会があれば利用したいです  駅付近なので飲食店も多くあり便利だと思います,,,お正月に利用させて頂きました  部屋が広く掃除も行き届いていて快適でした  お正月の混雑時だった為 朝食が非常に混雑していて  食べられませんでした… やむ得ませんが食べたかったです… また機会があれば利用したいです  駅付近なので飲食店も多くあり便利だと思います,,,まこさん,jalan_332780_e009ffd7fa63f1ea7f1c9eb8eb6cf2d2
false,じゃらん,5,2026-01-03,お正月に利用させて頂きました  部屋が広く掃除も行き届いていて快適でした  お正月の混雑時だった為 朝食が非常に混雑していて  食べられませんでした… やむ得ませんが食べたかったです… また機会があれば利用したいです  駅付近なので飲食店も多くあり便利だと思います,,,お正月に利用させて頂きました  部屋が広く掃除も行き届いていて快適でした  お正月の混雑時だった為 朝食が非常に混雑していて  食べられませんでした… やむ得ませんが食べたかったです… また機会があれば利用したいです  駅付近なので飲食店も多くあり便利だと思います,,,まこさん,jalan_332780_cab1c911c7fe2e7f6b6c81aeae8eef6c
false,Booking.com,8,2026-01-02,,場所が便利 朝食が無料でついての食べ応えあり 清潔感あり,アパと向かい合わせで丸見えでした,,場所が便利 朝食が無料でついての食べ応えあり 清潔感あり,アパと向かい合わせで丸見えでした,市川,bookingcom_686494_85559690e90f442f3fea2eda3786ca62
false,Agoda,6,2026-01-02,朝食無料が決めてでしたが、この日はとても混んでいて、食事どこの入り口ですでに行列ができていました。部屋持ち込みの弁当詰めだとすぐに取れるとのことで、そちらを選択しましたが、量が思ったほど入れられず、期待していた朝食にはなりませんでした。,,,朝食無料が決めてでしたが、この日はとても混んでいて、食事どこの入り口ですでに行列ができていました。部屋持ち込みの弁当詰めだとすぐに取れるとのことで、そちらを選択しましたが、量が思ったほど入れられず、期待していた朝食にはなりませんでした。,,,naoki,agoda_193987_e6728969cc9f07198dc6bf76d1f0977a
false,Booking.com,7,2026-01-02,,The location was good.,It was a bit out dated.,,立地は良かった。,少し時代遅れだった。,Rose,bookingcom_686494_0931bc4b843ce2094ca2535669944e37
false,Booking.com,8,2026-01-02,,,,,,,Katai,bookingcom_686494_6e63dcda3fac09f5c00134595720bd6d
false,Trip.com,10,2026-01-01,関内駅から近く、立地がとても便利でした。横浜スタジアムや中華街にも歩いて行けて観光に最適です。 客室は清潔感があり、ベッドも快適でゆっくり休めました。スタッフの方の対応も丁寧で安心感があります。 無料の朝食も思っていた以上に種類があり、コスパの良いホテルだと感じました。 横浜に来る際は、また利用したいと思います,,,関内駅から近く、立地がとても便利でした。横浜スタジアムや中華街にも歩いて行けて観光に最適です。 客室は清潔感があり、ベッドも快適でゆっくり休めました。スタッフの方の対応も丁寧で安心感があります。 無料の朝食も思っていた以上に種類があり、コスパの良いホテルだと感じました。 横浜に来る際は、また利用したいと思います,,,岡‍田‍明,trip_1799799862
false,Agoda,6,2026-01-01,上記の通りです,,,上記の通りです,,,AKIHITO,agoda_193987_fce158eee09e5c83309ca54e0f220222
false,Trip.com,8,2026-01-01,幫朋友訂的酒店，反饋下來都還不錯，性價比還是非常的高，周邊也是非常的繁華方便，距離山下公園非常的近，中華街也不算遠！,,,友人のためにこのホテルを予約したのですが、評判はとても良かったようです。料金も手頃で、周辺は賑やかで便利、山の麓にある公園にも近く、チャイナタウンもそ​​れほど遠くないとのこと！,,,D‍o‍n‍g‍y‍i‍n‍l‍i‍t‍a‍o‍t‍a‍o,trip_1800392859
false,Booking.com,10,2026-01-01,,,,,,,Thuan,bookingcom_686494_94da4d816de25e832b40751682df8490
false,Booking.com,8,2026-01-01,,,,,,,Ayana,bookingcom_686494_9e4286a43b3fd4d826a20e28836b9920
false,Agoda,9,2026-02-28,値段はリーズナブルだけど部屋は清潔だった。無料でカフェが使えるし朝食はとてもおいしかった。食堂が狭いので並びました。,,,値段はリーズナブルだけど部屋は清潔だった。無料でカフェが使えるし朝食はとてもおいしかった。食堂が狭いので並びました。,,,Mina,agoda_193987_6840c95a585c570f5b8825badde4c29e
false,Booking.com,6,2026-02-27,,,,,,,進藤,bookingcom_686494_cd6fa4e1217f19cd2e099caffb868eb2
false,Agoda,9,2026-02-27,チェックインがスムーズにできて、快適だった。提携駐車場もあり、車で来ても駐車場の心配がない。また利用します。,,,チェックインがスムーズにできて、快適だった。提携駐車場もあり、車で来ても駐車場の心配がない。また利用します。,,,TAKAHIRO,agoda_193987_5f84883b4d49f4e70d389e06e25b5111
false,楽天トラベル,5,2026-02-27,駅から近く、お手頃な価格で朝食まで付いてくるのでとても満足出来ました。コーヒーやお茶、お水などのドリンクバーもあり、スタッフの方も親切でした。 ただ、泊まった部屋が、ユニットバスとの段差が結構高く何回か引っかかりそうになったので、気をつけた方が良いと思います。蛇口から出るお水は飲料可となってますが、実際にお湯を沸かそうと水を入れた所、小さい黒い鉄？砂？みたいなのが出てきたので使用せず、ドリンクバーの所でお湯を貰いに行きました。気になった所はありましたが、価格立地含めまた利用したいと思います。ありがとうございました。,,,駅から近く、お手頃な価格で朝食まで付いてくるのでとても満足出来ました。コーヒーやお茶、お水などのドリンクバーもあり、スタッフの方も親切でした。 ただ、泊まった部屋が、ユニットバスとの段差が結構高く何回か引っかかりそうになったので、気をつけた方が良いと思います。蛇口から出るお水は飲料可となってますが、実際にお湯を沸かそうと水を入れた所、小さい黒い鉄？砂？みたいなのが出てきたので使用せず、ドリンクバーの所でお湯を貰いに行きました。気になった所はありましたが、価格立地含めまた利用したいと思います。ありがとうございました。,,,シークエン,rakuten_38530_059de5a5db17dfdb5c10071185e80366
false,じゃらん,5,2026-02-27,出張で利用させていただきました。  関内駅から海側にすぐのところにあり、ビジネスマンにとってはとても良い立地です。  JR線路よりも伊勢崎町側にもホテルはたくさんありますが移動に意外と時間かかるので、みなとみらい地区に用事がある方にはオススメのホテルです。  食事も無料にしてはよかったです。,,,出張で利用させていただきました。  関内駅から海側にすぐのところにあり、ビジネスマンにとってはとても良い立地です。  JR線路よりも伊勢崎町側にもホテルはたくさんありますが移動に意外と時間かかるので、みなとみらい地区に用事がある方にはオススメのホテルです。  食事も無料にしてはよかったです。,,,ぱおぱおさん,jalan_332780_02fddd42ab730d0b60707b1af1ec0064
false,楽天トラベル,3,2026-02-26,三連休に2泊利用しました。 館内順次リニューアル工事中のようで、設備の古さやシャワーの漏れ具合を見て納得しました。 立地は申し分ないので多くを望まなければ必要十分です。,,,三連休に2泊利用しました。 館内順次リニューアル工事中のようで、設備の古さやシャワーの漏れ具合を見て納得しました。 立地は申し分ないので多くを望まなければ必要十分です。,,,daichan_hamachan,rakuten_38530_9599300048b5f7ba1a6dd2954a92945c
false,楽天トラベル,5,2026-02-26,今回は横浜観光の為に、こちらのホテルを利用させていただきました♪ 大人2名と小学生低学年2名、未就学児1名の5名で宿泊しました。添い寝無料で朝食付きコスパ良し！横浜の夜景を眺めつつ、ホテルまでのんびりコスモワールドから歩いてチェックイン。子どもでも歩ける距離でした（＾∇＾） 添い寝の子どもの分のバスタオルがもらえたのが嬉しかったです！朝食も子どもが喜んで食べれるものが揃っていたので大満足でした！スムージーも美味しかったです♪ また機会があれば是非利用したいです♪ ,,,今回は横浜観光の為に、こちらのホテルを利用させていただきました♪ 大人2名と小学生低学年2名、未就学児1名の5名で宿泊しました。添い寝無料で朝食付きコスパ良し！横浜の夜景を眺めつつ、ホテルまでのんびりコスモワールドから歩いてチェックイン。子どもでも歩ける距離でした（＾∇＾） 添い寝の子どもの分のバスタオルがもらえたのが嬉しかったです！朝食も子どもが喜んで食べれるものが揃っていたので大満足でした！スムージーも美味しかったです♪ また機会があれば是非利用したいです♪ ,,,かりぼーさん,rakuten_38530_55f8ff8a1c2915dc305a80058bf5779f
false,Google,5,2026-02-26,落ち着いた立地 部屋に圧迫感がなく清潔,,,落ち着いた立地 部屋に圧迫感がなく清潔,,,堀田憲一,google_ChIJb0LXwvZcGGARgoK9Zeke02g_ee66db245cc4d2aa6521f1f01cc9d382
false,じゃらん,4,2026-02-26,夜に食事にでるにも、立地がよかったです。  朝ごはんが混雑してましたが、いんくるーじぶ的な感じで、よかったです。,,,夜に食事にでるにも、立地がよかったです。  朝ごはんが混雑してましたが、いんくるーじぶ的な感じで、よかったです。,,,さわかさん,jalan_332780_033d2419fafb3bc604521730cb73b01c
false,Agoda,9,2026-02-25,館内は静かで落ち着いて過ごせました。 従業員の方も親切で良かったです。,,,館内は静かで落ち着いて過ごせました。 従業員の方も親切で良かったです。,,,YOKO,agoda_193987_d769f2ba72af0fa6409a531401e5d3cf
false,Google,4,2026-02-25,出張で利用しました。 価格もサービスも満足です。 私は気にしませんが、客室の壁紙補修が明らかに素人仕事で目に止まりました。 この辺りを気にされる方はいるのだと思います。,,,出張で利用しました。 価格もサービスも満足です。 私は気にしませんが、客室の壁紙補修が明らかに素人仕事で目に止まりました。 この辺りを気にされる方はいるのだと思います。,,,小野田宗史,google_ChIJb0LXwvZcGGARgoK9Zeke02g_67ffdd0e9676651d31f2e6c55e6b8b31
false,楽天トラベル,1,2026-02-24,機械音がうるさく、眠れない。,,,機械音がうるさく、眠れない。,,,Invisible,rakuten_38530_9ff95824ae1836288d011cb3688b177d
false,Agoda,8,2026-02-24,とにかく安い。 安いから朝食は期待していなかったけど、スムージーまであり、美味しかった。 フロントの対応もきっちり丁寧。 これで喫煙所があれば最高(笑),,,とにかく安い。 安いから朝食は期待していなかったけど、スムージーまであり、美味しかった。 フロントの対応もきっちり丁寧。 これで喫煙所があれば最高(笑),,,TOMOKAZU,agoda_193987_2fd73d138cb6612cee0970cd19f25527
false,楽天トラベル,4,2026-02-24,もうこのホテルに初めてお世話になってから20年位を超え、横浜方面出張の際の定宿にさせて貰っていました。今回久しぶりに宿泊しましたが、以前のホスピタリティが失われていて、ちょっと残念でした。 ,,,もうこのホテルに初めてお世話になってから20年位を超え、横浜方面出張の際の定宿にさせて貰っていました。今回久しぶりに宿泊しましたが、以前のホスピタリティが失われていて、ちょっと残念でした。 ,,,ウルフハウス,rakuten_38530_a534e87a55f41d1618f5ea592ba0b855
false,Trip.com,10,2026-02-24,駅近でとても良かった,,,駅近でとても良かった,,,ゲ‍ス‍ト,trip_1856453478
false,Trip.com,10,2026-02-24,横浜Kアリーナでライブがあって、駅からも近く便利でした！朝食も付いててゆっくり過ごせました！,,,横浜Kアリーナでライブがあって、駅からも近く便利でした！朝食も付いててゆっくり過ごせました！,,,ゲ‍ス‍ト,trip_1856796546
false,楽天トラベル,1,2026-02-23,朝ごはんがとても美味しかったです。 部屋に持ち込み可能サービスも利用はしませんでしたが、よいなと思いました。 駅からも近く、ロッカーもチェックイン前に 利用できて快適でした。,,,朝ごはんがとても美味しかったです。 部屋に持ち込み可能サービスも利用はしませんでしたが、よいなと思いました。 駅からも近く、ロッカーもチェックイン前に 利用できて快適でした。,,,まめのやま,rakuten_38530_aa98238547c534ae4aae28f73004125f
false,Trip.com,6,2026-02-23,ダブルベットなので2人は泊まれる部屋と思いますがとにかく狭い。 荷物をちょっと置く台は無くデスクテーブルのみだったのと荷物を掛けるフックが無いのが残念でした。 清潔感はとても良かったです。,,,ダブルベットなので2人は泊まれる部屋と思いますがとにかく狭い。 荷物をちょっと置く台は無くデスクテーブルのみだったのと荷物を掛けるフックが無いのが残念でした。 清潔感はとても良かったです。,,,ゲ‍ス‍ト,trip_1854331036
false,Trip.com,10,2026-02-23,朝ごはんのスムージーとか美味しかったし部屋ちょうどよかったけし観光地に近いし良かった。また機会があったら行きたいと思った。,,,朝ごはんのスムージーとか美味しかったし部屋ちょうどよかったけし観光地に近いし良かった。また機会があったら行きたいと思った。,,,ゲ‍ス‍ト,trip_1854346048
false,Trip.com,8,2026-02-23,立地良くて行きたい所へアクセス良かったです,,,立地良くて行きたい所へアクセス良かったです,,,ゲ‍ス‍ト,trip_1854918888
false,Trip.com,10,2026-02-23,"ตัดสินใจพักแถวย่าน 𝗞𝗮𝗻𝗻𝗮𝗶 เพราะเป็นย่านที่เดินทางสะดวกไม่ว่าจะในเมืองโยโกเองหรือไม่ก็ออกไปเมืองข้างๆ รวมถึงเข้าโตเกียว แล้วก็ไปเจอ 𝗖𝗼𝗺𝗳𝗼𝗿𝘁 𝗛𝗼𝘁𝗲𝗹 𝗬𝗼𝗸𝗼𝗵𝗮𝗺𝗮 𝗞𝗮𝗻𝗻𝗮𝗶 ที่ตรงใจมากก ถูกใจเพราะว่า - เดินจากสถานี Kannai ไม่ถึง 5 นาทีก็ถึงโรงแรม 🚶🏻➡️🚶🏻♀️➡️ - รอบๆ โรงแรมมีร้านอาหาร อิซากายะ ร้านสะดวกซื้อเต็มไปหมด - ฟรีอาหารเช้าาา มีไลน์อาหารให้เลือกเย๊อะะ - มี welcome drinks บริการฟรี - ใกล้กับ 𝗖𝗵𝗶𝗻𝗮 𝗧𝗼𝘄𝗻, 𝗔𝗶𝗿 𝗰𝗮𝗯𝗶𝗻, 𝗥𝗲𝗱 𝗕𝗿𝗶𝗰𝗸 พูดง่ายๆ คือทุกอย่างที่เป็น landmark ของโยโกเล้ยย 🩷",,,横浜市内や近隣都市、さらには東京へのアクセスが便利なため、関内エリアに滞在することにしました。コンフォートホテル横浜関内を見つけたのですが、ここは私にとってまさに理想的なホテルでした。理由は以下のとおりです。 - 関内駅から徒歩5分以内。🚶🏻➡️🚶🏻♀️➡️ - ホテル周辺にはたくさんのレストラン、居酒屋、コンビニがあります。 - 無料の朝食！豊富な種類の料理に加え、無料のウェルカムドリンクも付いています。中華街、エアキャビン、赤レンガなど、横浜のランドマークに近いのも魅力です！🩷,,,ม‍ิ‍ว‍โ‍จ‍้‍ซ‍ั‍น‍ไ‍ม,trip_1855133708
false,楽天トラベル,4,2026-02-22,駅から近く、ウェルカムドリンクがあるのが良いです。 無料朝食も美味しかったです、特にスムージーが美味しいと思いました。,,,駅から近く、ウェルカムドリンクがあるのが良いです。 無料朝食も美味しかったです、特にスムージーが美味しいと思いました。,,,不明,rakuten_38530_6dc22ebf3a4aed5afb03ad7f552c84a0
false,楽天トラベル,3,2026-02-22,お部屋のテレビの前の台にとても長い髪の毛が2本あり、不快に感じました。 ,,,お部屋のテレビの前の台にとても長い髪の毛が2本あり、不快に感じました。 ,,,Blue Sky3296,rakuten_38530_c27dd616de892a84d7ac9e8c013c6ab7
false,Booking.com,6,2026-02-22,,,,,,,のぐち　まさよし,bookingcom_686494_0bcff831e9c344e608324ea43230b0d8
false,楽天トラベル,4,2026-02-22,中華街から徒歩圏内という立地も良く、ベッドも広くて良かったです。,,,中華街から徒歩圏内という立地も良く、ベッドも広くて良かったです。,,,かめ000,rakuten_38530_e1f9beed22c765d1c61f1540290ef674
false,Booking.com,8,2026-02-21,,,,,,,Akaiishi,bookingcom_686494_956c70a1a1e4aec6e5ffa0833643aa8d
false,Booking.com,8,2026-02-21,,離車站近，免費早餐菜色不錯。,窗外隔音較差，住12樓外面街道聲音仍很清晰。電梯有點慢。,,駅からも近く、無料の朝食の種類もかなり豊富です。,窓の外の遮音性は悪く、12階に住んでいても街の騒音がかなり聞こえます。エレベーターも少し遅いです。,Yun,bookingcom_686494_06c1d3d10d299ea9a7ef73c99ae469ff
false,Booking.com,8,2026-02-20,,,,,,,美咲,bookingcom_686494_ab158f0b8e4e1bc2f2be946249c38bf3
false,Booking.com,10,2026-02-20,,,,,,,あjunji,bookingcom_686494_5f9ea807eb2e6594675319cd0a97978c
false,Booking.com,8,2026-02-19,,無料で期待していなかったが、なかなか良かった。,,,無料で期待していなかったが、なかなか良かった。,,Keizo,bookingcom_686494_cd36738ed37519bf70ea26ad3e0c79b1
false,Booking.com,8,2026-02-19,,,,,,,Toshie,bookingcom_686494_a22d0a5545c284c623def99b3aac80f9
false,Agoda,9,2026-02-19,地下鉄もJRも近く、ホテルのすぐそばにはコンビニや食事する場所もあります。 ホテルは清潔でスタッフも丁寧で感じが良く、朝食もついているのにお値段はリーズナブルだと思います。 チェックインもチェックアウトも無料登録で1時間ずつサービスされるのでゆっくりできました。 また利用したいです。,,,地下鉄もJRも近く、ホテルのすぐそばにはコンビニや食事する場所もあります。 ホテルは清潔でスタッフも丁寧で感じが良く、朝食もついているのにお値段はリーズナブルだと思います。 チェックインもチェックアウトも無料登録で1時間ずつサービスされるのでゆっくりできました。 また利用したいです。,,,YUKIKO,agoda_193987_ee311fdff239ea1ba8dfb777dc77550d
false,楽天トラベル,4,2026-02-19,自動チェックインシステムも便利、清潔で設備も十分だと思います。 コンビニが目の前にあるのも便利でした。,,,自動チェックインシステムも便利、清潔で設備も十分だと思います。 コンビニが目の前にあるのも便利でした。,,,Kaniko,rakuten_38530_e27d4ee2a0cea9ad54197cd7fa849eb1
false,じゃらん,4,2026-02-19,横浜のクリスマスマーケットに行くときの宿として使用させていただきました。  お風呂、部屋共に綺麗でゆっくり休むことができました。,,,横浜のクリスマスマーケットに行くときの宿として使用させていただきました。  お風呂、部屋共に綺麗でゆっくり休むことができました。,,,たいきさん,jalan_332780_72322c5c83c42f566b7e2d5b69a19d64
false,Booking.com,8,2026-02-18,,朝食が美味しかった,チケットが買えなかった,,朝食が美味しかった,チケットが買えなかった,後藤,bookingcom_686494_ec7af566ed2e80a62cac254bd0392dee
false,Google,4,2026-02-18,スタッフ⋯可もなく不可もなくですが、丁寧な対応をされます。  客室⋯他の部屋か廊下かは分かりませんが結構声が聞こえる。  朝食⋯可もなく不可もなく。必要十分な種類。 ただ客室のキャパの割に朝食会場が狭い。  場所⋯近くにコンビニ▪️飲食店も多く、呑んでほろ酔いでもすぐに戻れて便利。 中華街までも10分ほどで行けます。  基本コンフォートホテルさんは好きなのでまた機会があれば宿泊したいですね。,,,スタッフ⋯可もなく不可もなくですが、丁寧な対応をされます。  客室⋯他の部屋か廊下かは分かりませんが結構声が聞こえる。  朝食⋯可もなく不可もなく。必要十分な種類。 ただ客室のキャパの割に朝食会場が狭い。  場所⋯近くにコンビニ▪️飲食店も多く、呑んでほろ酔いでもすぐに戻れて便利。 中華街までも10分ほどで行けます。  基本コンフォートホテルさんは好きなのでまた機会があれば宿泊したいですね。,,,冨田健司,google_ChIJb0LXwvZcGGARgoK9Zeke02g_324de682a12fa58b2ee3f441aa7b6e2f
false,Trip.com,10,2026-02-17,よかったですー,,,よかったですー,,,ゲ‍ス‍ト,trip_1847531258
false,Booking.com,5,2026-02-17,,関内駅からは近いかも,日程を変更したが、スタッフ間で共有されていない。１月２日に施設、その後にBooking.comへ。Booking.comへの連絡時は、途中待たされて、その間にBooking.comと施設間で連絡を取ったとBooking.comの担当から言われた。その際に、施設側にも伝わったとされた。しかし、チェックイン、チェックアウトで日程変更できない、返金できないなどを言われた。返金率も、悪い。,,関内駅からは近いかも,日程を変更したが、スタッフ間で共有されていない。１月２日に施設、その後にBooking.comへ。Booking.comへの連絡時は、途中待たされて、その間にBooking.comと施設間で連絡を取ったとBooking.comの担当から言われた。その際に、施設側にも伝わったとされた。しかし、チェックイン、チェックアウトで日程変更できない、返金できないなどを言われた。返金率も、悪い。,Hiroyuki,bookingcom_686494_7415d6021b71170dd4690c9429ef84c0
false,Booking.com,5,2026-02-17,,,,,,,Kenhchi,bookingcom_686494_92add7b06350892c9afb13ff625338f2
false,楽天トラベル,5,2026-02-17,部屋の設備は普通ですが、朝食が美味しかった。,,,部屋の設備は普通ですが、朝食が美味しかった。,,,Rara1213,rakuten_38530_54dbd3f3d608cb23fc4f4820e784d5f7
false,楽天トラベル,5,2026-02-17,お部屋が清潔で良かったです。 朝食美味しかったです。,,,お部屋が清潔で良かったです。 朝食美味しかったです。,,,Shujji,rakuten_38530_e48ca0e2c07bb9297a2a1c1b982592a3
false,楽天トラベル,4,2026-02-17,部屋はきれいでした。朝食も充実してて美味しかったです。,,,部屋はきれいでした。朝食も充実してて美味しかったです。,,,you1234555,rakuten_38530_1ad06ca694f95bc3e9923d6f20a5a1a2
false,Booking.com,8,2026-02-17,,,,,,,Keiko,bookingcom_686494_cb44da52ee66821d33040b66851f95f3
false,じゃらん,5,2026-02-17,桜木町からロープウェイでワールドポーターズ、ラーメン博物館、赤レンガ倉庫を観光して歩いてホテルへ。  少し早かったけどタッチパネルを使ってチェックインできました。ツインの部屋は広くて圧迫感もなく、バスルームは段差があり少し古い感じがしたけど  全体的に清潔感があり、ゆったりくつろげました。  朝食も無料とは思えないくらい品数もあり、スムージーが美味しかったです。  関内駅にも近くてコンビニ、スーパーもあり飲食店もたくさんありました。  また機会があれば泊まりに行きたいと思います。  ありがとうございました。,,,桜木町からロープウェイでワールドポーターズ、ラーメン博物館、赤レンガ倉庫を観光して歩いてホテルへ。  少し早かったけどタッチパネルを使ってチェックインできました。ツインの部屋は広くて圧迫感もなく、バスルームは段差があり少し古い感じがしたけど  全体的に清潔感があり、ゆったりくつろげました。  朝食も無料とは思えないくらい品数もあり、スムージーが美味しかったです。  関内駅にも近くてコンビニ、スーパーもあり飲食店もたくさんありました。  また機会があれば泊まりに行きたいと思います。  ありがとうございました。,,,めぐさん,jalan_332780_87f06cca783e5f7f4431675524acb669
false,楽天トラベル,5,2026-02-16,家族4人で利用させて頂きました。 電子レンジあり 一般的なビジネスホテルです。 駅からも少し歩きますが近くにコンビニもあり立地的には良いです。 朝食も無料なのに品数もあり子供2人も満足してました。 以前はゆで卵があった気がしますが、今回はなかったのであると嬉しいです。 珈琲や紅茶がウェルカ厶ドリンクで飲めて良かったです。,,,家族4人で利用させて頂きました。 電子レンジあり 一般的なビジネスホテルです。 駅からも少し歩きますが近くにコンビニもあり立地的には良いです。 朝食も無料なのに品数もあり子供2人も満足してました。 以前はゆで卵があった気がしますが、今回はなかったのであると嬉しいです。 珈琲や紅茶がウェルカ厶ドリンクで飲めて良かったです。,,,MOTA3,rakuten_38530_268d37ad1f98ee894d143fa5ad9f4e75
false,楽天トラベル,5,2026-02-16,とても食事が美味しかったです！,,,とても食事が美味しかったです！,,,やまーあかさたな,rakuten_38530_4a8f5940e30cbbf7ea3bbe3b242917f2
false,じゃらん,4,2026-02-16,チェックインの際も丁寧な接客で大変気持ちが良かったです。両手がふさがっていた際もエレベーターのボタンを押して下さったり気を遣っていただきました。接遇教育がしっかりされていると感じました。,,,チェックインの際も丁寧な接客で大変気持ちが良かったです。両手がふさがっていた際もエレベーターのボタンを押して下さったり気を遣っていただきました。接遇教育がしっかりされていると感じました。,,,やっちゃんさん,jalan_332780_1569fc83d10b638f18df28f22706da7a
false,楽天トラベル,4,2026-02-15,朝食が美味しかったです スムージーも2種類有り良かった フロントの方も外国の人でしたが会話もスムーズ 道案内もとても丁寧　親切でありがたかったです 又　機会有れば利用したいです,,,朝食が美味しかったです スムージーも2種類有り良かった フロントの方も外国の人でしたが会話もスムーズ 道案内もとても丁寧　親切でありがたかったです 又　機会有れば利用したいです,,,ホワイトエンジェル,rakuten_38530_3fcbad5edfbfc1d8e9f8ac9de2a2c51e
false,Booking.com,10,2026-02-15,,全て良かった,ない,,全て良かった,ない,Minako,bookingcom_686494_e3d76966c861bf5815c919355bd33618
false,楽天トラベル,5,2026-02-15,フリードリンクのサービスが良かったです。 お部屋も清潔で快適に過ごせました。 朝食のビュッフェでは、スタッフの方がマメに交換してくれるので、欲しいものが切れているような残念感がなくて良かったです。,,,フリードリンクのサービスが良かったです。 お部屋も清潔で快適に過ごせました。 朝食のビュッフェでは、スタッフの方がマメに交換してくれるので、欲しいものが切れているような残念感がなくて良かったです。,,,ALEX☆,rakuten_38530_b6e09795689f3b1e073e25725fad1ae4
false,じゃらん,4,2026-02-14,家族旅行で利用しました。駅から近くて，中華街も徒歩圏内。部屋も清潔にされていて，朝食のスムージーが美味しかったです。,,,家族旅行で利用しました。駅から近くて，中華街も徒歩圏内。部屋も清潔にされていて，朝食のスムージーが美味しかったです。,,,堀ちゃんさん,jalan_332780_1adb6de7fc03a398baa86067dd0ced2a
false,楽天トラベル,5,2026-02-14,久しぶりの横浜、夫婦で宿泊させていただきました。中華街にも近く、立地がよい。設備に関しては豪華や高級ではないが、必要にして十分でした。,,,久しぶりの横浜、夫婦で宿泊させていただきました。中華街にも近く、立地がよい。設備に関しては豪華や高級ではないが、必要にして十分でした。,,,carlos33,rakuten_38530_6c31eaf167a60808c7df6b36afb22bc9
false,楽天トラベル,4,2026-02-14,夫婦と２歳の娘で宿泊しました。 ファミリールームへグレードアップして頂き、広々宿泊できて満足しています 中華街へも歩いて行けて便利でした。 娘は添い寝でしたが、十分でした。 朝食も無料でついたので、お得に泊まることができたと思います。ラウンジで無料のドリンクも飲むことができ、蓋付きで部屋へ持っていくことができたのも良かったです。,,,夫婦と２歳の娘で宿泊しました。 ファミリールームへグレードアップして頂き、広々宿泊できて満足しています 中華街へも歩いて行けて便利でした。 娘は添い寝でしたが、十分でした。 朝食も無料でついたので、お得に泊まることができたと思います。ラウンジで無料のドリンクも飲むことができ、蓋付きで部屋へ持っていくことができたのも良かったです。,,,まるはむたち,rakuten_38530_91548ddae7adf62a87a80c54af2c15ad
false,じゃらん,4,2026-02-14,家族旅行で利用しました。駅から近くて，中華街も徒歩圏内。部屋も清潔にされていて，朝食のスムージーが美味しかったです。,,,家族旅行で利用しました。駅から近くて，中華街も徒歩圏内。部屋も清潔にされていて，朝食のスムージーが美味しかったです。,,,不明,jalan_332780_1298a0cc951c3a3cb9d4ac04897a024b
false,Booking.com,8,2026-02-13,,ベットが良かった,,,ベットが良かった,,Jupei,bookingcom_686494_8b247867a1fac032fbde1dc78c4f6dbc
false,じゃらん,4,2026-02-12,こちらのホテルは朝食があるので助かります。可もなく不可もなしという感じのホテルです。駅から近いので助かります。,,,こちらのホテルは朝食があるので助かります。可もなく不可もなしという感じのホテルです。駅から近いので助かります。,,,うらちゃんさん,jalan_332780_6cb6bda4869b24aca12a833e0794dee7
false,楽天トラベル,4,2026-02-11,イベント参加のために雪に備えて急きょ予約。横浜周辺では良心的なお値段。土曜日のため、空室を探すのに必死だった。新しい建物ではないが、丁寧に手入れと掃除がされていて、心地よく過ごすことができた。関内駅からもわかりやすい。無料の朝食や自由に飲めるドリンクコーナーなどあり。スタッフのかたが皆感じが良かった。結局はひとが大切です。 ,,,イベント参加のために雪に備えて急きょ予約。横浜周辺では良心的なお値段。土曜日のため、空室を探すのに必死だった。新しい建物ではないが、丁寧に手入れと掃除がされていて、心地よく過ごすことができた。関内駅からもわかりやすい。無料の朝食や自由に飲めるドリンクコーナーなどあり。スタッフのかたが皆感じが良かった。結局はひとが大切です。 ,,,1人旅が好きです,rakuten_38530_29eb882df83affba19d736c07662602b
false,Booking.com,8,2026-02-11,,駅から近くにある。,,,駅から近くにある。,,Akira,bookingcom_686494_b8ab05f3d0fedaa3cc329f1e43c95ccf
false,Booking.com,4,2026-02-11,,場所,全体に窮屈,,場所,全体に窮屈,Shunichi,bookingcom_686494_6c986defdacbc5f744f8d8717b02d1a4
false,Booking.com,8,2026-02-10,,駅から近い,朝食が混む,,駅から近い,朝食が混む,Takemi,bookingcom_686494_65ada0392c05f5ded4ff3398502c8d90
false,楽天トラベル,4,2026-02-10,スタッフの気遣いを感じられるホテル。 チェックインは、機械で行うので、いちいち用紙に記入する必要がないので、スムーズ。 チェックイン時の説明は丁寧で、部屋の暖房がついていて気遣いを感じた。 朝食は無料ですが、少しおかずが少ない印象。 朝食後にエレベータ前で掲示物を見ていたら、ホテルの方がさっとエレベータの釦を押してくれたのには、感心させられた。,,,スタッフの気遣いを感じられるホテル。 チェックインは、機械で行うので、いちいち用紙に記入する必要がないので、スムーズ。 チェックイン時の説明は丁寧で、部屋の暖房がついていて気遣いを感じた。 朝食は無料ですが、少しおかずが少ない印象。 朝食後にエレベータ前で掲示物を見ていたら、ホテルの方がさっとエレベータの釦を押してくれたのには、感心させられた。,,,不明,rakuten_38530_648c64f99be1b9ee07873cc8507a30ea
false,楽天トラベル,4,2026-02-10,駅ちかで便利でした。横浜に行く際はまた検討します。,,,駅ちかで便利でした。横浜に行く際はまた検討します。,,,hirotaku8436,rakuten_38530_7cda15efe3cc3ddd2251758dcdadbdb0
false,Google,1,2026-02-09,,,,,,,KAZUNARI UEDA,google_ChIJb0LXwvZcGGARgoK9Zeke02g_3feec29347397df729d8a030864c03eb
false,楽天トラベル,4,2026-02-08,フロントの対応がとてもよかったです。チェックイン、アウトともスムーズでした。,,,フロントの対応がとてもよかったです。チェックイン、アウトともスムーズでした。,,,MINI-PH,rakuten_38530_5842faa02affca01df8f31fdcc5bae04
false,楽天トラベル,4,2026-02-08,この値段で朝食もついてくるので大満足です。立地も駅に近く居酒屋など食べるところたくさんあり、利便性抜群です。子供用にタオルも貸し出してくれてサービスも満足しました。,,,この値段で朝食もついてくるので大満足です。立地も駅に近く居酒屋など食べるところたくさんあり、利便性抜群です。子供用にタオルも貸し出してくれてサービスも満足しました。,,,マシトーニ,rakuten_38530_557410631d35d859fc157b02e7da8465
false,じゃらん,2,2026-02-08,年末年始はインバウンド客多く、フロントはトランクと人でごった返し、朝の食事も長蛇の列で使えませんでした。あと年末年始はホテル近隣の店ほぼ閉まっています。,,,年末年始はインバウンド客多く、フロントはトランクと人でごった返し、朝の食事も長蛇の列で使えませんでした。あと年末年始はホテル近隣の店ほぼ閉まっています。,,,DXMXXさん,jalan_332780_470e9a56a8db9648f303d4db75230105
false,じゃらん,4,2026-02-08,受付を通る際に必ずホテルの方が挨拶をしてくださったのが大変よかったと思います。係の方の対応も丁寧で、他のコンフォートホテルさんでも同様でしたので、ホテルの教育が徹底されているんだなと思いました。,,,受付を通る際に必ずホテルの方が挨拶をしてくださったのが大変よかったと思います。係の方の対応も丁寧で、他のコンフォートホテルさんでも同様でしたので、ホテルの教育が徹底されているんだなと思いました。,,,たけさん,jalan_332780_2275f76c929bf060a73f52d81e23560d
false,じゃらん,3,2026-02-08,年末年始はインバウンド客多く、フロントはトランクと人でごった返し、朝の食事も長蛇の列で使えませんでした。あと年末年始はホテル近隣の店ほぼ閉まっています。,,,年末年始はインバウンド客多く、フロントはトランクと人でごった返し、朝の食事も長蛇の列で使えませんでした。あと年末年始はホテル近隣の店ほぼ閉まっています。,,,DXMXXさん,jalan_332780_d030b2fc676514bc641df6e73a708747
false,Booking.com,8,2026-02-07,,当ホテルは便利なロケーション、温かく行き届いたサービス、そして美味しい朝食を誇ります。,お酒を飲みながらおしゃべりを楽しむ人には、部屋に椅子が 2 つあると便利です。,,当ホテルは便利なロケーション、温かく行き届いたサービス、そして美味しい朝食を誇ります。,お酒を飲みながらおしゃべりを楽しむ人には、部屋に椅子が 2 つあると便利です。,Hiroshi,bookingcom_686494_73b3b26e275b5b7322eed44e08c27d4c
false,Booking.com,8,2026-02-07,,朝食はよかった,特になし,,朝食はよかった,特になし,Yuji,bookingcom_686494_99a084d313f64223e33c6828235fb5ad
false,Booking.com,10,2026-02-07,,,,,,,Toshio,bookingcom_686494_1fe6427078b58e10f067bdae32debb8f
false,Trip.com,10,2026-02-07,"Superb experience for a bargain price, in a super-central location. The Blue line (Yokohama subway) is one block away and other lines aren't much further. Neat and tidy rooms and a fantastic buffet breakfast await. I have traveled all over Japan and can't remember a better experience, especially for the money. The sun-soaked daytime 'Library Cafe' caps it off to provide a Zen-like space to get work done or relax with a complimentary coffee.",,,最高のロケーションで、お手頃価格の素晴らしい滞在体験ができます。ブルーライン（横浜地下鉄）の駅はわずか1ブロック先で、他の路線もすぐ近くです。清潔で整頓された客室と、素晴らしいビュッフェ式朝食が待っています。日本中を旅してきましたが、特にこの価格でこれほど素晴らしい体験をしたホテルは他に記憶にありません。日中は陽光が降り注ぐ「ライブラリーカフェ」があり、禅のような空間で仕事をしたり、無料のコーヒーを飲みながらリラックスしたりできます。,,,M‍a‍r‍i‍s‍h‍ ‍M‍a‍c‍k‍o‍w‍i‍a‍k,trip_1838259998
false,Booking.com,8,2026-02-06,,,,,,,Yumi,bookingcom_686494_52072e2cfcac9e43087b390ae43b05c7
false,Booking.com,5,2026-02-05,,,Cleaning,,,クリーニング,Akemi,bookingcom_686494_9c988ea967fcd0ece9e76679226699bc
false,Agoda,9,2026-02-05,思った以上に良かった。 部屋は清潔でエアコン入れなくても暖かでした。 荷物を置くスペースがあるんですが床に直置きになってしまうのか残念でした。  朝食は普通のビュッフェで無料なので十分です。食事時間が6時30分〜9時30分なので結構混み合います。座れない時などはお弁当にして部屋で食べることもできるようでした。 また、行きたいと思います。,,,思った以上に良かった。 部屋は清潔でエアコン入れなくても暖かでした。 荷物を置くスペースがあるんですが床に直置きになってしまうのか残念でした。  朝食は普通のビュッフェで無料なので十分です。食事時間が6時30分〜9時30分なので結構混み合います。座れない時などはお弁当にして部屋で食べることもできるようでした。 また、行きたいと思います。,,,YOICHI,agoda_193987_99d2955f71caf93dfadb79d949e3afc6
false,じゃらん,5,2026-02-05,お聞きしたいことがあり電話しましたが、ご丁寧に対応してくださりました。実際チェックインの際もご丁寧でした。  ライブラリーカフェも色々な茶葉があり、良かったです。朝食も美味しく、サバをふりかけにしたものがとても美味しかったです。  ありがとうございました。,,,お聞きしたいことがあり電話しましたが、ご丁寧に対応してくださりました。実際チェックインの際もご丁寧でした。  ライブラリーカフェも色々な茶葉があり、良かったです。朝食も美味しく、サバをふりかけにしたものがとても美味しかったです。  ありがとうございました。,,,Mさん,jalan_332780_ced079c5202a2f9db3253bc64d1d7c11
false,楽天トラベル,3,2026-02-03,トイレの便座内にサボったリング…黒い輪ができていた。掃除されてない証拠ですね,,,トイレの便座内にサボったリング…黒い輪ができていた。掃除されてない証拠ですね,,,ミユミユさん,rakuten_38530_024d3879c1b2fe4779ff3e9507832d06
false,楽天トラベル,4,2026-02-03,お得な金額で朝食も付いていて満足でした！ また機会があれば利用したいです。,,,お得な金額で朝食も付いていて満足でした！ また機会があれば利用したいです。,,,ぴぴぴ34,rakuten_38530_1d68f61f17c8696fc1205b74f25c9ec5
false,Agoda,8,2026-02-02,息子とBUNTAIでのライブに参加するために利用しました。 2泊でしたが快適に過ごせました。  食事も美味しかったです。 ただ食堂が少し狭い。 お客様も多く、ぎゅうぎゅうで居心地はあまり良くないかも。  息子は食事前にインスリン注射を打たないといけないのですが、隣の人との距離が近くてインスリンを打てずに仕方なく食後に部屋で打ちました。  関内駅、BUNTAI、赤レンガ倉庫などが徒歩圏内にあるので便利でした。 またライブの際は利用したいと思います。,,,息子とBUNTAIでのライブに参加するために利用しました。 2泊でしたが快適に過ごせました。  食事も美味しかったです。 ただ食堂が少し狭い。 お客様も多く、ぎゅうぎゅうで居心地はあまり良くないかも。  息子は食事前にインスリン注射を打たないといけないのですが、隣の人との距離が近くてインスリンを打てずに仕方なく食後に部屋で打ちました。  関内駅、BUNTAI、赤レンガ倉庫などが徒歩圏内にあるので便利でした。 またライブの際は利用したいと思います。,,,ASAMI,agoda_193987_7f4e2c84ed83149e6b68640e2d325313
false,楽天トラベル,4,2026-02-02,関内駅から近くコンビニも周辺にすぐありほんと素泊まりにはいいホテルでした。 部屋もシンプルで清潔にしていて特に良くも悪くもない感じかなと思いました。,,,関内駅から近くコンビニも周辺にすぐありほんと素泊まりにはいいホテルでした。 部屋もシンプルで清潔にしていて特に良くも悪くもない感じかなと思いました。,,,りすおくん,rakuten_38530_c5ef79824243c9f9e86a369467071506
false,楽天トラベル,4,2026-02-02,スタッフさんが親切でしたので大満足です。 ,,,スタッフさんが親切でしたので大満足です。 ,,,はなまる3776,rakuten_38530_80a0a8231fd80b33a38d5c4f207b637e
false,Google,3,2026-02-02,部屋が古かった。 ツインだけど狭く感じた。 どこのホテルにもある空気清浄機が部屋にないのが残念。 今までいろいろなところのコンフォートホテルに泊まったけど一番古く狭く感じた。 ただ朝食が無料なのがいい。,,,部屋が古かった。 ツインだけど狭く感じた。 どこのホテルにもある空気清浄機が部屋にないのが残念。 今までいろいろなところのコンフォートホテルに泊まったけど一番古く狭く感じた。 ただ朝食が無料なのがいい。,,,N T,google_ChIJb0LXwvZcGGARgoK9Zeke02g_4b54c0d59d18f4bfcb9d67d5f634b5a7
false,じゃらん,4,2026-02-02,駅から５分ほど、ゆっくり歩いていくと見えてくる。分かり易いロケーション。フロントはキビキビとした感じで、気持ちがいい。お部屋に入ると、清潔感ある雰囲気で、心が休まる。そのまま横になったので30分ほど眠っていた。(笑) バスもアメニティも満足出来るもので、気持ちよく睡眠。静かなので朝までぐっすり眠る事が出来た。またここに泊まる事になるだろう。,,,駅から５分ほど、ゆっくり歩いていくと見えてくる。分かり易いロケーション。フロントはキビキビとした感じで、気持ちがいい。お部屋に入ると、清潔感ある雰囲気で、心が休まる。そのまま横になったので30分ほど眠っていた。(笑) バスもアメニティも満足出来るもので、気持ちよく睡眠。静かなので朝までぐっすり眠る事が出来た。またここに泊まる事になるだろう。,,,VANC81さん,jalan_332780_157c04483ee6a39db764bf49bdf4c5db
false,楽天トラベル,3,2026-02-01,建物が古い。朝食に納豆か生卵が欲しかった。,,,建物が古い。朝食に納豆か生卵が欲しかった。,,,メダルスライム,rakuten_38530_ec536ac015993c7156b82310d506f16d
false,Trip.com,8,2026-02-01,還可以吧啊,,,大丈夫です。,,,M‍i‍n‍g‍_‍N‍i‍u,trip_1832842777
false,じゃらん,3,2026-02-01,朝食会場は狭かったが、スタッフの連携がうまく、席案内、使用した食器片付け、食べ物の補充などをスムーズに行っていたおかげで滞りなく朝食を摂れた。部屋は古いのだと思いますが、リフォーム済だし、清掃はきちんとされていて気持ち良かったです。フロントのスタッフも常に笑顔を意識されていたのか、さわやかでした。お世話になりました。,,,朝食会場は狭かったが、スタッフの連携がうまく、席案内、使用した食器片付け、食べ物の補充などをスムーズに行っていたおかげで滞りなく朝食を摂れた。部屋は古いのだと思いますが、リフォーム済だし、清掃はきちんとされていて気持ち良かったです。フロントのスタッフも常に笑顔を意識されていたのか、さわやかでした。お世話になりました。,,,ななななさん,jalan_332780_ae4fb45e7beb3e1f775b8535be4680c2
false,楽天トラベル,3,2026-03-30,部屋の広さも設備も料金に見合うものだと思うが、それ以上のものではない。 朝食も悪くはないが、狭いので時間帯のよってはかなり混雑する。部屋で食べる為の容器が用意されているのは有り難いが、運ぶためのトレイが無いのでスープやコーヒーなどの液体の物が運べない。 紙のトレー等が欲しいと思った。 後はマーガリンじゃなくてバターにして欲しい。 ウェルカムドリンクとゆったり出来るスペースはGood,,,部屋の広さも設備も料金に見合うものだと思うが、それ以上のものではない。 朝食も悪くはないが、狭いので時間帯のよってはかなり混雑する。部屋で食べる為の容器が用意されているのは有り難いが、運ぶためのトレイが無いのでスープやコーヒーなどの液体の物が運べない。 紙のトレー等が欲しいと思った。 後はマーガリンじゃなくてバターにして欲しい。 ウェルカムドリンクとゆったり出来るスペースはGood,,,takao5943,rakuten_38530_7719474bccfbc0181192fafbf9b9fd47
false,楽天トラベル,4,2026-03-30,空調が暖房•送風のみだったため、室温調整に窓を開けざるをなかった。,,,空調が暖房•送風のみだったため、室温調整に窓を開けざるをなかった。,,,まさる１０１８,rakuten_38530_43742a0af184ad82e9c3637baddb91c9
false,楽天トラベル,1,2026-03-30,広めの部屋にお金を払って変えてもらったけど トイレとお風呂場に綿埃が多数落ちているのとポットがカビっぽかった。 フロントの方が不慣れなのか、他の人には伝えていたウエルカムドリンクの話や朝食、チェックアウトの時間も全くない。 外出時にフロントに立ち寄り他の方に聞いて会員だとチェックアウト時間が変わることなど教えてもらい納得。 横浜という立地から多少の英会話くらいは出来ると思ってましたが、年配の男性が全くできず海外の方が困ってたので助けてあげてもホテルの方は無反応。せめてありがとうくらいは言って欲しい……  こんなんなら差額を払ってアップグレードしなきゃ良かった,,,広めの部屋にお金を払って変えてもらったけど トイレとお風呂場に綿埃が多数落ちているのとポットがカビっぽかった。 フロントの方が不慣れなのか、他の人には伝えていたウエルカムドリンクの話や朝食、チェックアウトの時間も全くない。 外出時にフロントに立ち寄り他の方に聞いて会員だとチェックアウト時間が変わることなど教えてもらい納得。 横浜という立地から多少の英会話くらいは出来ると思ってましたが、年配の男性が全くできず海外の方が困ってたので助けてあげてもホテルの方は無反応。せめてありがとうくらいは言って欲しい……  こんなんなら差額を払ってアップグレードしなきゃ良かった,,,ニーナベル,rakuten_38530_8e99547063a98f959f59b2a19d74d999
false,楽天トラベル,5,2026-03-30,幼児含めて３人でツインに宿泊しました。駅からのアクセスがよく、馬車道からも関内からも近くてよかったです。 部屋はきれいで、過不足なく快適に過ごせました。朝食のビュッフェは無料にしてはかなり満足です。会場が狭めで品数も多くはありませんが、パンもシリアルもありよかったです。ご飯のおかずになるものは少なめでした。ライブラリーカフェの居心地もよく、コーヒーやレモンウォーターを飲みながら子どもと絵本を楽しみました。 立地のせいもあるのと壁が薄めなのか、外や廊下の音は気になる程度には聞こえました。,,,幼児含めて３人でツインに宿泊しました。駅からのアクセスがよく、馬車道からも関内からも近くてよかったです。 部屋はきれいで、過不足なく快適に過ごせました。朝食のビュッフェは無料にしてはかなり満足です。会場が狭めで品数も多くはありませんが、パンもシリアルもありよかったです。ご飯のおかずになるものは少なめでした。ライブラリーカフェの居心地もよく、コーヒーやレモンウォーターを飲みながら子どもと絵本を楽しみました。 立地のせいもあるのと壁が薄めなのか、外や廊下の音は気になる程度には聞こえました。,,,やま3592,rakuten_38530_1a589bf9370036eca0ec7c75f3c57ac4
false,楽天トラベル,5,2026-03-30,今回、野球観戦と観光のために２泊させていただきました。関内駅から近く、付近の観光地のアクセスもよかったので観光が満足にできました。一旦荷物を置きに行ってから次の目的地に行くこともできたのでよかったです。 チェックイン前、チェックアウト後に荷物を預けることができ、大変助かりました！  朝食は混む時間だと席の間隔が短いので、少し窮屈感がありますが、食事中に気になるほどではなかったです。おかずの種類が豊富で満足でした。パンを焼くためのトースターも用意されていました。飲み物の種類も豊富でとくにスムージーがよかったです。甘すぎず飲みやすくて美味しかったです。(朝食会場に紅茶があればなおよかったです。わたしが見つけられなかっただけかもしれません…)  コインランドリーは洗濯乾燥がまとめてできるタイプではなく、分かれているタイプなので注意です。  次回、横浜観光をするときに当ホテルを利用したいと思いました！２日間ありがとうございました。   ,,,今回、野球観戦と観光のために２泊させていただきました。関内駅から近く、付近の観光地のアクセスもよかったので観光が満足にできました。一旦荷物を置きに行ってから次の目的地に行くこともできたのでよかったです。 チェックイン前、チェックアウト後に荷物を預けることができ、大変助かりました！  朝食は混む時間だと席の間隔が短いので、少し窮屈感がありますが、食事中に気になるほどではなかったです。おかずの種類が豊富で満足でした。パンを焼くためのトースターも用意されていました。飲み物の種類も豊富でとくにスムージーがよかったです。甘すぎず飲みやすくて美味しかったです。(朝食会場に紅茶があればなおよかったです。わたしが見つけられなかっただけかもしれません…)  コインランドリーは洗濯乾燥がまとめてできるタイプではなく、分かれているタイプなので注意です。  次回、横浜観光をするときに当ホテルを利用したいと思いました！２日間ありがとうございました。   ,,,ミースケキヨ,rakuten_38530_fbf8e247c34e8913adb3f599b5db6723
false,楽天トラベル,4,2026-03-30,コーヒーやお茶が24時までフリーなのはとても嬉しかったです。ライブラリーの本も子どもと一緒に楽しめました。,,,コーヒーやお茶が24時までフリーなのはとても嬉しかったです。ライブラリーの本も子どもと一緒に楽しめました。,,,choco8175,rakuten_38530_74fd3e2679bde2a7221a1eaf5099f618
false,楽天トラベル,5,2026-03-29,トリプルを予約し、一人だけ小さめのベッドでしてが十分な広さで満足でした。朝食の品数が少なめでしたが、お値段の割にはコスパが良くて満足でした。,,,トリプルを予約し、一人だけ小さめのベッドでしてが十分な広さで満足でした。朝食の品数が少なめでしたが、お値段の割にはコスパが良くて満足でした。,,,りっくこーるまん,rakuten_38530_9193b4784962f80cac618b1b95f75103
false,Booking.com,10,2026-03-28,,朝食が美味しかったです。,部屋が乾燥していました。,,朝食が美味しかったです。,部屋が乾燥していました。,Mieko,bookingcom_686494_78c4f2be7e92808dde4466f5878f47b5
false,楽天トラベル,4,2026-03-28,早くホテルに着いて荷物も預かってもらえました。 フロントの対応もスタッフの方の対応も良かったです。 朝食ビュッフェが無料なので仕方ないのかもしれませんが会場は狭いです。春休み➕合宿チームと重なって始まる10分前に行ってもすごく混んで並びました。朝食を部屋にもっていく事もできますが、お盆が無いので厳選して容器に詰めて部屋にもっていくようなので、私達は会場で食べましたが、ゆっくり食べる事はできません。会場の外で席が空くのを待ってる方達が多かったです。品数は多くありませんがとても美味しかったです。アメニティーも最小限はありました。部屋も綺麗でした。全館禁煙なのも良かったです。最上階で最終日の朝、ビルの間から富士山が綺麗に見えました。子供と感動しました。ホテルは馬車道駅から少し離れてますが、観光地は歩いて行けます。歩きながらいろいろなお店が発見できて楽しかったです。天候は雨でしたが赤レンガ、ハンマーヘット、カップヌードルミュージアム、大崎埠頭、中華街等を観光。お土産を置きにホテルに一旦戻る事もできます。雨が止んだ夜は夜景の観光に出かけ、ナイトクルージングも楽しめました。最終日の日だけ港の見える丘公園が高台にあるので行きだけ電車に乗りました。また、夕飯は外食しようか？テイクアウトしようか？決めるのに悩む位の飲食店が近くにたくさんありました。小さなスーパーもありました。 子供とまた泊まりに来ようねと春休みのとても良い思い出ができました。   ,,,早くホテルに着いて荷物も預かってもらえました。 フロントの対応もスタッフの方の対応も良かったです。 朝食ビュッフェが無料なので仕方ないのかもしれませんが会場は狭いです。春休み➕合宿チームと重なって始まる10分前に行ってもすごく混んで並びました。朝食を部屋にもっていく事もできますが、お盆が無いので厳選して容器に詰めて部屋にもっていくようなので、私達は会場で食べましたが、ゆっくり食べる事はできません。会場の外で席が空くのを待ってる方達が多かったです。品数は多くありませんがとても美味しかったです。アメニティーも最小限はありました。部屋も綺麗でした。全館禁煙なのも良かったです。最上階で最終日の朝、ビルの間から富士山が綺麗に見えました。子供と感動しました。ホテルは馬車道駅から少し離れてますが、観光地は歩いて行けます。歩きながらいろいろなお店が発見できて楽しかったです。天候は雨でしたが赤レンガ、ハンマーヘット、カップヌードルミュージアム、大崎埠頭、中華街等を観光。お土産を置きにホテルに一旦戻る事もできます。雨が止んだ夜は夜景の観光に出かけ、ナイトクルージングも楽しめました。最終日の日だけ港の見える丘公園が高台にあるので行きだけ電車に乗りました。また、夕飯は外食しようか？テイクアウトしようか？決めるのに悩む位の飲食店が近くにたくさんありました。小さなスーパーもありました。 子供とまた泊まりに来ようねと春休みのとても良い思い出ができました。   ,,,Xiang612,rakuten_38530_12a42ca60341f0c98b464a1958cf2cc0
false,Google,4,2026-03-28,空室があれば追加料金支払うと広めのお部屋にして貰えます。 フロントの方が慣れてないのか、私の理解力が悪いのかフロントの方の言葉が理解できず苦労しました…。 ウエルカムドリンクがあるようですが案内は直接なく他の方に伝えてるのを又聞きしたので無事にありつけました。,,,空室があれば追加料金支払うと広めのお部屋にして貰えます。 フロントの方が慣れてないのか、私の理解力が悪いのかフロントの方の言葉が理解できず苦労しました…。 ウエルカムドリンクがあるようですが案内は直接なく他の方に伝えてるのを又聞きしたので無事にありつけました。,,,のんたん,google_ChIJb0LXwvZcGGARgoK9Zeke02g_abc03e1500299f43256edf5d2f61fb4b
false,じゃらん,3,2026-03-28,子どもが引っ越すので、アパートから近くて安いホテルを探していました。年度末でなかなか取れない中予約して宿泊しました。  ３人だったのでファミリールームを取りましたが、結構な広さで良かったと思いました。  疲れて休んでいると23時を過ぎているにもかかわらず、隣室から結構な音がして目が覚めました。そこから眠れなくなってしまいました。防音対策が悪いのでしょうか、少し残念でした。,,,子どもが引っ越すので、アパートから近くて安いホテルを探していました。年度末でなかなか取れない中予約して宿泊しました。  ３人だったのでファミリールームを取りましたが、結構な広さで良かったと思いました。  疲れて休んでいると23時を過ぎているにもかかわらず、隣室から結構な音がして目が覚めました。そこから眠れなくなってしまいました。防音対策が悪いのでしょうか、少し残念でした。,,,はまちゃんさん,jalan_332780_706602ea4d7e64a3d37be741415d1244
false,Booking.com,9,2026-03-27,,ロケーション ウェルカムドリンク,,,ロケーション ウェルカムドリンク,,池田,bookingcom_686494_cedf033e0c058a25263d640557d20e88
false,Google,5,2026-03-27,最高のロケーションです。最寄りの駅まではわずか5分。ホテルの向かいにはコンビニエンスストアがあります。周辺のレストランも素晴らしいです。,,,最高のロケーションです。最寄りの駅まではわずか5分。ホテルの向かいにはコンビニエンスストアがあります。周辺のレストランも素晴らしいです。,,,Yeong Uen Yea,google_ChIJb0LXwvZcGGARgoK9Zeke02g_2afd949a63def4d62049321422c6d163
false,Google,5,2026-03-27,Great location. Nearest train station is just 5mins away. convenience store just opposite the hotel. Restaurants nearby are great.,,,最高のロケーションです。最寄りの駅まではわずか5分。ホテルの向かいにはコンビニエンスストアがあります。周辺のレストランも素晴らしいです。,,,Yeong Uen Yea,google_ChIJb0LXwvZcGGARgoK9Zeke02g_3bc1c592bb1bd23aec89e92f39151458
false,Google,3,2026-03-26,エアコンが古い、カードキータイプだが部屋にはカード入れがなく忘れそう、風呂の体を洗うタオルなし、朝食は団体客がいると混む、エレベーターは2台あるが時間によっては待ち時間長い。,,,エアコンが古い、カードキータイプだが部屋にはカード入れがなく忘れそう、風呂の体を洗うタオルなし、朝食は団体客がいると混む、エレベーターは2台あるが時間によっては待ち時間長い。,,,Shrike,google_ChIJb0LXwvZcGGARgoK9Zeke02g_7b4689345529de80e7514547b0344f03
false,楽天トラベル,4,2026-03-26,トリプルベッドの設定がありがたい。 部屋は清潔で、朝食も期待以上。 また利用したい。,,,トリプルベッドの設定がありがたい。 部屋は清潔で、朝食も期待以上。 また利用したい。,,,hekion2001,rakuten_38530_7f63982c4e451ed845e35e7080efe2b9
false,Booking.com,7,2026-03-26,,チェックイン、チェックアウトともにスムーズにでき良かった。 朝食がおかずもいろいろと選べ美味しかった。 ヨーグルトが👌,設備にちょい残念な点が… シャワーヘッドの元のあたりから水もれあり。３部屋予約して宿泊したが、どの部屋もそんな感じだった。,,チェックイン、チェックアウトともにスムーズにでき良かった。 朝食がおかずもいろいろと選べ美味しかった。 ヨーグルトが👌,設備にちょい残念な点が… シャワーヘッドの元のあたりから水もれあり。３部屋予約して宿泊したが、どの部屋もそんな感じだった。,Kaori,bookingcom_686494_ec250e3a576b80e8e9cca1e00d661c67
false,Google,4,2026-03-26,とてもよかったです。また泊まりたいです。スタッフの方みんな一生懸命でした。朝食カフェスペースがオシャレでした。,,,とてもよかったです。また泊まりたいです。スタッフの方みんな一生懸命でした。朝食カフェスペースがオシャレでした。,,,近藤,google_ChIJb0LXwvZcGGARgoK9Zeke02g_fc308e93961600232654c6d75b61cc3b
false,Agoda,7,2026-03-25,朝食が程よい味付けです。私の時は時間に的に全然残ってなかったので早めに行くのがいいと思います,,,朝食が程よい味付けです。私の時は時間に的に全然残ってなかったので早めに行くのがいいと思います,,,壮真,agoda_193987_5d9be161676a6c59ca502ca162161409
false,Trip.com,9,2026-03-25,横浜スタジアムや中華街も徒歩圏内で、周りにはスーパーやコンビニ、飲食店も沢山あって便利^_^ 駐車場も隣接してあり。出し入れ自由 ロービー横にはドリンクサービス、 無料朝食もあり、メニューも豊富で美味しかったです。 子連れで2連泊しましたが、料金も安く、快適に過ごせました。,,,横浜スタジアムや中華街も徒歩圏内で、周りにはスーパーやコンビニ、飲食店も沢山あって便利^_^ 駐車場も隣接してあり。出し入れ自由 ロービー横にはドリンクサービス、 無料朝食もあり、メニューも豊富で美味しかったです。 子連れで2連泊しましたが、料金も安く、快適に過ごせました。,,,み‍ゆ‍や‍助,trip_1887318528
false,じゃらん,4,2026-03-25,友達と3人部屋に泊まりました。  他の宿泊施設と比較すると安価に感じましたが、とても清潔な部屋でした。  フロントは2階でしたが、1階の荷物預かりのロッカーを自由にチェックイン前後で利用できたので、気軽に荷物を預けたり、取り出したりできました。  朝食会場は少し狭く感じられましたが、パックにつめて部屋へ持って帰れたので、混雑を避けられてよかったです。,,,友達と3人部屋に泊まりました。  他の宿泊施設と比較すると安価に感じましたが、とても清潔な部屋でした。  フロントは2階でしたが、1階の荷物預かりのロッカーを自由にチェックイン前後で利用できたので、気軽に荷物を預けたり、取り出したりできました。  朝食会場は少し狭く感じられましたが、パックにつめて部屋へ持って帰れたので、混雑を避けられてよかったです。,,,きくさん,jalan_332780_1760ec96532801c96d97b4ac3ae17e6a
false,楽天トラベル,3,2026-03-24,連泊プランでお得に 泊まりました。 設備は必要最低限ですが特に不満は無いです。 朝食無料です。会場が少し狭く、渋滞ができ料理を取るのに時間がかかりますが満足な内容だと思います。,,,連泊プランでお得に 泊まりました。 設備は必要最低限ですが特に不満は無いです。 朝食無料です。会場が少し狭く、渋滞ができ料理を取るのに時間がかかりますが満足な内容だと思います。,,,kojiro-yasuke,rakuten_38530_3ddba107aba7ef98c45a57f78a273761
false,じゃらん,5,2026-03-24,駅からも近いし、横浜観光のアクセスにはもってこいの場所だと思います。ファミリーでの利用者も多かったので利用しやすいと思います。,,,駅からも近いし、横浜観光のアクセスにはもってこいの場所だと思います。ファミリーでの利用者も多かったので利用しやすいと思います。,,,としさん,jalan_332780_87681024abca3997b8ecd91a223dfa2f
false,楽天トラベル,5,2026-03-23,出張で利用しました。 今回は朝食は食べていませんが、改装中とのことで、無料の朝食は弁当を配ってくれていたようです。 受付のスタッフの方達はとても丁寧でした。 部屋も綺麗だったと思います。,,,出張で利用しました。 今回は朝食は食べていませんが、改装中とのことで、無料の朝食は弁当を配ってくれていたようです。 受付のスタッフの方達はとても丁寧でした。 部屋も綺麗だったと思います。,,,ぎっくり首,rakuten_38530_eab2c7f3a1630ad5c6aa5c0a54f14665
false,楽天トラベル,2,2026-03-23,チェックイン時、やり方が分からずモタモタしてしまった際、受付の方の対応があまり丁寧では無く、後ろに並んでいる人がいたわけでもないのに、私たちに「早くして」と言う感情がすごく伝わってくるような接客をされて、子どもとせっかく楽しみにして来たのにとても悲しかったです。アメニティーなどの種類も少なすぎて、お値段の割に、サービス的には不親切だな、と感じました。アクセス的には駅から近く、行きやすかったです。近くにスーパーやコンビニがあるのでとても便利でした。,,,チェックイン時、やり方が分からずモタモタしてしまった際、受付の方の対応があまり丁寧では無く、後ろに並んでいる人がいたわけでもないのに、私たちに「早くして」と言う感情がすごく伝わってくるような接客をされて、子どもとせっかく楽しみにして来たのにとても悲しかったです。アメニティーなどの種類も少なすぎて、お値段の割に、サービス的には不親切だな、と感じました。アクセス的には駅から近く、行きやすかったです。近くにスーパーやコンビニがあるのでとても便利でした。,,,初めての楽天トラベル,rakuten_38530_865d7147022dfff6a0c5d4a411fff348
false,Booking.com,6,2026-03-22,,部屋も広く、快適でした,ホテルが改装中が残念で、朝食がバイキングでないのが、残念でした。,,部屋も広く、快適でした,ホテルが改装中が残念で、朝食がバイキングでないのが、残念でした。,芝田,bookingcom_686494_d1b009c69899d2e1c6edbb67098a403e
false,Google,5,2026-03-22,2階のカフェ兼ブックルームは明るく快適です🍀。コーヒー、紅茶、水、電子レンジをご用意しています☕️🫖。朝食は通常通りです🍽️🥐🧇  改装工事が完了しました👷🏻‍♂️  お手頃価格で美味しい！  コストパフォーマンスの高い国際チェーンホテル🏨,,,2階のカフェ兼ブックルームは明るく快適です🍀。コーヒー、紅茶、水、電子レンジをご用意しています☕️🫖。朝食は通常通りです🍽️🥐🧇  改装工事が完了しました👷🏻‍♂️  お手頃価格で美味しい！  コストパフォーマンスの高い国際チェーンホテル🏨,,,YiFan Yang,google_ChIJb0LXwvZcGGARgoK9Zeke02g_f4ef496ce9aa1c8b06cb041ac186e513
false,Google,5,2026-03-22,東京と横浜への旅行中に、予定外の宿泊先が1泊だけありましたが、チョイスホテルの会員権を持っていたので、横浜のコンフォートホテルに泊まることにしました。  フロントは2階にあります。チェックインは機械で行いますが、スタッフがいつでも対応してくれるので安心です。スタッフは皆とても親切で丁寧です。フロントの右側にはコンフォートライブラリーカフェがあり、セルフサービスのウェルカムドリンクを提供しています。新しく改装されたばかりの店内は清潔で明るく、テーブルや椅子が配置され、居心地の良い雰囲気です。午後1時から深夜0時までは、コーヒーマシンと各種ティーバッグが利用できます。  ホテル自体はそれほど大きくないので、客室スペースも当然限られています。しかし、この価格帯としては非常に良いと言えるでしょう。ダブルルーム（大型ベッド1台）でも、28インチのスーツケース2個と機内持ち込みサイズのスーツケース2個を壁際に立てかけても、窮屈さは感じませんでした。大型スーツケースの1つは、頭上の荷物棚に簡単に収納でき、開けることもできました。  特筆すべきは、部屋の清潔さです。嫌な臭いは一切なく、カーペット、カーテン、そしてバスルームまでピカピカでした。これは予想外のことで、ハウスキーピングスタッフの清掃と整理整頓への献身ぶりがよく分かりました。  ビュッフェスタイルの朝食はさらに嬉しい驚きでした。2階のレストラン（現在はコンフォートライブラリーカフェ）が改装中で、その間は朝食ボックスしか提供されていないと聞いていましたが、昨日ビュッフェスタイルの朝食が再開したとのことでした。正直なところ、朝食にはあまり期待していませんでした。もし気が乗らなければ、ざっと見て階下のローソンかセブンイレブンに行こうと思っていたほどです。ところが、価格帯を考えると、驚くほど豊富な品揃えでした。サラダ、野菜、スクランブルエッグ、魚料理、鶏肉と野菜の炒め物、豚肉と野菜の炒め物、ソーセージ、ご飯、味噌汁、クロワッサン、トースト、ミニパンケーキ、絞りたてのジュース、コーヒー、紅茶など、種類も豊富でした。栄養満点で満足のいく朝食としては十分すぎる量でしたし、何より料理が本当に美味しかったです！  さらに、ハウスキーピングスタッフをはじめ、お世話になったすべてのサービススタッフの方々に感謝申し上げます。皆さんが礼儀正しく親切で、本当に素晴らしかったです！,,,東京と横浜への旅行中に、予定外の宿泊先が1泊だけありましたが、チョイスホテルの会員権を持っていたので、横浜のコンフォートホテルに泊まることにしました。  フロントは2階にあります。チェックインは機械で行いますが、スタッフがいつでも対応してくれるので安心です。スタッフは皆とても親切で丁寧です。フロントの右側にはコンフォートライブラリーカフェがあり、セルフサービスのウェルカムドリンクを提供しています。新しく改装されたばかりの店内は清潔で明るく、テーブルや椅子が配置され、居心地の良い雰囲気です。午後1時から深夜0時までは、コーヒーマシンと各種ティーバッグが利用できます。  ホテル自体はそれほど大きくないので、客室スペースも当然限られています。しかし、この価格帯としては非常に良いと言えるでしょう。ダブルルーム（大型ベッド1台）でも、28インチのスーツケース2個と機内持ち込みサイズのスーツケース2個を壁際に立てかけても、窮屈さは感じませんでした。大型スーツケースの1つは、頭上の荷物棚に簡単に収納でき、開けることもできました。  特筆すべきは、部屋の清潔さです。嫌な臭いは一切なく、カーペット、カーテン、そしてバスルームまでピカピカでした。これは予想外のことで、ハウスキーピングスタッフの清掃と整理整頓への献身ぶりがよく分かりました。  ビュッフェスタイルの朝食はさらに嬉しい驚きでした。2階のレストラン（現在はコンフォートライブラリーカフェ）が改装中で、その間は朝食ボックスしか提供されていないと聞いていましたが、昨日ビュッフェスタイルの朝食が再開したとのことでした。正直なところ、朝食にはあまり期待していませんでした。もし気が乗らなければ、ざっと見て階下のローソンかセブンイレブンに行こうと思っていたほどです。ところが、価格帯を考えると、驚くほど豊富な品揃えでした。サラダ、野菜、スクランブルエッグ、魚料理、鶏肉と野菜の炒め物、豚肉と野菜の炒め物、ソーセージ、ご飯、味噌汁、クロワッサン、トースト、ミニパンケーキ、絞りたてのジュース、コーヒー、紅茶など、種類も豊富でした。栄養満点で満足のいく朝食としては十分すぎる量でしたし、何より料理が本当に美味しかったです！  さらに、ハウスキーピングスタッフをはじめ、お世話になったすべてのサービススタッフの方々に感謝申し上げます。皆さんが礼儀正しく親切で、本当に素晴らしかったです！,,,Lily Li,google_ChIJb0LXwvZcGGARgoK9Zeke02g_d1294e454d41ff2b6563cb595ba0fe25
false,Trip.com,8,2026-03-22,アメニティがもっと充実しているといいのかなと思います。食事はばっちりでした。,,,アメニティがもっと充実しているといいのかなと思います。食事はばっちりでした。,,,ゲ‍ス‍ト,trip_1883959104
false,Booking.com,5,2026-03-22,,観光としての立地は凄くいいともう,部屋が思っていた以上に狭い  タオルかける場所がない  ユニットバスが狭すぎる  朝食が激混みで、やっと通されたら食べ物がほとんどなく、トレー、お皿もなかった。やっと食べようとしたら、横で机のアルコール清掃をされて、少しかかってしまった。,,観光としての立地は凄くいいともう,部屋が思っていた以上に狭い  タオルかける場所がない  ユニットバスが狭すぎる  朝食が激混みで、やっと通されたら食べ物がほとんどなく、トレー、お皿もなかった。やっと食べようとしたら、横で机のアルコール清掃をされて、少しかかってしまった。,Yasuhito,bookingcom_686494_e0a10ad01356b4ee48b32fd6240a9661
false,楽天トラベル,3,2026-03-22,朝食は混雑のため、料理が残っていなかったのが、残念でした。近くのスタッフに料理の追加について質問をしたのですが、厨房にいる料理人に直接聞いてくださいと言われたのがビックリしました。客が厨房に入ることを容認しているのが、衛生面で疑問が 生じました。 その他は満足しました。,,,朝食は混雑のため、料理が残っていなかったのが、残念でした。近くのスタッフに料理の追加について質問をしたのですが、厨房にいる料理人に直接聞いてくださいと言われたのがビックリしました。客が厨房に入ることを容認しているのが、衛生面で疑問が 生じました。 その他は満足しました。,,,ケンチャック81,rakuten_38530_2d84feb1d90c52ffa26be57e9d6e108d
false,Google,5,2026-03-22,二樓咖啡圖書層環境挺明亮舒適的🍀 有咖啡、茶、水，微波爐☕️🫖 早餐恢復正常營運🍽️🥐🧇  剛剛整修完畢👷🏻‍♂️  經濟實惠！餐點可口！ CP值比較高的國際連鎖酒店🏨,,,2階のカフェと書店エリアは明るく快適です🍀。コーヒー、紅茶、水、電子レンジをご用意しています☕️🫖。朝食は通常通りです🍽️🥐🧇。改装されたばかりです👷🏻‍♂️。お手頃価格で美味しい！価値の高い国際チェーンホテル🏨,,,YiFan Yang,google_ChIJb0LXwvZcGGARgoK9Zeke02g_59d1f27e410dc2397f558af0ed2742d3
false,Google,5,2026-03-22,這趟東京、橫濱之旅有一晚的住宿行程沒安排好，因為我們也有Choice的會籍，就決定來體驗橫濱的Comfort 。  櫃檯在2樓，旅客需要自行在機器上辦理入住，但一旁都有工作人員隨時協助流程，而且每位人員都很親切、有耐心。櫃檯右側是Comfort Library Cafe，提供自行取用的迎賓飲品，剛整新好的空間，桌、椅、整體環境清潔明亮又舒適，咖啡機和多種茶包從下午1點至午夜12點提供住客隨時使用。  旅館本身不大，當然房間空間也會有限，不過以這個價位的住宿來說算是很不錯了，即便兩人房(一大床)兩件28吋行李箱、兩件登機箱靠牆站也不顯太侷促，其中一件大行李箱放行李架上打開都不是問題。  值得讚賞的是房間內處處都整理的很乾淨，空氣中沒有異味，地毯、窗簾看起來都乾乾淨淨，連浴室都是，這點其實有點出乎我的意料，看來房務人員在清潔和整理房間上很盡心盡力！  自助早餐更是讓我們意外。聽說前段時間2樓餐廳(也就是現在的Comfort Library Cafe)在整新，所以那段時間入住的房客只有早餐餐盒，但昨天起已經重新開放自助早餐。其實本來對早餐沒抱太大的期望，甚至準備看一眼如果不想吃就會去樓下Lawson或7-11，但沒想到選項還不算少(請以這個價位的住宿來衡量)，沙拉、蔬菜、西式炒蛋、魚類料理、雞肉+蔬菜、豬肉+蔬菜、肉腸、白飯、味增湯、可頌、吐司、小鬆餅、現打果汁、咖啡、茶，對於一頓營養豐盛的早餐已很足夠，更重要的是餐點美味又可口！  另外對於我們遇到的服務人員們、包括房務人員都要給予讚賞，每一位都是彬彬有禮、態度親切，真的很棒！,,,東京と横浜への旅行中に一泊する予定はなかったのですが、チョイスホテルの会員だったので、横浜のコンフォートホテルに泊まることにしました。カウンターは2階にあり、チェックインは機械を使ってセルフチェックインする必要がありますが、スタッフが対応してくれるので安心です。スタッフは皆とても親切で忍耐強く対応してくれます。カウンターの右側にはコンフォートライブラリーカフェがあり、セルフサービスのウェルカムドリンクを提供しています。新しく改装された店内は清潔で明るく快適で、テーブルや椅子などが置かれ、落ち着いた雰囲気です。コーヒーマシンや各種ティーバッグは午後1時から深夜0時まで利用できます。ホテル自体はそれほど大きくないので、部屋のスペースは当然限られていますが、この価格帯としてはかなり良いです。ダブルルーム（大きなベッドが1台）でも、28インチのスーツケース2個と機内持ち込みサイズのスーツケース2個を壁に立てかけても窮屈に感じず、大きなスーツケースの1つは頭上のラックに簡単に載せて開けることができました。特筆すべきは、部屋の清潔さです。嫌な臭いはなく、カーペット、カーテン、バスルームまでピカピカでした。これは予想外でしたが、ハウスキーピングスタッフの清掃と整理整頓への献身ぶりがうかがえました。ビュッフェ式朝食はさらに大きな驚きでした。2階のレストラン（現在はコンフォートライブラリーカフェ）が改装中なので、その間は朝食ボックスしか提供されないと聞いていました。しかし、ビュッフェ式朝食は昨日再開しました。正直なところ、朝食にはあまり期待していませんでしたし、もしそこで食べる気がしなかったら、ざっと見て階下のローソンかセブンイレブンに行こうとさえ思っていました。しかし、価格帯を考えると、品揃えは驚くほど良かったです。サラダ、野菜、スクランブルエッグ、魚料理、鶏肉と野菜、豚肉と野菜、ソーセージ、ご飯、味噌汁、クロワッサン、トースト、ミニパンケーキ、絞りたてのジュース、コーヒー、紅茶などがありました。栄養満点で満足のいく朝食としては十分すぎるほどでしたし、何より料理が美味しく食欲をそそるものでした！さらに、ハウスキーピングスタッフをはじめ、出会ったすべてのサービススタッフに感謝の意を表したいと思います。皆さんが礼儀正しく親切で、本当に素晴らしかったです！,,,Lily Li,google_ChIJb0LXwvZcGGARgoK9Zeke02g_9f0ebf7ee793ea4f75b2dc1342505903
false,じゃらん,4,2026-03-22,今回連休中にホテルを使用させていただきました。  部屋や接客はとてもよく気持ちよく使わさせていただきました。  ただ 残念だったのは朝食が混みすぎて待ち時間が長く仕事に遅れそうになった事が残念でした。  お客を通路に待たせて席が空くと順番に係の人が呼んで座らせるのですが空いてる場所があるのに案内しないためかなりの人が待機列にならんで大変でした。  他のビジネスホテルの様に勝手に行かせて食事をとらせる方が早い様に感じます。,,,今回連休中にホテルを使用させていただきました。  部屋や接客はとてもよく気持ちよく使わさせていただきました。  ただ 残念だったのは朝食が混みすぎて待ち時間が長く仕事に遅れそうになった事が残念でした。  お客を通路に待たせて席が空くと順番に係の人が呼んで座らせるのですが空いてる場所があるのに案内しないためかなりの人が待機列にならんで大変でした。  他のビジネスホテルの様に勝手に行かせて食事をとらせる方が早い様に感じます。,,,toshiboubuuさん,jalan_332780_fedefe23e990884d0c46950bd0259378
false,Google,4,2026-03-21,,,,,,,なんでもシスターズ,google_ChIJb0LXwvZcGGARgoK9Zeke02g_d6644e66df064d40c3b00322d2257d44
false,Google,3,2026-03-21,部屋はまずまずの居心地 駅からも近いのはグッド ただし、朝食に至っては、空間が狭い分、並びが進行方向がわからないため逆順になったりして、大変だった。 混雑時は待つ形になると思う。 けれど混雑時に持ち帰り用の容器も、用意されてるので持ち帰って部屋で食べることもできる。,,,部屋はまずまずの居心地 駅からも近いのはグッド ただし、朝食に至っては、空間が狭い分、並びが進行方向がわからないため逆順になったりして、大変だった。 混雑時は待つ形になると思う。 けれど混雑時に持ち帰り用の容器も、用意されてるので持ち帰って部屋で食べることもできる。,,,いわえーすけ,google_ChIJb0LXwvZcGGARgoK9Zeke02g_cda0486480dd3e923ea55fdf185e76a0
false,Trip.com,7,2026-03-21,喫煙場所が遠すぎるのでHPに案内して欲しかったし、工事中で階段が付かずエレベータが使えない事を知らずに長時間フロントに行けなかったのでスタッフが1階で説明するか案内文を掲示して欲しかった。楽しみにしていたビュッフェで朝食が取れなかったことも残念。,,,喫煙場所が遠すぎるのでHPに案内して欲しかったし、工事中で階段が付かずエレベータが使えない事を知らずに長時間フロントに行けなかったのでスタッフが1階で説明するか案内文を掲示して欲しかった。楽しみにしていたビュッフェで朝食が取れなかったことも残念。,,,山‍本‍浩‍幸,trip_1882576506
false,Booking.com,4,2026-03-21,,スタッフの応対は良かったです,,,スタッフの応対は良かったです,,Kyoko,bookingcom_686494_fe2c0277008f8e61e52f71ef0e155fa8
false,じゃらん,5,2026-03-21,中華街で夕飯を食べてから、のんびりホテルまで歩きました。ちょうど良い距離感で散歩した感じでした。  ホテルの風呂はユニットバスですが、お湯を溜めて入りゆっくり疲れが取れました。  お部屋も綺麗でした。  私が泊まった日は 普通にモーニングが食べられました。 アメニティも必要最小限はあるので良かったです。  ただ、家族の中に喫煙者がいて ホテルは禁煙なのと路上喫煙もできないので近くにわかりやすい喫煙場所があったら良かったなぁと話していました(我慢して貰いました)  分かりやすかったら ホテルから歩いて喫煙に行きたかったそうです  その他は全て良かったです。お世話になりました。,,,中華街で夕飯を食べてから、のんびりホテルまで歩きました。ちょうど良い距離感で散歩した感じでした。  ホテルの風呂はユニットバスですが、お湯を溜めて入りゆっくり疲れが取れました。  お部屋も綺麗でした。  私が泊まった日は 普通にモーニングが食べられました。 アメニティも必要最小限はあるので良かったです。  ただ、家族の中に喫煙者がいて ホテルは禁煙なのと路上喫煙もできないので近くにわかりやすい喫煙場所があったら良かったなぁと話していました(我慢して貰いました)  分かりやすかったら ホテルから歩いて喫煙に行きたかったそうです  その他は全て良かったです。お世話になりました。,,,くろちゃんさん,jalan_332780_57d6725763df7e93175ce469ae470cbf
false,楽天トラベル,4,2026-03-20,立地もいいですし、客層もまずまず。料金帯を考えたら良いホテルだと思います。,,,立地もいいですし、客層もまずまず。料金帯を考えたら良いホテルだと思います。,,,Kikikirin,rakuten_38530_3bc020101c4f1fac61c9dba2a8637b27
false,楽天トラベル,1,2026-03-20,予約時に見落としていたこちらのミスかもしれないが、内装工事しており、その関係で音がうるさく、朝食も弁当だった。,,,予約時に見落としていたこちらのミスかもしれないが、内装工事しており、その関係で音がうるさく、朝食も弁当だった。,,,りーたん0401,rakuten_38530_2655dbb6f33c4ad09b8b84c58c1aca36
false,Trip.com,6,2026-03-20,改装中のため朝食がお弁当のため味気ない為ショックだった。もうすこし中身など考えた方が良いと思いました。,,,改装中のため朝食がお弁当のため味気ない為ショックだった。もうすこし中身など考えた方が良いと思いました。,,,ゲ‍ス‍ト,trip_1881792492
false,Google,4,2026-03-20,部屋は狭めで設備も古いが、スタッフの応対も丁寧でウェルカムドリンクもあります。 道向かいにコンビニがあり、近隣に美味しい飲食店も多く、中華街や赤レンガ等の観光地まで徒歩圏内。さらに駅近で便利な立地です。 ただし、朝食会場は狭く配置も悪いので平日でも激混み。夜は泥酔通行人の声が響いて聞こえます。個人的には騒音には慣れているので問題なし。 トータル、セールで安く泊まれるならオススメ。,,,部屋は狭めで設備も古いが、スタッフの応対も丁寧でウェルカムドリンクもあります。 道向かいにコンビニがあり、近隣に美味しい飲食店も多く、中華街や赤レンガ等の観光地まで徒歩圏内。さらに駅近で便利な立地です。 ただし、朝食会場は狭く配置も悪いので平日でも激混み。夜は泥酔通行人の声が響いて聞こえます。個人的には騒音には慣れているので問題なし。 トータル、セールで安く泊まれるならオススメ。,,,501,google_ChIJb0LXwvZcGGARgoK9Zeke02g_399282a48f8ab13c37f7d65e3e7a8ea9
false,Google,4,2026-03-20,"7,000円で朝食ビュッフェ付きは格安かと思います また6:30から朝食可能でしたので、出発まで時間ない人はおすすめです 部屋も綺麗で広く、ベッドはダブルでした",,,"7,000円で朝食ビュッフェ付きは格安かと思います また6:30から朝食可能でしたので、出発まで時間ない人はおすすめです 部屋も綺麗で広く、ベッドはダブルでした",,,AM 10,google_ChIJb0LXwvZcGGARgoK9Zeke02g_c4ffe0cb3662c47b31508371a6a441d1
false,Booking.com,4,2026-03-19,,,朝食は、ビュッフェ形式でなかった。,,,朝食は、ビュッフェ形式でなかった。,Yukiharu,bookingcom_686494_66d2136663a68f92d06d001dd921607c
false,楽天トラベル,1,2026-03-19,羊頭狗肉で非常に残念な滞在でした。 予約したプランには【朝食ビュッフェが無料！スムージーや期間限定メニュー！】などと大々的に銘打ってありましたが、実際にはチェックイン時に「工事期間のため簡単な弁当になる」と伝えられました。  工事期間は3月7日〜20日だそうで、私が予約したのは3月15日（宿泊は19日）なので、予約入れた時点ですでに工事中でしたね。つまり、宿泊当日は朝食を提供できないと事前に知りながら【朝食ビュッフェ無料】と不実を記載していた、ということになります。少なからず問題だし、トラブルは十分予見できるでしょう。  弁当は写真のとおり非常に粗末で、手をつけませんでした。 まあそれはいいのですが、本件で不愉快な思いをしている宿泊客が多数存在するのは確実なのに、それと知りながら平気で行う姿勢がとても残念です。,,,羊頭狗肉で非常に残念な滞在でした。 予約したプランには【朝食ビュッフェが無料！スムージーや期間限定メニュー！】などと大々的に銘打ってありましたが、実際にはチェックイン時に「工事期間のため簡単な弁当になる」と伝えられました。  工事期間は3月7日〜20日だそうで、私が予約したのは3月15日（宿泊は19日）なので、予約入れた時点ですでに工事中でしたね。つまり、宿泊当日は朝食を提供できないと事前に知りながら【朝食ビュッフェ無料】と不実を記載していた、ということになります。少なからず問題だし、トラブルは十分予見できるでしょう。  弁当は写真のとおり非常に粗末で、手をつけませんでした。 まあそれはいいのですが、本件で不愉快な思いをしている宿泊客が多数存在するのは確実なのに、それと知りながら平気で行う姿勢がとても残念です。,,,zihuatanejo_rdptn,rakuten_38530_4542f2c21befe8de68e52e81951c6392
false,楽天トラベル,4,2026-03-18,最近の横浜方面出張時には良く利用。横浜市営地下鉄の駅が近く便利。個人的には特に、ライブラリー&カフェが気に入っており、好きな本を選んで読んだりゆっくり過ごす事ができます。コンフォートホテルはベットの硬さも枕の高さも私には最適で睡眠アプリで熟睡度80%くらい(自宅でも70%なのに)。ただし，今回は改装工事でカフェが利用出来ず、朝食もおにぎり弁当の一択で残念！でも，来月もまた泊まります。,,,最近の横浜方面出張時には良く利用。横浜市営地下鉄の駅が近く便利。個人的には特に、ライブラリー&カフェが気に入っており、好きな本を選んで読んだりゆっくり過ごす事ができます。コンフォートホテルはベットの硬さも枕の高さも私には最適で睡眠アプリで熟睡度80%くらい(自宅でも70%なのに)。ただし，今回は改装工事でカフェが利用出来ず、朝食もおにぎり弁当の一択で残念！でも，来月もまた泊まります。,,,Cookie_Papa,rakuten_38530_402b72015e20ededf5116eaf7277b914
false,Booking.com,7,2026-03-18,,窓から富士山が見えました。,あさのお弁当オニギリならジュースではなく、お茶が良かったかな？？,,窓から富士山が見えました。,あさのお弁当オニギリならジュースではなく、お茶が良かったかな？？,澤木,bookingcom_686494_4535254e929d1b18f3e77a22b67857f2
false,Booking.com,8,2026-03-17,,連泊なのにお部屋の清掃入られたことに驚きました。散らかしていて申し訳なかったです。m(_ _)m,レストラン？が改装中で提供された朝ごはん（お弁当）が残念でした。 あと、エレベーターが遅くて急いでいる時は早めの行動が必要です。（気持ちの問題）,,連泊なのにお部屋の清掃入られたことに驚きました。散らかしていて申し訳なかったです。m(_ _)m,レストラン？が改装中で提供された朝ごはん（お弁当）が残念でした。 あと、エレベーターが遅くて急いでいる時は早めの行動が必要です。（気持ちの問題）,Chie,bookingcom_686494_f8cea80c9d4a9a2f58e74fc9f16449a2
false,Google,1,2026-03-17,立地だけのホテル 朝食ブュッフェが楽しめるというから選んだのに、改装工事ということでクッソ不味い弁当であしらわれた。  弁当の内容は、いつ作ったん？というご飯の固くなったおにぎり2個(シャケ･昆布)とちゃっちいおかず、スプーンひとさじくらいのポテサラ、2切れの漬け物、ひじき  これだけ。行かなきゃ良かった。 ホテル予約する時にそんな注意書き無かったよね？ ほんと宿泊代返して欲しいレベル。,,,立地だけのホテル 朝食ブュッフェが楽しめるというから選んだのに、改装工事ということでクッソ不味い弁当であしらわれた。  弁当の内容は、いつ作ったん？というご飯の固くなったおにぎり2個(シャケ･昆布)とちゃっちいおかず、スプーンひとさじくらいのポテサラ、2切れの漬け物、ひじき  これだけ。行かなきゃ良かった。 ホテル予約する時にそんな注意書き無かったよね？ ほんと宿泊代返して欲しいレベル。,,,McKinley,google_ChIJb0LXwvZcGGARgoK9Zeke02g_7ee0c7a49fde9a8052b1b5642e09906d
false,Trip.com,9,2026-03-17,朝食が無料で大変助かりました,,,朝食が無料で大変助かりました,,,匿‍名‍ユ‍ー‍ザ‍ー,trip_1878495558
false,楽天トラベル,4,2026-03-17,レストラン工事でお弁当だったのが残念。 ただリニューアル中なのでお部屋も綺麗になりつつあり好感。,,,レストラン工事でお弁当だったのが残念。 ただリニューアル中なのでお部屋も綺麗になりつつあり好感。,,,Kikikirin,rakuten_38530_590a3df5de351f3d108ece79cf09b91f
false,じゃらん,1,2026-03-17,改修工事で通常のサービスが提供出来ない状態での営業なら、訳あり表示などでわかりやすく表示して欲しい。コーヒー1杯飲めないホテルなんて宿泊する価値ありません。朝食弁当はまずいし、朝食がパン派の人は対応なし。あれなら提供できませんとした方がよおのでは？とも思います。コンフォートを利用した事があったので、同等サービスを期待しての利用でした。このイメージダウンでコンフォートはもう使わないと思います。,,,改修工事で通常のサービスが提供出来ない状態での営業なら、訳あり表示などでわかりやすく表示して欲しい。コーヒー1杯飲めないホテルなんて宿泊する価値ありません。朝食弁当はまずいし、朝食がパン派の人は対応なし。あれなら提供できませんとした方がよおのでは？とも思います。コンフォートを利用した事があったので、同等サービスを期待しての利用でした。このイメージダウンでコンフォートはもう使わないと思います。,,,リョウガさん,jalan_332780_21f6352831e728dbb27386ca59bb7b02
false,Google,3,2026-03-16,,,,,,,きよちゃん,google_ChIJb0LXwvZcGGARgoK9Zeke02g_18073ceb19229588978abdbf5cf1d087
false,Trip.com,9,2026-03-16,La struttura è il classico business hotel con stanze piccole ma accoglienti peccato solo che c'erano i lavori di ristrutturazione e quindi non c'era la solita colazione ma davano un piccolo pocket lunch sinceramente avevo preso l'hotel per avere la colazione a buffet quindi non mi è piaciuto che non l'avessero perlomeno annunciato che ci sarebbero stati i lavori ! Altro hotel a Kyoto ha scritto e detto di cancellare nel caso ! Prezzo non adeguato,,,このホテルは、小さめながら快適な客室を備えた、典型的なビジネスホテルです。残念ながら改装工事中で、通常の朝食は提供されていませんでした。代わりに、軽食が提供されました。正直なところ、ビュッフェスタイルの朝食目当てでこのホテルを予約したので、せめて改装工事の告知すらしてくれなかったのは残念でした。京都の別のホテルに連絡を取り、必要であればキャンセルすると伝えました。料金も妥当ではありませんでした。,,,ゲ‍ス‍ト,trip_1878067858
false,Agoda,5,2026-03-16,ホテルが改装しているのを知らないで 宿泊をしたので、楽しみにしていた朝食のスムージーが飲めなくて残念でした。,,,ホテルが改装しているのを知らないで 宿泊をしたので、楽しみにしていた朝食のスムージーが飲めなくて残念でした。,,,Yasuyo,agoda_193987_483fd96560aaf95744658365c6e4a2fd
false,じゃらん,4,2026-03-16,チェックイン前、後荷物を預かってくれたのがとても助かりました。  ２泊しましたが立地もよくご飯に困りませんでした。  また利用したいと思います。,,,チェックイン前、後荷物を預かってくれたのがとても助かりました。  ２泊しましたが立地もよくご飯に困りませんでした。  また利用したいと思います。,,,すぎちゃんさん,jalan_332780_3c39993072ec0b2f8007ac2913872e4a
false,じゃらん,3,2026-03-16,朝食バイキングを楽しみにしていたら、まさかの弁当支給。  彩なんてない、冷え切った硬いおにぎり二つ、小さな唐揚げ二つ、薄い卵焼き一枚。飲み物はオレンジ、アップル、野菜生活から選べたけども、非常に残念。パン派もいるだろう。温かい食事を楽しみにしていた人もいるただろう。金券渡してもらって近くのコンビニで買った方がうんと美味しい食事が食べれたと思う。施設を良くするためのリニューアル工事は仕方ないにしても、対応が残念。リニューアル期間は弁当支給のプランと表記すべきだと思う。,,,朝食バイキングを楽しみにしていたら、まさかの弁当支給。  彩なんてない、冷え切った硬いおにぎり二つ、小さな唐揚げ二つ、薄い卵焼き一枚。飲み物はオレンジ、アップル、野菜生活から選べたけども、非常に残念。パン派もいるだろう。温かい食事を楽しみにしていた人もいるただろう。金券渡してもらって近くのコンビニで買った方がうんと美味しい食事が食べれたと思う。施設を良くするためのリニューアル工事は仕方ないにしても、対応が残念。リニューアル期間は弁当支給のプランと表記すべきだと思う。,,,まささん,jalan_332780_c7ad986a939dceae9493e5cc44638485
false,楽天トラベル,4,2026-03-15,遠出のついでに日帰りもできましたが、値段が安かったので宿泊しました。 7時半のチェックアウトのとき、改装中の朝食のお弁当受け渡し業務のスタッフが5人ほどいましたが、完全にシカトで、感じ悪かったです。 それ以外は特に問題なく過ごせました。,,,遠出のついでに日帰りもできましたが、値段が安かったので宿泊しました。 7時半のチェックアウトのとき、改装中の朝食のお弁当受け渡し業務のスタッフが5人ほどいましたが、完全にシカトで、感じ悪かったです。 それ以外は特に問題なく過ごせました。,,,みどりむす,rakuten_38530_cdc171c948a460a2ddd52ab5d4d3da2a
false,楽天トラベル,5,2026-03-15,ぴあアリーナでのイベントの際に一泊しました。低価格なのに、ホテル内、お部屋共にどこも清潔でフロントの方の接客もとても丁寧で安心でした。 チェックイン時間より早めに着いてしまいましたが、会員になるとチェックインを早められることを説明してくださり、フリースペースで少しの間待つだけでチェックインできました。 朝食のバイキングは混み合うことなく、待ち時間なしでのんびり食べることができました。いろいろな種類の朝食を楽しめたのがよかったです。 また泊まりたいです！,,,ぴあアリーナでのイベントの際に一泊しました。低価格なのに、ホテル内、お部屋共にどこも清潔でフロントの方の接客もとても丁寧で安心でした。 チェックイン時間より早めに着いてしまいましたが、会員になるとチェックインを早められることを説明してくださり、フリースペースで少しの間待つだけでチェックインできました。 朝食のバイキングは混み合うことなく、待ち時間なしでのんびり食べることができました。いろいろな種類の朝食を楽しめたのがよかったです。 また泊まりたいです！,,,えのこ0518,rakuten_38530_893954aff42464b4247a9fb387816424
false,Booking.com,7,2026-03-15,,,,,,,徳永,bookingcom_686494_b7ac36701a8d540ee1a77cde8ec9b896
false,Google,3,2026-03-15,改装中でごたついてはいましたが、客室に入れば静かで落ち着いて過ごせました。アメニティはビジネスホテルとしては普通だと思います。 Apple Payは使えませんでした。,,,改装中でごたついてはいましたが、客室に入れば静かで落ち着いて過ごせました。アメニティはビジネスホテルとしては普通だと思います。 Apple Payは使えませんでした。,,,Yasuhiko SHIMOKIHARA (hisuix),google_ChIJb0LXwvZcGGARgoK9Zeke02g_83d561a3dc1905c5f75fd25862d6c306
false,Agoda,8,2026-03-15,フェスの為、一泊しました。 部屋は、少し狭いですが、清潔にされていました。パジャマが用意されていましたが、薄く、ズボンがなかった為、若い方は、パジャマセットがいるかもです。 スタッフの方は親切で、丁寧に返答してくださいました。 今、朝食時のカフェが工事中で利用出来なかったので、今度は、是非利用したいと思います。,,,フェスの為、一泊しました。 部屋は、少し狭いですが、清潔にされていました。パジャマが用意されていましたが、薄く、ズボンがなかった為、若い方は、パジャマセットがいるかもです。 スタッフの方は親切で、丁寧に返答してくださいました。 今、朝食時のカフェが工事中で利用出来なかったので、今度は、是非利用したいと思います。,,,RIKA,agoda_193987_8fad47a6d6211c55bdd1bab23b8632f7
false,Agoda,8,2026-03-15,機械操作でのチェックインとチェックアウトでしたが、スタッフが丁寧にサポートしてくださりスムーズでした。工事中のため評価の高いカフェスペースや朝食バイキングが使用不可だったのは残念でしたし、アメニティが少ない点もありましたが朝食のお弁当付きでベッドも快適で隣からの音漏れも少なく静かで娘と宿泊するのに大変コスパが良かったです。横浜にまた遊びに来たときはリピートしたいと思います。,,,機械操作でのチェックインとチェックアウトでしたが、スタッフが丁寧にサポートしてくださりスムーズでした。工事中のため評価の高いカフェスペースや朝食バイキングが使用不可だったのは残念でしたし、アメニティが少ない点もありましたが朝食のお弁当付きでベッドも快適で隣からの音漏れも少なく静かで娘と宿泊するのに大変コスパが良かったです。横浜にまた遊びに来たときはリピートしたいと思います。,,,CHIKAKO,agoda_193987_28b6956c2daa8982f72e2c42baca0c02
false,じゃらん,2,2026-03-15,設備についてはビジネスホテルなのでガッカリすることもなく普通です、改装というのはわかっていて宿泊したので問題は感じませんでした。  ただ朝食のお弁当があの内容なら要らないからその分500円でも安くして欲しいわ。と思いました、栄養バランスも悪かった。,,,設備についてはビジネスホテルなのでガッカリすることもなく普通です、改装というのはわかっていて宿泊したので問題は感じませんでした。  ただ朝食のお弁当があの内容なら要らないからその分500円でも安くして欲しいわ。と思いました、栄養バランスも悪かった。,,,雪猫さん,jalan_332780_da0d30d56a99886cb0f57a0f0d7e1dd2
false,Google,5,2026-03-14,,,,,,,Kouki,google_ChIJb0LXwvZcGGARgoK9Zeke02g_da54339db5c34ec787b91b11a4894b9d
false,Trip.com,8,2026-03-14,最低限のアメニティ(歯ブラシ、くし、シャンプーリンス)が提供されてます。女性だと、スキンケアを持ち込んだ方がおすすめです。 冷蔵庫ですが、アイスを入れても溶けないくらい冷えるのでちょっとした嬉しさがあります！ 共有スペースに電子レンジや製氷器あるので温めるのに困りませんでした。 無料の朝食付きがこのホテルの魅力的ポイントでした！ 電車に乗ってラーメン博物館もあり、観光にも便利な立地でした。,,,最低限のアメニティ(歯ブラシ、くし、シャンプーリンス)が提供されてます。女性だと、スキンケアを持ち込んだ方がおすすめです。 冷蔵庫ですが、アイスを入れても溶けないくらい冷えるのでちょっとした嬉しさがあります！ 共有スペースに電子レンジや製氷器あるので温めるのに困りませんでした。 無料の朝食付きがこのホテルの魅力的ポイントでした！ 電車に乗ってラーメン博物館もあり、観光にも便利な立地でした。,,,m‍o‍c‍h‍i‍.‍m‍o‍c‍h‍i,trip_1875718252
false,楽天トラベル,2,2026-03-14,工事中だったため朝のビュッフェがないのは連絡を受けていましたが、代わりの弁当があまりにもお粗末でした。２泊目はジュースとスープのみいただきました。 また、工事の時間が18時までと長かったので、ホテルに戻らず時間を調整してみたり、使う人が多いだろうという時間にエレベーターを一基止めて作業していたり。 フロント付近にドリンクはありましたが、一泊目の日には紙コップがなくて結局飲めず。コンフォートホテルはあちこちで使っていますが、工事中のフォローがまったく足りてなくてとても残念でした。,,,工事中だったため朝のビュッフェがないのは連絡を受けていましたが、代わりの弁当があまりにもお粗末でした。２泊目はジュースとスープのみいただきました。 また、工事の時間が18時までと長かったので、ホテルに戻らず時間を調整してみたり、使う人が多いだろうという時間にエレベーターを一基止めて作業していたり。 フロント付近にドリンクはありましたが、一泊目の日には紙コップがなくて結局飲めず。コンフォートホテルはあちこちで使っていますが、工事中のフォローがまったく足りてなくてとても残念でした。,,,不明,rakuten_38530_6ce9feba46982d7641c66fe1029508aa
false,じゃらん,2,2026-03-14,今回横浜旅行で1泊させてもらいました。  朝食がおいしいとの口コミがありましたのでこちらにしましたが、自分の見落としにより今は改装中のため、ビュッフェがないことを見落としてしまいました。。。  今はフロントで朝、軽食のお弁当が配られます。  子供がビュッフェを楽しみにしていたのでとても悲しかったです。。。  またウェルカムドリンクのコーヒーも楽しみにしていたのですが、現在はそういったサービスも無しとの事なので非常に残念でした。  せめて部屋に粉末スティックタイプでもいいのでコーヒーや紅茶等おいておいてくれるとありがたかったのですが。。。  スティックのお茶が二つありました。  部屋着（バスローブ）はエレベーター前にあるのでそれを取って行くスタイルです。  部屋は清潔感があります。  スタッフも親切です。  お世話になりました。,,,今回横浜旅行で1泊させてもらいました。  朝食がおいしいとの口コミがありましたのでこちらにしましたが、自分の見落としにより今は改装中のため、ビュッフェがないことを見落としてしまいました。。。  今はフロントで朝、軽食のお弁当が配られます。  子供がビュッフェを楽しみにしていたのでとても悲しかったです。。。  またウェルカムドリンクのコーヒーも楽しみにしていたのですが、現在はそういったサービスも無しとの事なので非常に残念でした。  せめて部屋に粉末スティックタイプでもいいのでコーヒーや紅茶等おいておいてくれるとありがたかったのですが。。。  スティックのお茶が二つありました。  部屋着（バスローブ）はエレベーター前にあるのでそれを取って行くスタイルです。  部屋は清潔感があります。  スタッフも親切です。  お世話になりました。,,,マサルさん,jalan_332780_7a183a6842cf6188df7ce50f01ccc91a
false,Google,3,2026-03-13,,,,,,,カーミーKa-mmy,google_ChIJb0LXwvZcGGARgoK9Zeke02g_e7d1836bd98249a2184cb546f74af280
false,Google,2,2026-03-13,注意！現在改装工事の為迄『朝食バイキング・ウェルカムドリンク』なし！！ 予約時は、特に口コミにそのような情報はなく、外装工事入るとは知らなかったので、予約してしまいましたが、朝食はおにぎりと少しおかずの入ったお弁当が配布されます。ビュッフェとコーヒーなどのドリンクが楽しみだったので非常に残念に思いました。,,,注意！現在改装工事の為迄『朝食バイキング・ウェルカムドリンク』なし！！ 予約時は、特に口コミにそのような情報はなく、外装工事入るとは知らなかったので、予約してしまいましたが、朝食はおにぎりと少しおかずの入ったお弁当が配布されます。ビュッフェとコーヒーなどのドリンクが楽しみだったので非常に残念に思いました。,,,ハウスコネクト,google_ChIJb0LXwvZcGGARgoK9Zeke02g_7a2b3290f06e63705189398e4674aead
false,Trip.com,5,2026-03-13,自助早餐都撤了，變成盒飯飯糰。在裝修，局部像工地一樣。這些訊息訂房頁面毫無提及。 優點：衞生可以，房間寬敞。 缺點：白燈光昏暗，洗護辣雞，和東橫一樣辣雞。,,,ビュッフェスタイルの朝食は廃止され、代わりに弁当とおにぎりが提供されるようになりました。改装工事中で、一部は工事現場のようです。この情報は予約ページには記載されていません。良い点：清潔さは許容範囲内、部屋は広々としています。悪い点：照明が暗く、アメニティがひどい。東横インと全く同じです。,,,匿‍名‍ユ‍ー‍ザ‍ー,trip_1874080896
false,Trip.com,7,2026-03-13,このホテルの最大の魅力はライブラリーカフェーにありますが、今回はカフェーの工事のため使えなくて残念でした。朝食サービスはおにぎりと、健康に悪いフライ（プラスジュースとスープ）だったので、がっかりでした。野菜スティックとか焼き魚にでもしてくださればよかったのに。ベッドは快適でした。,,,このホテルの最大の魅力はライブラリーカフェーにありますが、今回はカフェーの工事のため使えなくて残念でした。朝食サービスはおにぎりと、健康に悪いフライ（プラスジュースとスープ）だったので、がっかりでした。野菜スティックとか焼き魚にでもしてくださればよかったのに。ベッドは快適でした。,,,ゲ‍ス‍ト,trip_1874125812
false,楽天トラベル,5,2026-03-13,駅からとても近くて、歩いていろいろなところにいける良いホテルだと。,,,駅からとても近くて、歩いていろいろなところにいける良いホテルだと。,,,いいまりさん,rakuten_38530_e1291cf9f4487a62d131d85835493719
false,Booking.com,3,2026-03-13,,,,,,,杉浦,bookingcom_686494_dfd0fe75f7d71b21ddff9506e807bdb2
false,Google,4,2026-03-13,,,,,,,takafumi oohara,google_ChIJb0LXwvZcGGARgoK9Zeke02g_abe2c8bf9a0a606eda510fa724b9b471
false,楽天トラベル,2,2026-03-12,朝食はだいぶ寂しい感じです。 チェックイン日からコーヒー等が飲み放題なのはうれしいです。 他のお客さんが部屋を開けながら喋っていたのかわからないですがずっとうるさかったです。 部屋は一般的なビジネスホテルという感じです。,,,朝食はだいぶ寂しい感じです。 チェックイン日からコーヒー等が飲み放題なのはうれしいです。 他のお客さんが部屋を開けながら喋っていたのかわからないですがずっとうるさかったです。 部屋は一般的なビジネスホテルという感じです。,,,かずや9176,rakuten_38530_ac37be72ee16e752f73c0291d8ff2e67
false,楽天トラベル,4,2026-03-12,朝食のバイキングがなく、軽食に変更されてたのが残念でした。チェクイン、チェックアウトの際、丁寧な対応で非常に助かりました。,,,朝食のバイキングがなく、軽食に変更されてたのが残念でした。チェクイン、チェックアウトの際、丁寧な対応で非常に助かりました。,,,JassMerry,rakuten_38530_4557af8ec53be32d0c65827e5239a4e5
false,Agoda,8,2026-03-12,工事中でしたがなんの問題もなく、過ごせました 清掃なしのプランですが、タオルは交換してもらえましたし、備品も追加してもらえました 中華街から歩ける距離なのでよかったです,,,工事中でしたがなんの問題もなく、過ごせました 清掃なしのプランですが、タオルは交換してもらえましたし、備品も追加してもらえました 中華街から歩ける距離なのでよかったです,,,Machiko,agoda_193987_11ad0d8ce56b4d8349933976aeb9210b
false,Trip.com,10,2026-03-11,レストランの改装中にあたってしまい残念でしたが、お弁当の朝食サービスもあり立地と価格を考えるとかなりお得だったと思います。,,,レストランの改装中にあたってしまい残念でしたが、お弁当の朝食サービスもあり立地と価格を考えるとかなりお得だったと思います。,,,m‍o‍m‍o‍m‍o‍m‍o‍s‍u‍m‍o‍m‍o,trip_1872224262
false,楽天トラベル,5,2026-03-11,朝食に2種類スムージーがあったのがよかったです。,,,朝食に2種類スムージーがあったのがよかったです。,,,２８９６st,rakuten_38530_659afa1203d09f351d4781016ea486fe
false,楽天トラベル,3,2026-03-11,今回も早めの予約で朝食を楽しみにしていたのですが、タイミング悪く突然の改装でお弁当を部屋で食べると言うスタイルでした。お値段的には仕方ないかもですが、やはり通常のブュッフェには及ばす、 とても残念でした。,,,今回も早めの予約で朝食を楽しみにしていたのですが、タイミング悪く突然の改装でお弁当を部屋で食べると言うスタイルでした。お値段的には仕方ないかもですが、やはり通常のブュッフェには及ばす、 とても残念でした。,,,いーちゃん6047,rakuten_38530_464baf040c78512eb4dbe5fca3138fce
false,Trip.com,6,2026-03-10,施設が工事中だったので、朝食がお弁当だった。 毎日、おかずが変わるお弁当で良かった。,,,施設が工事中だったので、朝食がお弁当だった。 毎日、おかずが変わるお弁当で良かった。,,,ゲ‍ス‍ト,trip_1870972890
false,Google,4,2026-03-10,関内駅に近く、朝食付きで、ある程度のきれいさに評価のあるホテルの中で探しました。 選んだプランの子連れ料金(小学生以下添い寝無料)が決めてとなりました。 あいにく改装期間で朝食バイキングはお休みとなっていましたが、朝ごはんに給食を提供してください、アットホームというか、親切に対応いただいたと思います。コスパはよく、部屋に冷蔵庫もあって良かったです。 チェックアウトタイミングに上階からのエレベーターが満員で全然乗れなくて、非常階段から降りましたが、それだけは困りました。タイミングですかね。 子連れで添い寝無料はとても助かるので、朝食レストランが復活したらまた利用したいと思います。,,,関内駅に近く、朝食付きで、ある程度のきれいさに評価のあるホテルの中で探しました。 選んだプランの子連れ料金(小学生以下添い寝無料)が決めてとなりました。 あいにく改装期間で朝食バイキングはお休みとなっていましたが、朝ごはんに給食を提供してください、アットホームというか、親切に対応いただいたと思います。コスパはよく、部屋に冷蔵庫もあって良かったです。 チェックアウトタイミングに上階からのエレベーターが満員で全然乗れなくて、非常階段から降りましたが、それだけは困りました。タイミングですかね。 子連れで添い寝無料はとても助かるので、朝食レストランが復活したらまた利用したいと思います。,,,田村ワイフ,google_ChIJb0LXwvZcGGARgoK9Zeke02g_92ab81d12888504e82f058aeb9d34042
false,Agoda,8,2026-03-10,グッド,,,グッド,,,くにお,agoda_193987_4e70b2a130c78fd042e4cc0dd9132853
false,Agoda,8,2026-03-10,部屋は清潔だし、コンパクトで使いやすい。朝食付きだが、場所が狭いのでかなり混みます。,,,部屋は清潔だし、コンパクトで使いやすい。朝食付きだが、場所が狭いのでかなり混みます。,,,h,agoda_193987_28829e171a0c1b013d9227b70df27840
false,じゃらん,2,2026-03-10,気づいていなかった自分自身の落ち度ではありますが、ちょうど、朝食会場改装に当たってしまい、楽しみにしていた朝食が、ごく簡素なお弁当になって、残念な思いをしました(無料朝食なので文句も言えません)。あわせて、朝にコーヒーすらホテルでいただけず、コンビニに行かなければならなかったことが良い思い出になりませんでした。スタッフの皆さんはけっして感じ悪くなかったです。周りに飲食店も多く、地下鉄駅からも近く、便利な立地ではあると思います。アメニティはごくシンプルで、ブラシはなくクシだったのが珍しかったです。,,,気づいていなかった自分自身の落ち度ではありますが、ちょうど、朝食会場改装に当たってしまい、楽しみにしていた朝食が、ごく簡素なお弁当になって、残念な思いをしました(無料朝食なので文句も言えません)。あわせて、朝にコーヒーすらホテルでいただけず、コンビニに行かなければならなかったことが良い思い出になりませんでした。スタッフの皆さんはけっして感じ悪くなかったです。周りに飲食店も多く、地下鉄駅からも近く、便利な立地ではあると思います。アメニティはごくシンプルで、ブラシはなくクシだったのが珍しかったです。,,,そらさん,jalan_332780_a27af1816619a7ce1745c9951621e6c6
false,Booking.com,8,2026-03-10,,清潔感ありました,,,清潔感ありました,,Takayasu,bookingcom_686494_6e74693e9d3f7b67d006b12a2035e99e
false,Agoda,5,2026-03-09,工事中だったため、ラウンジは使えず、朝食も簡素な弁当だけだった。ただし、ロケーションは良く、駅近だし、中華街にも歩いていけた。土日にも関わらず格安だったので文句は言えないが、工事の埋め合わせが欲しかった。,,,工事中だったため、ラウンジは使えず、朝食も簡素な弁当だけだった。ただし、ロケーションは良く、駅近だし、中華街にも歩いていけた。土日にも関わらず格安だったので文句は言えないが、工事の埋め合わせが欲しかった。,,,naotaka,agoda_193987_ea9c0e7d4af8be99e70b94542c8e266c
false,Agoda,8,2026-03-09,連泊しましたが快適に過ごせました。,,,連泊しましたが快適に過ごせました。,,,MIWAKO,agoda_193987_9236a54e55bbe20df61d9213a1c40b6f
false,楽天トラベル,4,2026-03-09,4泊しました。部屋は毎日綺麗に整えられており、とても快適に過ごせました。 4泊だったため、部屋から外が見える道路に面した部屋を希望しました。希望に沿った部屋を用意していただき、毎日疲れ果てていましたが、おかげでリラックスして朝晩を過ごすことができました。 朝食は1日目のみ、ビュフェスタイルで、以降は食事会場が、工事のため、お弁当の配布でした。事前に知らせておらず、チェックイン時に知りました。お弁当はご飯がかたく、揚げ物ばかりで野菜がなく、最終日は食べませんでした。もう少しバランスの取れた内容だったら、よかったです。そこだけはとても残念でした。,,,4泊しました。部屋は毎日綺麗に整えられており、とても快適に過ごせました。 4泊だったため、部屋から外が見える道路に面した部屋を希望しました。希望に沿った部屋を用意していただき、毎日疲れ果てていましたが、おかげでリラックスして朝晩を過ごすことができました。 朝食は1日目のみ、ビュフェスタイルで、以降は食事会場が、工事のため、お弁当の配布でした。事前に知らせておらず、チェックイン時に知りました。お弁当はご飯がかたく、揚げ物ばかりで野菜がなく、最終日は食べませんでした。もう少しバランスの取れた内容だったら、よかったです。そこだけはとても残念でした。,,,まる丸まる,rakuten_38530_733299f505d0b65f0223a31655f598fb
false,Booking.com,10,2026-03-09,,中華街、みなとみらい、野毛すべてが徒歩10分程度でアクセスが良い。  平日価格ではあるが、１泊朝食付で一人5000円程度で宿泊でき、コスト的にも満足。  朝食で提供される料理の種類は多くはないが、和食洋食が提供されており宿泊代を考えると十分だと感じている。  有料かつ台数制限ではあるが駐車場も用意されており、車での出張・観光に適している。,,,中華街、みなとみらい、野毛すべてが徒歩10分程度でアクセスが良い。  平日価格ではあるが、１泊朝食付で一人5000円程度で宿泊でき、コスト的にも満足。  朝食で提供される料理の種類は多くはないが、和食洋食が提供されており宿泊代を考えると十分だと感じている。  有料かつ台数制限ではあるが駐車場も用意されており、車での出張・観光に適している。,,Isaji,bookingcom_686494_4f6ceb36f75ab1e78b8d9a1ce88791e6
false,楽天トラベル,1,2026-03-09,「◆朝食ビュッフェが無料◆スムージーや期間限定メニュー◆」というプラン名に惹かれ、予約してしまったのですが、実際は工事のためカフェは一切使えず、朝食は簡易的なお弁当を提供するということをチェックイン時に知りました。 よくよく確認すると、予約時の完了メールの下の方、キャンセルポリシーに紛れて、カフェのことも記載されており、完全に見落としていました。 個人的には朝、ゆっくりコーヒーを飲める、という点を重視していたので、かなり残念な宿泊になりました。しかも、普段は朝食のテイクアウト対応をされているかと思いますが、お弁当は持ち出し不可です。 清潔にされていますが、部屋や建物自体の防音性がかなり低く廊下や外の音が届いてしまいます。また、特に浴槽はかなり狭く、アメニティも最低限でした。仕事の関係で泊まりが多くランドリーを利用しましたが、電子マネーに対応しておらず、他のホテルに比べて料金も高めだったのも気になりました。客室数に対し、エレベーターは狭く、混雑が生じるのも地味にストレスです。 宿泊需要が低い日だったのか、全体的にどこも宿泊費が安めで、他にも選択肢がたくさんあった中、カフェにつられて予約をしてしまい本当に後悔しています。この内容だったら値段に関わらず選択したいと思う要素がありません。 確認不足は完全に自己責任ですが、カフェが使えないのは突発的な理由ではなく、相当のデメリットなので、訳ありプラン等として明示すべき内容だと思います。,,,「◆朝食ビュッフェが無料◆スムージーや期間限定メニュー◆」というプラン名に惹かれ、予約してしまったのですが、実際は工事のためカフェは一切使えず、朝食は簡易的なお弁当を提供するということをチェックイン時に知りました。 よくよく確認すると、予約時の完了メールの下の方、キャンセルポリシーに紛れて、カフェのことも記載されており、完全に見落としていました。 個人的には朝、ゆっくりコーヒーを飲める、という点を重視していたので、かなり残念な宿泊になりました。しかも、普段は朝食のテイクアウト対応をされているかと思いますが、お弁当は持ち出し不可です。 清潔にされていますが、部屋や建物自体の防音性がかなり低く廊下や外の音が届いてしまいます。また、特に浴槽はかなり狭く、アメニティも最低限でした。仕事の関係で泊まりが多くランドリーを利用しましたが、電子マネーに対応しておらず、他のホテルに比べて料金も高めだったのも気になりました。客室数に対し、エレベーターは狭く、混雑が生じるのも地味にストレスです。 宿泊需要が低い日だったのか、全体的にどこも宿泊費が安めで、他にも選択肢がたくさんあった中、カフェにつられて予約をしてしまい本当に後悔しています。この内容だったら値段に関わらず選択したいと思う要素がありません。 確認不足は完全に自己責任ですが、カフェが使えないのは突発的な理由ではなく、相当のデメリットなので、訳ありプラン等として明示すべき内容だと思います。,,,てりぴこ777,rakuten_38530_c7dff48cd3fe61fafaa4fa1bff64fdbe
false,じゃらん,4,2026-03-09,ベッドが広く、事前にくっつけてもらったので、小さな子どもと一緒でも安心でした！  タオル類もあらかじめ用意してもらえて、朝食も無料。中華街にも歩ける距離で、凄く良い旅行になりました。,,,ベッドが広く、事前にくっつけてもらったので、小さな子どもと一緒でも安心でした！  タオル類もあらかじめ用意してもらえて、朝食も無料。中華街にも歩ける距離で、凄く良い旅行になりました。,,,ひろさん,jalan_332780_fee1e98be8da79dcfa1279cd4e2743d8
false,じゃらん,4,2026-03-09,みなとみらい線馬車道駅から近い此方のホテルに、14時チェックインのプランを見つけて予約。ブックカフェと朝食ビュッフェも楽しみにしていました。予約からしばらくして、ホテルからのお知らせメールが…改装工事に入るためビュッフェではなく軽食のお弁当になるとのこと。残念でしたが、チェックイン当日はブックカフェが利用できるようなので、そちらに期待することに。午前中に荷物を預けて用事を済ませ、チェックインまでカフェを利用させてもらいました。ウェルカムドリンクがいろいろ選べて、居心地◎。部屋はエレベーターと離れていたからか、さほど音は気にならず、ゆっくりできました。お弁当形式の軽食については期待していなかったとはいえ、さすがに残念だったかも。機会があれば次回、評判の朝食ビュッフェを堪能したいです。お世話になりました。,,,みなとみらい線馬車道駅から近い此方のホテルに、14時チェックインのプランを見つけて予約。ブックカフェと朝食ビュッフェも楽しみにしていました。予約からしばらくして、ホテルからのお知らせメールが…改装工事に入るためビュッフェではなく軽食のお弁当になるとのこと。残念でしたが、チェックイン当日はブックカフェが利用できるようなので、そちらに期待することに。午前中に荷物を預けて用事を済ませ、チェックインまでカフェを利用させてもらいました。ウェルカムドリンクがいろいろ選べて、居心地◎。部屋はエレベーターと離れていたからか、さほど音は気にならず、ゆっくりできました。お弁当形式の軽食については期待していなかったとはいえ、さすがに残念だったかも。機会があれば次回、評判の朝食ビュッフェを堪能したいです。お世話になりました。,,,み。さん,jalan_332780_5b438ddc1130d44fd60d7d532494b3e6
false,じゃらん,4,2026-03-09,ベッドが広く、事前にくっつけてもらったので、小さな子どもと一緒でも安心でした！  タオル類もあらかじめ用意してもらえて、朝食も無料。中華街にも歩ける距離で、凄く良い旅行になりました。,,,ベッドが広く、事前にくっつけてもらったので、小さな子どもと一緒でも安心でした！  タオル類もあらかじめ用意してもらえて、朝食も無料。中華街にも歩ける距離で、凄く良い旅行になりました。,,,不明,jalan_332780_3457f19de4dbe5fcc84b955558dd1b37
false,Google,4,2026-03-08,セルフコインロッカーに気軽に荷物を預けられます。,,,セルフコインロッカーに気軽に荷物を預けられます。,,,あかすと,google_ChIJb0LXwvZcGGARgoK9Zeke02g_d6216f1127a51a381de719209e43fe05
false,Trip.com,9,2026-03-08,部屋のトイレが故障していて、部屋を交換してもらいました。 隣の部屋だったので荷物の移動も大変ではありませんでした。 朝食会場が工事中と言う事で、お弁当を用意して頂きました。ご馳走さまでした。,,,部屋のトイレが故障していて、部屋を交換してもらいました。 隣の部屋だったので荷物の移動も大変ではありませんでした。 朝食会場が工事中と言う事で、お弁当を用意して頂きました。ご馳走さまでした。,,,ゲ‍ス‍ト,trip_1869485248
false,Agoda,2,2026-03-08,朝食会場が工事のため中止に。それは仕方ないですが、手荷物を預けており、カバーをかけられていましたがそれでも手荷物が工事の粉塵だらけに。それに対してスタッフも何も言わず。残念な気持ちになりました。,,,朝食会場が工事のため中止に。それは仕方ないですが、手荷物を預けており、カバーをかけられていましたがそれでも手荷物が工事の粉塵だらけに。それに対してスタッフも何も言わず。残念な気持ちになりました。,,,AOI,agoda_193987_7c03d7205c0fd895c832c8db4c226871
false,じゃらん,4,2026-03-08,料金が安くて忙しい時間でも一人一人に接客対応が良くて部屋の清掃もしっかりしてるので清潔感ありとても良かったです。,,,料金が安くて忙しい時間でも一人一人に接客対応が良くて部屋の清掃もしっかりしてるので清潔感ありとても良かったです。,,,ひでちゃんさん,jalan_332780_92c50a1a6d85d9b35ce87b41ff986408
false,Booking.com,10,2026-03-07,,風呂の水圧が良かった ご飯が美味しかった,受付のスタッフの方が無愛想に教えてきた,,風呂の水圧が良かった ご飯が美味しかった,受付のスタッフの方が無愛想に教えてきた,Suwabe,bookingcom_686494_4f41fe0499f557bcde9f30a0ce2bab89
false,楽天トラベル,5,2026-03-07,朝食付きは良かったが、食事会場が狭い。 食事客の集中する時間に応じたスペースを確保してほしい。,,,朝食付きは良かったが、食事会場が狭い。 食事客の集中する時間に応じたスペースを確保してほしい。,,,ノエ君,rakuten_38530_767e33e97f832e3a622831c58751e204
false,Trip.com,7,2026-03-07,改修中ということで朝食は弁当でしたが、美味しくなかった、 部屋が薬品のような臭いが強くて、しばらく寝られなかった,,,改修中ということで朝食は弁当でしたが、美味しくなかった、 部屋が薬品のような臭いが強くて、しばらく寝られなかった,,,ゲ‍ス‍ト,trip_1868523716
false,Booking.com,8,2026-03-07,,仕事で終電を逃して遅い時間で急遽決めましたが、朝食付きで駅にも近くお得でした。,女性にはアメニティが少し物足りなく感じましたが、都会なのでコンビニも近くにあるのでなんとかなるかとは思います。,,仕事で終電を逃して遅い時間で急遽決めましたが、朝食付きで駅にも近くお得でした。,女性にはアメニティが少し物足りなく感じましたが、都会なのでコンビニも近くにあるのでなんとかなるかとは思います。,M,bookingcom_686494_0e4b8bc4b670ffb80182f083f70b58f9
false,Trip.com,10,2026-03-07,アクセスは良くて部屋も綺麗でおすすめです。 朝飯は工事中でお弁当でしたが、サービスも良くおすすめできます？,,,アクセスは良くて部屋も綺麗でおすすめです。 朝飯は工事中でお弁当でしたが、サービスも良くおすすめできます？,,,ゲ‍ス‍ト,trip_1868723644
false,じゃらん,4,2026-03-07,夫婦で利用させてもらいました。近くに中華街 赤レンガ倉庫 みなとみらいがあり散歩がてら散策させてもらいました。ホテルは朝食付で部屋はツイン。 ただホテル自体が年数が経ってるせいかちょっと古さ加減があったけど全然気にならない程度でした。 朝食もちょうどいい感じのバイキング方式で好きなものを好きなだけ。 ただちょっと狭く順番待ちがあったのが難点かな？ とにかく満足出来たホテルでした。また利用させてほしいです。,,,夫婦で利用させてもらいました。近くに中華街 赤レンガ倉庫 みなとみらいがあり散歩がてら散策させてもらいました。ホテルは朝食付で部屋はツイン。 ただホテル自体が年数が経ってるせいかちょっと古さ加減があったけど全然気にならない程度でした。 朝食もちょうどいい感じのバイキング方式で好きなものを好きなだけ。 ただちょっと狭く順番待ちがあったのが難点かな？ とにかく満足出来たホテルでした。また利用させてほしいです。,,,さんちゅうさん,jalan_332780_6eeb83eb513d8c6d57a69d5ebd81a34f
false,Booking.com,7,2026-03-06,,,,,,,Kazuma,bookingcom_686494_da15f5d75cdb17237b6b4760992df776
false,Booking.com,5,2026-03-05,,関内や桜木町へのアクセス,朝食があまり充実して無かった ただ、無料だからそこはしょうがないと思う。,,関内や桜木町へのアクセス,朝食があまり充実して無かった ただ、無料だからそこはしょうがないと思う。,Tsukagoshi,bookingcom_686494_82f8e75c8ee526c24ed48379b704cc4a
false,Booking.com,5,2026-03-05,,関内や桜木町へのアクセス,朝食があまり充実して無かった ただ、無料だからそこはしょうがないと思う。,,関内や桜木町へのアクセス,朝食があまり充実して無かった ただ、無料だからそこはしょうがないと思う。,Tsukagoshi,bookingcom_686494_e752b5af64ec160d4ea7ba386db1a1f5
false,Booking.com,9,2026-03-05,,清潔感がよく出ていた｡,,,清潔感がよく出ていた｡,,Masaharu,bookingcom_686494_e002d97b73e86a9b1a08d9f6abb8041a
false,じゃらん,4,2026-03-05,じゃらんのクーポンの重ねがけでとても安く予約できたので宿泊  コンパクトな提供台の割に朝食ビュッフェの味がクオリティー高めで美味しかった  スムージーもあって健康的な朝食で良かったです,,,じゃらんのクーポンの重ねがけでとても安く予約できたので宿泊  コンパクトな提供台の割に朝食ビュッフェの味がクオリティー高めで美味しかった  スムージーもあって健康的な朝食で良かったです,,,快斗さん,jalan_332780_7c1168447c6d37218da85a35df42482a
false,楽天トラベル,5,2026-03-04,ホテルは駅から近いし、周りにコンビニや飲食店が多数有り便利でした。横浜で泊まる際はまたこのホテルに利用したいと思います。ホテル評価とは別ですが、深夜２時ころに向かいのア○ホテルの納品トラックがつき、コンテナのにおろしでガチャーンと音が響き渡るの嫌でした。○パホテルに電話しようかと思いました。,,,ホテルは駅から近いし、周りにコンビニや飲食店が多数有り便利でした。横浜で泊まる際はまたこのホテルに利用したいと思います。ホテル評価とは別ですが、深夜２時ころに向かいのア○ホテルの納品トラックがつき、コンテナのにおろしでガチャーンと音が響き渡るの嫌でした。○パホテルに電話しようかと思いました。,,,bayfm78,rakuten_38530_544d8e47628bf42aca1a77a5750f2ca5
false,Booking.com,8,2026-03-04,,,,,,,Naoki,bookingcom_686494_c33f615f082723c76d416608a53be3f2
false,楽天トラベル,5,2026-03-04,ホテルは駅から近いし、周りにコンビニや飲食店が多数有り便利でした。横浜で泊まる際はまたこのホテルに利用したいと思います。ホテル評価とは別ですが、深夜２時ころに向かいのア○ホテルの納品トラックがつき、コンテナのにおろしでガチャーンと音が響き渡るの嫌でした。○パホテルに電話しようかと思いました。,,,ホテルは駅から近いし、周りにコンビニや飲食店が多数有り便利でした。横浜で泊まる際はまたこのホテルに利用したいと思います。ホテル評価とは別ですが、深夜２時ころに向かいのア○ホテルの納品トラックがつき、コンテナのにおろしでガチャーンと音が響き渡るの嫌でした。○パホテルに電話しようかと思いました。,,,bayfm78,rakuten_38530_be255ac495b4b36f6f7d68fb0e2a4140
false,Trip.com,9,2026-03-03,満足でした。,,,満足でした。,,,ゲ‍ス‍ト,trip_1864225744
false,Booking.com,4,2026-03-03,,コスパとロケーション。 中華街と、伊勢佐木町の商店街行くつもりだったのでどちらも徒歩圏内で良かったです！  コンビニも周りに4軒ぐらいあるし飲食店もあり良かったです！,バスタオルが次亜塩素酸の匂いがキツく、 部屋に置いてると部屋中次亜塩素酸の匂いがするくらい臭かったです、,,コスパとロケーション。 中華街と、伊勢佐木町の商店街行くつもりだったのでどちらも徒歩圏内で良かったです！  コンビニも周りに4軒ぐらいあるし飲食店もあり良かったです！,バスタオルが次亜塩素酸の匂いがキツく、 部屋に置いてると部屋中次亜塩素酸の匂いがするくらい臭かったです、,Shota,bookingcom_686494_2cac276b7853c8f18f460624d3d39151
false,楽天トラベル,4,2026-03-03,セミダブルで広く、朝食ビュッフェは6:30からだったので予約しました 他のホテルは7:00からだと予定出発時間に間に合わないので、良かったです。,,,セミダブルで広く、朝食ビュッフェは6:30からだったので予約しました 他のホテルは7:00からだと予定出発時間に間に合わないので、良かったです。,,,あきおくんです,rakuten_38530_cd833af46256153494b0dffa55aaf37a
false,Booking.com,4,2026-03-03,,コスパとロケーション。 中華街と、伊勢佐木町の商店街行くつもりだったのでどちらも徒歩圏内で良かったです！  コンビニも周りに4軒ぐらいあるし飲食店もあり良かったです！,バスタオルが次亜塩素酸の匂いがキツく、 部屋に置いてると部屋中次亜塩素酸の匂いがするくらい臭かったです、,,コスパとロケーション。 中華街と、伊勢佐木町の商店街行くつもりだったのでどちらも徒歩圏内で良かったです！  コンビニも周りに4軒ぐらいあるし飲食店もあり良かったです！,バスタオルが次亜塩素酸の匂いがキツく、 部屋に置いてると部屋中次亜塩素酸の匂いがするくらい臭かったです、,Shota,bookingcom_686494_bd04caaf63f8cb972888bb0f857faa08
false,楽天トラベル,4,2026-03-03,セミダブルで広く、朝食ビュッフェは6:30からだったので予約しました 他のホテルは7:00からだと予定出発時間に間に合わないので、良かったです。,,,セミダブルで広く、朝食ビュッフェは6:30からだったので予約しました 他のホテルは7:00からだと予定出発時間に間に合わないので、良かったです。,,,あきおくんです,rakuten_38530_e73a0832a819c4425f73934c04a214a9
false,Trip.com,10,2026-03-02,Very nice,,,非常に素晴らしい,,,ゲ‍ス‍ト,trip_1863298608
false,Trip.com,8,2026-03-02,"The room was spacious and fully equipped. The breakfast was also very delicious. I booked and checked in on the same day, and the price was cheap and reasonable.",,,部屋は広々としていて、設備も充実していました。朝食もとても美味しかったです。予約とチェックインを同日に行いましたが、料金も安くてリーズナブルでした。,,,ゲ‍ス‍ト,trip_1863323228
false,楽天トラベル,5,2026-03-02,ホテル料金がめちゃくちゃ安かったので期待してなかったんですが駅近で周辺には飲食店も多く室内も綺麗でした！何よりも朝食が凄く美味しくて大大大満足でした。ウェルカムドリンクも美味しかったですよ〜,,,ホテル料金がめちゃくちゃ安かったので期待してなかったんですが駅近で周辺には飲食店も多く室内も綺麗でした！何よりも朝食が凄く美味しくて大大大満足でした。ウェルカムドリンクも美味しかったですよ〜,,,けぼりん。,rakuten_38530_2acccf1649fa62820023c783a52156b4
false,Trip.com,10,2026-03-02,很可以下次繼續合作,,,次回もまた一緒に仕事ができるかもしれませんね。,,,ゲ‍ス‍ト,trip_1863679141
false,じゃらん,3,2026-03-02,最寄駅が近く飲食店、コンビニもあるので便利。部屋もきれいに清掃されている。ドリンクのサービスもあり朝食付きなのが魅力。,,,最寄駅が近く飲食店、コンビニもあるので便利。部屋もきれいに清掃されている。ドリンクのサービスもあり朝食付きなのが魅力。,,,ゆうさん,jalan_332780_ca4512538182e12ba4a639faa44bca4a
false,楽天トラベル,4,2026-03-01,部屋は清潔でウェルカムドリンクなどもサービスも良かったです。,,,部屋は清潔でウェルカムドリンクなどもサービスも良かったです。,,,yo_yoshida,rakuten_38530_2bdc6149a1240ab46ff64d11ef0e35b7
false,楽天トラベル,3,2026-03-01,関内駅から近いのがよかったです 周りには、コンビニ、薬局、飲食店がたくさんあり、困らなかった。横浜武道館、スタジアムも徒歩でいけます。部屋は綺麗ですが、トイレ、シャワールームが下水臭いのが残念…朝食場が狭く大混雑で残念…部屋に持ち込めたのでよかったですが、ゆっくり食事はできない状態でした…添い寝無料なのは、ファミリーにとってはとてもありがたかったです‼︎,,,関内駅から近いのがよかったです 周りには、コンビニ、薬局、飲食店がたくさんあり、困らなかった。横浜武道館、スタジアムも徒歩でいけます。部屋は綺麗ですが、トイレ、シャワールームが下水臭いのが残念…朝食場が狭く大混雑で残念…部屋に持ち込めたのでよかったですが、ゆっくり食事はできない状態でした…添い寝無料なのは、ファミリーにとってはとてもありがたかったです‼︎,,,あんぱんだいすき,rakuten_38530_a71c9356f7996cbc5b1378f3c7d12b49
false,楽天トラベル,4,2026-03-01,朝食はいつも美味しいです。 おぼんが欲しいなと思いました。  チェックインの時に注意事項の説明がありませんでした。ウェルカムコーヒーを注いでるときに別の方には説明されてましたが… ナイトウェアを持って上がるのを忘れるところでした。  改装工事中だったので、いつもと違うところがあったかと思います。 過去泊まったことがあったとしても、数年ぶりだったので、ちょっと残念でした。,,,朝食はいつも美味しいです。 おぼんが欲しいなと思いました。  チェックインの時に注意事項の説明がありませんでした。ウェルカムコーヒーを注いでるときに別の方には説明されてましたが… ナイトウェアを持って上がるのを忘れるところでした。  改装工事中だったので、いつもと違うところがあったかと思います。 過去泊まったことがあったとしても、数年ぶりだったので、ちょっと残念でした。,,,ホテルよく使う人,rakuten_38530_99d80eeafa1eef3128573110506f9e8f
false,楽天トラベル,5,2026-03-01,名前の通り居心地のいいホテルでした。朝食無料なのも嬉しいです,,,名前の通り居心地のいいホテルでした。朝食無料なのも嬉しいです,,,えれんいえ,rakuten_38530_23faa24b0085e1ef0035f7b96a02bc4a
false,Booking.com,10,2026-03-01,,タオルやシャワーカーテンが生乾きのような臭いもなく  部屋の空気が綺麗だと感じました。,,,タオルやシャワーカーテンが生乾きのような臭いもなく  部屋の空気が綺麗だと感じました。,,Kitomi,bookingcom_686494_42416c7ca3a0d42f392f23c8e66df998
false,じゃらん,3,2026-03-01,周囲が騒がしく夜はなかなか眠れなかった  コスパ、朝食やサービスはよかった  風呂にカビが生えていたのは気になった,,,周囲が騒がしく夜はなかなか眠れなかった  コスパ、朝食やサービスはよかった  風呂にカビが生えていたのは気になった,,,アコマリるさん,jalan_332780_04a09a295472d60c695051ba3d21902c
false,じゃらん,3,2026-03-01,思ったより広かった。  ホテルの周りは飲食もたくさんあって便利だった。  駐車場は  連携の駐車場が広くあって、安く停められたので良かった。,,,思ったより広かった。  ホテルの周りは飲食もたくさんあって便利だった。  駐車場は  連携の駐車場が広くあって、安く停められたので良かった。,,,さろゆさん,jalan_332780_22088b327789ac817b61b27ec99671af
false,じゃらん,5,2026-03-01,以前友達と泊まり良い印象でしたので  またこちらにお世話になりました！  リフォームされているので  きれいでよかったです。  布団が薄くてちょっと寒かった  朝食が色々な種類がありとても良かったし美味しかった！スタッフさんも対応が良かったです,,,以前友達と泊まり良い印象でしたので  またこちらにお世話になりました！  リフォームされているので  きれいでよかったです。  布団が薄くてちょっと寒かった  朝食が色々な種類がありとても良かったし美味しかった！スタッフさんも対応が良かったです,,,くろちゃんさん,jalan_332780_06f1642f66c859f6ee1f12b45d887693
false,じゃらん,5,2026-03-01,思ったより広かった。  ホテルの周りは飲食もたくさんあって便利だった。  駐車場は  連携の駐車場が広くあって、安く停められたので良かった。,,,思ったより広かった。  ホテルの周りは飲食もたくさんあって便利だった。  駐車場は  連携の駐車場が広くあって、安く停められたので良かった。,,,さろゆさん,jalan_332780_0584deb6a907f9b46579ab973da687ff
false,じゃらん,4,2026-03-01,友達と横浜で行動した後に  1人でゆっくりのんびりしたかったので  シングルルームをとってもらい 部屋で過ごしました  コンビニも近く  ビールを買って テレビをみてのんびりできてよかったです。,,,友達と横浜で行動した後に  1人でゆっくりのんびりしたかったので  シングルルームをとってもらい 部屋で過ごしました  コンビニも近く  ビールを買って テレビをみてのんびりできてよかったです。,,,くろちゃんさん,jalan_332780_54e69a3bc98a7d5ae0b520ed5870782e
false,じゃらん,5,2026-03-01,中華街、関内駅、横浜スタジアムの中間的位置にあってどこへ行くにも徒歩圏内なので良いですね。  もちろん周りには居酒屋や飲食店などがあり利便性も高いです。  旅行で宿泊した我が家にとってはとても良い立地でした。  無料朝食には今では高級となった雑穀米や穀類などの食事が取れてこれから仕事という人にはエネルギー補給の面からしても良い食事になってます。  条例でタバコが吸えない区間なので喫煙者には辛いかも知れませんが中華街に行けば喫煙スペースがあります。  近くの居酒屋さんなんかにも喫煙スペースがあったと思いますので喫煙者の方はお近くを探してみてください。  コストパフォーマンスも朝食付きでこれなら激安だと思います。,,,中華街、関内駅、横浜スタジアムの中間的位置にあってどこへ行くにも徒歩圏内なので良いですね。  もちろん周りには居酒屋や飲食店などがあり利便性も高いです。  旅行で宿泊した我が家にとってはとても良い立地でした。  無料朝食には今では高級となった雑穀米や穀類などの食事が取れてこれから仕事という人にはエネルギー補給の面からしても良い食事になってます。  条例でタバコが吸えない区間なので喫煙者には辛いかも知れませんが中華街に行けば喫煙スペースがあります。  近くの居酒屋さんなんかにも喫煙スペースがあったと思いますので喫煙者の方はお近くを探してみてください。  コストパフォーマンスも朝食付きでこれなら激安だと思います。,,,tomocatさん,jalan_332780_7d7268b365801002dfcf2772f773f88e
false,Trip.com,10,2026-04-30,とても満足でした,,,とても満足でした,,,ゲ‍ス‍ト,trip_1929389732
false,Booking.com,10,2026-04-30,,"Muy céntrico, fácil de caminar a diferentes puntos con vistas bonitas. La atención muy buena y servicial.",Todo estuvo muy bien,,非常に便利な立地で、美しい景色が楽しめる様々な展望スポットへも徒歩で簡単にアクセスできます。サービスも素晴らしく、親切に対応してくれました。,全てが素晴らしかった。,Jason,bookingcom_686494_41cefd827f39ca8ac67dab21f80a4ca3
false,楽天トラベル,5,2026-04-30,部屋は清潔で、小学生以下の子供の添い寝が無料なのは家族で利用するのに嬉しいポイントでした。朝食も無料なのに種類も思っていたよりあり、スムージーも美味しかったです。子供たちも美味しい朝食に喜んでいました。小さい子供用の食器や紙エプロンも用意してあってとてもありがたかったです。,,,部屋は清潔で、小学生以下の子供の添い寝が無料なのは家族で利用するのに嬉しいポイントでした。朝食も無料なのに種類も思っていたよりあり、スムージーも美味しかったです。子供たちも美味しい朝食に喜んでいました。小さい子供用の食器や紙エプロンも用意してあってとてもありがたかったです。,,,ニック93,rakuten_38530_563cc4689e10ac9b3aa1b4b2ec1d3bec
false,Booking.com,8,2026-04-30,,,,,,,Hersel,bookingcom_686494_60f4b072822000d54b3bed5066f1504d
false,Trip.com,10,2026-04-29,"My stay at Comfort Hotel Yokohama Kannai was enjoyable overall. Parking costs 1,600 yen per day. The front desk team was welcoming, attentive, and professional, making check-in quick and easy. The breakfast buffet was generous and varied—I loved the creamy scrambled eggs with toast and broccoli, and the grilled mackerel with rice was outstanding. Granola with fresh milk was a nice addition. The double room was clean and comfortable, although the bed felt a bit tight. It would be more convenient if complimentary bottled water were available.",,,"コンフォートホテル横浜関内での滞在は全体的に快適でした。駐車料金は1日1,600円です。フロントのスタッフは親切で丁寧、そしてプロフェッショナルな対応で、チェックインは迅速かつスムーズでした。朝食ビュッフェは種類豊富でボリュームたっぷり。クリーミーなスクランブルエッグとトースト、ブロッコリーの組み合わせが特に気に入りました。焼きサバとご飯も絶品でした。グラノーラとフレッシュミルクも嬉しい追加メニューでした。ダブルルームは清潔で快適でしたが、ベッドが少し狭く感じました。無料のミネラルウォーターがあればさらに便利だったと思います。",,,ゲ‍ス‍ト,trip_1928824794
false,Agoda,9,2026-04-29,コスパの良いホテル,,,コスパの良いホテル,,,マサオ,agoda_193987_abd269a6f1d0cf14a16a8a23a28c01b3
false,楽天トラベル,5,2026-04-29,無料朝食はスムージーなどもあり、コンパクトでありがたいです。ライブラリーカフェも遅くまで使えてコーヒーも飲めて助かります。,,,無料朝食はスムージーなどもあり、コンパクトでありがたいです。ライブラリーカフェも遅くまで使えてコーヒーも飲めて助かります。,,,sqdfr,rakuten_38530_c516f1207f5fc4dd53aa3ab197ed35fc
false,Booking.com,8,2026-04-29,,,,,,,矢澤,bookingcom_686494_81337becf148d6435c064a57858f8a79
false,楽天トラベル,4,2026-04-29,高齢の家族が友人とお泊まり会をする為に、こちらのホテルを予約しました。 朝食も美味しく、近くにコンビニもあり、とても便利だったそうです。 山下公園にも歩いて行けて、横浜を満喫することができたと喜んでいました。,,,高齢の家族が友人とお泊まり会をする為に、こちらのホテルを予約しました。 朝食も美味しく、近くにコンビニもあり、とても便利だったそうです。 山下公園にも歩いて行けて、横浜を満喫することができたと喜んでいました。,,,まめたろう2号,rakuten_38530_50dfeac193a3928e6c6d42673923fa2a
false,Google,4,2026-04-29,設備は古いですが、キレイで快適でした。,,,設備は古いですが、キレイで快適でした。,,,zw kinmugi,google_ChIJb0LXwvZcGGARgoK9Zeke02g_fa2ab93bfb3bf140356d7da0cafa8be0
false,楽天トラベル,3,2026-04-29,朝食付きで駅から近く中華街に出るために宿泊しました シンプルで部屋は綺麗で広さもありました。ただ、シャワーカーテンが汚れていてそれだけが気になりました 朝食は期待以上に美味しく種類もあり朝から野菜やお味噌、スムージーなどたくさん食べてしまいました。観光地には出やすく立地はよかったです。,,,朝食付きで駅から近く中華街に出るために宿泊しました シンプルで部屋は綺麗で広さもありました。ただ、シャワーカーテンが汚れていてそれだけが気になりました 朝食は期待以上に美味しく種類もあり朝から野菜やお味噌、スムージーなどたくさん食べてしまいました。観光地には出やすく立地はよかったです。,,,グミ1217,rakuten_38530_7ebf453bc602aba2299d767224f8df05
false,Booking.com,8,2026-04-27,,,,,,,葛岡,bookingcom_686494_2d9e9ca6351b15688cbfc32c19e25590
false,Booking.com,7,2026-04-26,,朝食が美味しかった。部屋も清潔でベッド良くリラックスできた。,シャワーが水漏れして弱かった。,,朝食が美味しかった。部屋も清潔でベッド良くリラックスできた。,シャワーが水漏れして弱かった。,Kobayashi,bookingcom_686494_3bd5f53be71b27d135a872a56fe6e7c5
false,Trip.com,9,2026-04-26,日産スタジアムに行くため、今回こちらのホテルを選びました。地下鉄ブルーラインで新横浜からは乗換せずに帰ってこれます。地下鉄関内駅3番出口から歩いてすぐです。 2階のカフェスペースでは10：00から24:00までコーヒーなどのドリンクサービスがあります。夜遅くまで外は賑やかですが、飲食店が多いので食べることには困りません。近くにベースゲート横浜関内、横浜スタジアムがあります。中華街や赤レンガ倉庫なども少し歩きますが、徒歩圏内です。観光等で寝に帰るだけだったので、必要十分でした。,,,日産スタジアムに行くため、今回こちらのホテルを選びました。地下鉄ブルーラインで新横浜からは乗換せずに帰ってこれます。地下鉄関内駅3番出口から歩いてすぐです。 2階のカフェスペースでは10：00から24:00までコーヒーなどのドリンクサービスがあります。夜遅くまで外は賑やかですが、飲食店が多いので食べることには困りません。近くにベースゲート横浜関内、横浜スタジアムがあります。中華街や赤レンガ倉庫なども少し歩きますが、徒歩圏内です。観光等で寝に帰るだけだったので、必要十分でした。,,,う‍っ‍ち‍ー‍8‍1‍8,trip_1924961938
false,Booking.com,8,2026-04-26,,,,,,,Tomoe,bookingcom_686494_0d78567a7c35ae7379256233bd4e7c5c
false,Booking.com,5,2026-04-25,,,,,,,Yamada,bookingcom_686494_8eb601cd90b2158462f81a5ac22431e1
false,Google,4,2026-04-25,安全 横浜スタジアムや赤レンガの路地など、多くの観光スポットに近い 部屋は清潔で、Wi-Fiも問題なく使える 標準的なコンセント ホテルはやや古いが、特に問題はない 美味しいビュッフェ式朝食,,,安全 横浜スタジアムや赤レンガの路地など、多くの観光スポットに近い 部屋は清潔で、Wi-Fiも問題なく使える 標準的なコンセント ホテルはやや古いが、特に問題はない 美味しいビュッフェ式朝食,,,Rexel Macaraya,google_ChIJb0LXwvZcGGARgoK9Zeke02g_5f4b4962d1f5865677ed28044207028e
false,じゃらん,4,2026-04-25,今回、関内ホールでのコンサートへ行く目的で、近くのホテルと言う事で選びましたが、思っていたよりもずっと近く、とても便利でした。  大浴場が有り、広いお風呂でリラックス出来て、とても良かったです。,,,今回、関内ホールでのコンサートへ行く目的で、近くのホテルと言う事で選びましたが、思っていたよりもずっと近く、とても便利でした。  大浴場が有り、広いお風呂でリラックス出来て、とても良かったです。,,,ゆうりんさん,jalan_332780_3e05815f59cf7a75e7078efbd4398ca2
false,Booking.com,8,2026-04-25,,朝食☕🍞🌄が種類豊富で美味しかったです お部屋も広かったです,ベッドまわりにほこりがみられたのが気になりました,,朝食☕🍞🌄が種類豊富で美味しかったです お部屋も広かったです,ベッドまわりにほこりがみられたのが気になりました,Kazuko,bookingcom_686494_d08b6a6e1a6ec89487f62a8ef3e1c141
false,Google,4,2026-04-25,"Safe Nearby to many things including the Yokohama stadium, red brick Lane Room is clean, wifi is ok Standard electric outlet Hotel quite old but no issue Delicious buffet breakfast",,,横浜スタジアムや赤レンガの路地など多くの場所に近い安全なホテル。部屋は清潔で、Wi-Fiも問題なく使えます。標準的なコンセント。ホテルはかなり古いですが、特に問題はありません。美味しいビュッフェ式朝食。,,,Rexel Macaraya,google_ChIJb0LXwvZcGGARgoK9Zeke02g_7ca1e587581c620389883ede98e3c08b
false,じゃらん,4,2026-04-25,ベイスターズの試合観戦で宿泊しました。試合は雨天中止となってしまいましたが、近くに飲食店が多々あり、とても便利でした。ホテル内の駐車場は狭くて、助手席側から降りましたが、その旨を受付時に伝えると、広い機械式駐車場への移動を勧めて頂けました。ありがとうございました。また、フリードリンクルームがあり、夕食後、夫婦で利用させて頂きました。,,,ベイスターズの試合観戦で宿泊しました。試合は雨天中止となってしまいましたが、近くに飲食店が多々あり、とても便利でした。ホテル内の駐車場は狭くて、助手席側から降りましたが、その旨を受付時に伝えると、広い機械式駐車場への移動を勧めて頂けました。ありがとうございました。また、フリードリンクルームがあり、夕食後、夫婦で利用させて頂きました。,,,こっしーさん,jalan_332780_85f1933abc0e77e4395523a4e5ffa812
false,Booking.com,8,2026-04-24,,,,,,,Takaya,bookingcom_686494_1249c4dd89569df89c4968782162dd8a
false,Booking.com,10,2026-04-24,,Location is perfect,Everything is A Ok,,立地は最高です,すべて順調です,Edmund,bookingcom_686494_6535264fbe6661a087dca1ce4c1b348f
false,Booking.com,9,2026-04-24,,,,,,,Whitehead,bookingcom_686494_5311b715d13ddb25043503e8eb8c165d
false,じゃらん,4,2026-04-24,初めて利用しました。受付がオートメーション化しているが、私には非常に分かりづらく、ストレスを感じた。それ以外は特に不満は無い。,,,初めて利用しました。受付がオートメーション化しているが、私には非常に分かりづらく、ストレスを感じた。それ以外は特に不満は無い。,,,せんさん,jalan_332780_ecd221128c31d8970824d76474506695
false,楽天トラベル,4,2026-04-23,ホテル内は清潔で部屋も広くゆっくり過ごせました。春休みの家族旅行でしたが、子どもが春休みの課題を持ってきており、ライブラリーで集中して勉強できた、と喜んでいました。朝食も美味しく、立地も良いので横浜観光を満喫できました。,,,ホテル内は清潔で部屋も広くゆっくり過ごせました。春休みの家族旅行でしたが、子どもが春休みの課題を持ってきており、ライブラリーで集中して勉強できた、と喜んでいました。朝食も美味しく、立地も良いので横浜観光を満喫できました。,,,ぱぴこ＠せっつ,rakuten_38530_aaad6c56f9e77f922cb1ad6327627928
false,楽天トラベル,5,2026-04-23,小学6年、1年連れて家族で宿泊！ やはりセミダブルに添い寝はきつかったです笑 ですがコスパは◎！ 朝食は混んでて30分待ってやっと座れました。 並ばず食べれたらもっと良かったです！ 中華街まで10分くらいだしコンビニもあるし立地は抜群でした！！,,,小学6年、1年連れて家族で宿泊！ やはりセミダブルに添い寝はきつかったです笑 ですがコスパは◎！ 朝食は混んでて30分待ってやっと座れました。 並ばず食べれたらもっと良かったです！ 中華街まで10分くらいだしコンビニもあるし立地は抜群でした！！,,,ミク1982,rakuten_38530_589e5fe4f39b2da47fb341fb7c9d4691
false,楽天トラベル,5,2026-04-22,こちらに泊まるのは３回目。快適だったので、今回も迷わず決めました。 小さなことですが、部屋にグラスがあったのが嬉しかったですね。最近は、プラスチックのマグカップだけ、というホテルが増えているような気がしていたので。 あと、朝食メニューに、和食に合うおかずがもう少しほしいです。 駅近で、コンビニやお店もあって、オススメのホテルと思います。,,,こちらに泊まるのは３回目。快適だったので、今回も迷わず決めました。 小さなことですが、部屋にグラスがあったのが嬉しかったですね。最近は、プラスチックのマグカップだけ、というホテルが増えているような気がしていたので。 あと、朝食メニューに、和食に合うおかずがもう少しほしいです。 駅近で、コンビニやお店もあって、オススメのホテルと思います。,,,旅の者です,rakuten_38530_a6ff515a0b6f5ef45786305f51704de5
false,Trip.com,10,2026-04-22,"I really enjoyed my stay at this hotel. Everything was so clean, and everyone was very helpful. I loved the location. It's close to so many restaurants, and amenities. My view of the city was delightful. I will definitely return.",,,このホテルでの滞在は本当に素晴らしかったです。すべてがとても清潔で、スタッフの方々もとても親切でした。立地も最高でした。たくさんのレストランやアメニティが近くにあり、街の景色も素晴らしかったです。必ずまた泊まりに来ます。,,,ゲ‍ス‍ト,trip_1919840642
false,じゃらん,5,2026-04-21,観光のため利用。小学生未満添い寝無料・朝食無料でとてもお安く泊まれました。  朝食もとても美味しかったです。宿泊日に雨で靴が濡れてしまってフロントの方に相談したところ、ホテル近くのお店を教えていただき翌日スムーズに対処することが出来ました。旅にトラブルはつきものですが親切な対応をしていただき気持ちが軽くなりましたし対処出来たのでとても良い旅行になりました。また機会があれば利用させていただきたいです。,,,観光のため利用。小学生未満添い寝無料・朝食無料でとてもお安く泊まれました。  朝食もとても美味しかったです。宿泊日に雨で靴が濡れてしまってフロントの方に相談したところ、ホテル近くのお店を教えていただき翌日スムーズに対処することが出来ました。旅にトラブルはつきものですが親切な対応をしていただき気持ちが軽くなりましたし対処出来たのでとても良い旅行になりました。また機会があれば利用させていただきたいです。,,,あいさん,jalan_332780_9f418e663998c939fbf34b2e634b506b
false,Agoda,6,2026-04-20, 自販機にアルコールが無い。朝食でご飯が追加の炊き待ち､味噌汁が終了で追加が無い。化粧水 等の他のホテル有るものが用意されていない。,,, 自販機にアルコールが無い。朝食でご飯が追加の炊き待ち､味噌汁が終了で追加が無い。化粧水 等の他のホテル有るものが用意されていない。,,,HIDEKAZU,agoda_193987_7d0d814b79b69b8d6c70ab205e0de00a
false,Trip.com,7,2026-04-20,洗顔、化粧水等のアメニティがあれば便利だと思いました。 チェックインまでの待ち時間ドリンクや本があって快適に過ごせました。,,,洗顔、化粧水等のアメニティがあれば便利だと思いました。 チェックインまでの待ち時間ドリンクや本があって快適に過ごせました。,,,ゲ‍ス‍ト,trip_1917072522
false,Trip.com,6,2026-04-20,朝食か部屋へ持って行けるサービスは良いと思う,,,朝食か部屋へ持って行けるサービスは良いと思う,,,ゲ‍ス‍ト,trip_1917114518
false,Google,5,2026-04-20,無料の朝食も美味しかったし、部屋も綺麗で利用しやすかったです。 スタッフの方も感じがよく快適でした。,,,無料の朝食も美味しかったし、部屋も綺麗で利用しやすかったです。 スタッフの方も感じがよく快適でした。,,,aya fff,google_ChIJb0LXwvZcGGARgoK9Zeke02g_72a683f27fd37c78b2ac29fcf282ff7d
false,Booking.com,5,2026-04-19,,,朝食の種類が少なかった、ブッフェ台のスペースが狭かった。,,,朝食の種類が少なかった、ブッフェ台のスペースが狭かった。,Sanae,bookingcom_686494_0b759d9edd0645343c1bb381999e7e9a
false,楽天トラベル,5,2026-04-19,ホテルの周りに飲食店やコンビニがあり便利でした。中華街も歩いて行けます。チェックアウト後もカフェライブラリーを利用することができたので、次の予定まで時間をつぶすことができて助かりました。,,,ホテルの周りに飲食店やコンビニがあり便利でした。中華街も歩いて行けます。チェックアウト後もカフェライブラリーを利用することができたので、次の予定まで時間をつぶすことができて助かりました。,,,ekeko2010,rakuten_38530_2b73a06a7d6d20a454b21c8b7bd1254d
false,Google,3,2026-04-16,朝食スペースが効率悪すぎます。 さほど需要のない本を置くぐらいなら、通路幅を確保したほうが良いのではないかと思った次第です。 ただ、客室は綺麗で満足です。,,,朝食スペースが効率悪すぎます。 さほど需要のない本を置くぐらいなら、通路幅を確保したほうが良いのではないかと思った次第です。 ただ、客室は綺麗で満足です。,,,goro s,google_ChIJb0LXwvZcGGARgoK9Zeke02g_d89d6c33b662c4f21a06bf0c50b490e5
false,Booking.com,10,2026-04-15,,,Only one pillow,,,枕は1つだけ,Nattakarn,bookingcom_686494_269aff7c3ab49213b5ce3dfb7a01db50
false,Booking.com,9,2026-04-15,,関内駅や横浜スタジアムまで近く  地下鉄、JR、市バス、どれもすぐ乗れて便利でした。    お部屋もファミリールームでとても広かったです！    朝食無料で美味しかったです！  種類は少ないですが和洋あり十分満足でした。,朝食時の混雑が何とかならないかなと思いました。  早い時間にいかないと8時過ぎてくるとかなりの時間並ばないといけないです。    それと、食器の返却がセルフなのですが  食器を返す所の壁が窪んでいるので分かりづらいと思いました。  間違えて食器を置いていかれるお客様に  セルフですとスタッフさんが叫んでおられましたが  分かりづらいので無理も無いです。    入り口近くに大きく貼り出す等  した方が良いと思います。    あと、エレベーターが小さくて遅いです。  荷物少ないなら階段利用した方が良いかと思いました。,,関内駅や横浜スタジアムまで近く  地下鉄、JR、市バス、どれもすぐ乗れて便利でした。    お部屋もファミリールームでとても広かったです！    朝食無料で美味しかったです！  種類は少ないですが和洋あり十分満足でした。,朝食時の混雑が何とかならないかなと思いました。  早い時間にいかないと8時過ぎてくるとかなりの時間並ばないといけないです。    それと、食器の返却がセルフなのですが  食器を返す所の壁が窪んでいるので分かりづらいと思いました。  間違えて食器を置いていかれるお客様に  セルフですとスタッフさんが叫んでおられましたが  分かりづらいので無理も無いです。    入り口近くに大きく貼り出す等  した方が良いと思います。    あと、エレベーターが小さくて遅いです。  荷物少ないなら階段利用した方が良いかと思いました。,Noriko,bookingcom_686494_cd91119ba61999b00caa69e073a571e5
false,Booking.com,9,2026-04-15,,交通.購物便利,廁所空間稍為有點小間.,,交通の便が良く、買い物にも便利,トイレのスペースが少し狭い。,Hsiu-chu,bookingcom_686494_e34e4c0d8bb43685fcd8548fa9b92f68
false,Booking.com,10,2026-04-15,,"Proche de tout, gare non loin, quartier chinois 10 min a pied passant par le parc du stadium. Belle situation géographique. Personnel disponible. Petit déjeuner varié.",,,どこへ行くにも便利で、駅も近く、チャイナタウンへはスタジアムパークを通って徒歩10分。最高のロケーション。スタッフも親切。朝食の種類も豊富。,,Christopher,bookingcom_686494_5755a7c43a038725e471775d73b84518
false,じゃらん,3,2026-04-15,シングルで利用した  仕事での利用では特に気になる所は無し  プリベ−トでの利用の場合は朝食エリアが狭いので  良い旅行のイメ−ジが残りづらい  （席の間隔や利用者でごった返している）,,,シングルで利用した  仕事での利用では特に気になる所は無し  プリベ−トでの利用の場合は朝食エリアが狭いので  良い旅行のイメ−ジが残りづらい  （席の間隔や利用者でごった返している）,,,かずすけさん,jalan_332780_b61994dd28e266172b7c5b762bc4e9b0
false,じゃらん,4,2026-04-15,コンフォートホテルは よく利用させてもらっています 朝食が美味しくて妻も満足しています  駐車場は12時〜12時 24時間止められて1600円と格安です  中華街 山下公園など徒歩での観光に最高です。,,,コンフォートホテルは よく利用させてもらっています 朝食が美味しくて妻も満足しています  駐車場は12時〜12時 24時間止められて1600円と格安です  中華街 山下公園など徒歩での観光に最高です。,,,ひ-さん,jalan_332780_ed0e38e6d950e75993c355ffd6ab0e5f
false,Google,5,2026-04-13,禁煙大賛成です。他のレビューで不満を述べめますが、身体に煙草の臭いが染み付いた人には泊まって欲しくないです。,,,禁煙大賛成です。他のレビューで不満を述べめますが、身体に煙草の臭いが染み付いた人には泊まって欲しくないです。,,,asa zanma,google_ChIJb0LXwvZcGGARgoK9Zeke02g_37c874ee6e926331e57184e5ddcc082c
false,Agoda,5,2026-04-13,ありがとうございました。,,,ありがとうございました。,,,GOICHI,agoda_193987_14c3c16586cc36b28dcde5fe180a4952
false,Booking.com,7,2026-04-12,,,エレベーターが少し狭かったです。 定員数が9名ぐらいだったのですが、他の宿泊者や自分の荷物を含めるとそれ以下かと…  エアコンが暖房しかなく暑かった。 冷房に関してはホテル側で管理されていたので使えなかったです。  駐車場も狭くめっちゃ出づらかった。 ドアが隣の車にぶつかりそうになった。 運転席側も壁との間なく出づらいです？,,,エレベーターが少し狭かったです。 定員数が9名ぐらいだったのですが、他の宿泊者や自分の荷物を含めるとそれ以下かと…  エアコンが暖房しかなく暑かった。 冷房に関してはホテル側で管理されていたので使えなかったです。  駐車場も狭くめっちゃ出づらかった。 ドアが隣の車にぶつかりそうになった。 運転席側も壁との間なく出づらいです？,Naoki,bookingcom_686494_44c1deb0a7c2b0ca77b4caeefca84c00
false,Google,3,2026-04-12,なかなか、綺麗なホテルだった。　朝食も付いていてお得だが……。味がちょっとイマイチかなぁ……,,,なかなか、綺麗なホテルだった。　朝食も付いていてお得だが……。味がちょっとイマイチかなぁ……,,,hirozou10,google_ChIJb0LXwvZcGGARgoK9Zeke02g_f415e528e1171d0dfefc32728e1a5cf7
false,じゃらん,3,2026-04-12,清潔感があり立地も良い  改装工事のため、ビュッフェの代わりに弁当が出た  ビュッフェを期待して予約しているので、その旨についてあらかじめ予約サイトにわかりやすく表示してほしい  この説明もスタッフからあっさりと説明されただけで腑に落ちない,,,清潔感があり立地も良い  改装工事のため、ビュッフェの代わりに弁当が出た  ビュッフェを期待して予約しているので、その旨についてあらかじめ予約サイトにわかりやすく表示してほしい  この説明もスタッフからあっさりと説明されただけで腑に落ちない,,,かめさん,jalan_332780_16db2ac80638aa9a34229535f1ea9f33
false,じゃらん,5,2026-04-12,部屋も綺麗だし基本的なアメニティはあるし、分からないこと聞いたら丁寧に答えてくれるしよかったです。2部屋借りたら鍵がどちらの鍵か分からないようになっていました。混ざらないようにと言われましたがこれはひと目で分かるように部屋番号が載っていればよかったのになと思いました。未就学が無料もよかったし。フリードリンクがありましたがジュースがあればもっとよかったかな。コーヒー系しかなかったので。子供たちには無理でした。値段をおさえて宿泊ならお勧めします。朝ごはんも部屋に戻って食べていいとお弁当箱がありました。おいしかったですょ。,,,部屋も綺麗だし基本的なアメニティはあるし、分からないこと聞いたら丁寧に答えてくれるしよかったです。2部屋借りたら鍵がどちらの鍵か分からないようになっていました。混ざらないようにと言われましたがこれはひと目で分かるように部屋番号が載っていればよかったのになと思いました。未就学が無料もよかったし。フリードリンクがありましたがジュースがあればもっとよかったかな。コーヒー系しかなかったので。子供たちには無理でした。値段をおさえて宿泊ならお勧めします。朝ごはんも部屋に戻って食べていいとお弁当箱がありました。おいしかったですょ。,,,あべちゃんさん,jalan_332780_76caf61ea654922437d4925e0a5eace2
false,Google,1,2026-04-11,WiFiあるとは言ってるものの、途中ですぐ繋がらなくなる。LINEや動画を見てる時にも突然、WiFi接続マークが出てても繋がらなくなります。 1度繋がらなくなったら、そこから半日はまともに使えないと思って利用した方がいい。,,,WiFiあるとは言ってるものの、途中ですぐ繋がらなくなる。LINEや動画を見てる時にも突然、WiFi接続マークが出てても繋がらなくなります。 1度繋がらなくなったら、そこから半日はまともに使えないと思って利用した方がいい。,,,かなと___,google_ChIJb0LXwvZcGGARgoK9Zeke02g_e4c592ea70c045550b8d3b54b1869231
false,じゃらん,5,2026-04-10,フロントの方の対応が落ち着いていて安心できた。部屋は清潔感があり、近くにはスーパーやコンビニもあってよかった！また利用したいと思う。,,,フロントの方の対応が落ち着いていて安心できた。部屋は清潔感があり、近くにはスーパーやコンビニもあってよかった！また利用したいと思う。,,,ひろさん,jalan_332780_a6770fbb6ad986f4bd4b816967c8fce3
false,じゃらん,3,2026-04-09,駅やコンビニも近く便利な立地。朝食美味しかったです。スタッフも親切です。チェックイン時お部屋をアップグレードしてくれてありがたかったのですが、3階のランドリーや自販機ルームのすぐ横で、男性の団体客の話す声が部屋に丸聞こえでうるさかったのだけが残念(耳栓して寝ました)。,,,駅やコンビニも近く便利な立地。朝食美味しかったです。スタッフも親切です。チェックイン時お部屋をアップグレードしてくれてありがたかったのですが、3階のランドリーや自販機ルームのすぐ横で、男性の団体客の話す声が部屋に丸聞こえでうるさかったのだけが残念(耳栓して寝ました)。,,,noiさん,jalan_332780_825bcdf3ed2d0cbd8d0eaef0bfbda4cc
false,Google,5,2026-04-08,朝食がおいしかった。 石鹸の泡立ちがいいとか、温水が出るのが早いとか、ちょっとした快適さがたくさんあった。 壁は薄く、音が気になった。 ランドリーは百円硬貨しか使えず、少々不便だった。,,,朝食がおいしかった。 石鹸の泡立ちがいいとか、温水が出るのが早いとか、ちょっとした快適さがたくさんあった。 壁は薄く、音が気になった。 ランドリーは百円硬貨しか使えず、少々不便だった。,,,Kazuhiro Tate,google_ChIJb0LXwvZcGGARgoK9Zeke02g_52be41f2e46daa4645a3279f88369f35
false,Google,4,2026-04-08,,,,,,,やまねねやま,google_ChIJb0LXwvZcGGARgoK9Zeke02g_50e3d3bfdfb43e1e0880a0d38ef383af
false,じゃらん,4,2026-04-08,孫達と一緒の旅行で 最寄りの駅から 近くて分かりやすくていいですね。  朝食会場も兼ねている、いつでも利用出来るカフェがあってよかったのですが 並んでいる朝食を取る所が狭くて取りにくかったです。,,,孫達と一緒の旅行で 最寄りの駅から 近くて分かりやすくていいですね。  朝食会場も兼ねている、いつでも利用出来るカフェがあってよかったのですが 並んでいる朝食を取る所が狭くて取りにくかったです。,,,ちょこさん,jalan_332780_582b89cf8bd83a160fc24d29e7c6bfc4
false,楽天トラベル,4,2026-04-07,小学生の子供と春休み旅行で利用しました。子供は添い寝無料で朝食も無料でコスパ最高でした。朝食は無料なのに種類も多く大満足です。アメニティーはクレンジングや化粧水などはないので持参が必要です。,,,小学生の子供と春休み旅行で利用しました。子供は添い寝無料で朝食も無料でコスパ最高でした。朝食は無料なのに種類も多く大満足です。アメニティーはクレンジングや化粧水などはないので持参が必要です。,,,やまどめさん,rakuten_38530_a17b83ce111ac52205aa54296e144a16
false,Booking.com,8,2026-04-07,,,,,,,Sachimi,bookingcom_686494_0b22f8bd7f70af7434a801431b726243
false,楽天トラベル,5,2026-04-07,平日の朝だったんですが朝食が混みすぎてて15分くらい並んだのと、お米が間に合ってなくて炊けるまで30分くらい待ちました。他にも補充されてないおかずも多くて、スタッフも忙しそうで聞くに聞けない状況でした。無料なので仕方ないけどお米ないのは子どももいたので少しかわいそうでした。,,,平日の朝だったんですが朝食が混みすぎてて15分くらい並んだのと、お米が間に合ってなくて炊けるまで30分くらい待ちました。他にも補充されてないおかずも多くて、スタッフも忙しそうで聞くに聞けない状況でした。無料なので仕方ないけどお米ないのは子どももいたので少しかわいそうでした。,,,すいとるぞう,rakuten_38530_0262fc07acd9cce57bad74ed159bc7e3
false,Google,4,2026-04-05,立地が良く、観光や食事に大変便利です。ただし、朝食は大変混むので、お早めにどうぞ。,,,立地が良く、観光や食事に大変便利です。ただし、朝食は大変混むので、お早めにどうぞ。,,,Hirokazu Kawabata,google_ChIJb0LXwvZcGGARgoK9Zeke02g_e01ba8764310bc0d0d9b38bff87b9108
false,楽天トラベル,4,2026-04-05,立地が抜群に良い。車だったが、提携駐車場で利用料金がリーズナブル。朝食がメニュー、スタッフのサービスともに満足しました。,,,立地が抜群に良い。車だったが、提携駐車場で利用料金がリーズナブル。朝食がメニュー、スタッフのサービスともに満足しました。,,,ＦＧ山ちゃん,rakuten_38530_2375f9014dba78670300066cea7ff511
false,楽天トラベル,5,2026-04-05,2回目の宿泊です。 スタッフの方の対応も良く、朝食は美味しく、種類もたくさんあり利用しています。 6歳の子供がアレルギー体質なのですが。部屋に入った瞬間からくしゃみ、鼻水が止まらなく、夜は寝れなかったようです。 大人は大丈夫でしたが、アレルギー敏感さんには何かが反応してしまったようでした。,,,2回目の宿泊です。 スタッフの方の対応も良く、朝食は美味しく、種類もたくさんあり利用しています。 6歳の子供がアレルギー体質なのですが。部屋に入った瞬間からくしゃみ、鼻水が止まらなく、夜は寝れなかったようです。 大人は大丈夫でしたが、アレルギー敏感さんには何かが反応してしまったようでした。,,,Ushi1883,rakuten_38530_02c03771ad41b34b475a6aaee6c0a0d8
false,Trip.com,10,2026-04-05,清潔感もあって滞在に十分なホテルです！ なんと言っても無料の朝食バイキングのクオリティーがすごいです！予想していたより豪華で満足でした。 また利用したいと思います。,,,清潔感もあって滞在に十分なホテルです！ なんと言っても無料の朝食バイキングのクオリティーがすごいです！予想していたより豪華で満足でした。 また利用したいと思います。,,,ゲ‍ス‍ト,trip_1899440370
false,Trip.com,6,2026-04-05,駐車場が少し遠いですが安く駐車できるのでよかったです。,,,駐車場が少し遠いですが安く駐車できるのでよかったです。,,,ゲ‍ス‍ト,trip_1899535860
false,楽天トラベル,4,2026-04-05,目の前にコンビニもあり便利でした。朝食バイキングは、ちょうど良い量と種類で良かったです。,,,目の前にコンビニもあり便利でした。朝食バイキングは、ちょうど良い量と種類で良かったです。,,,まぁゆんさん24,rakuten_38530_c6371290417be668dca2fefdd75ca2db
false,じゃらん,4,2026-04-05,駅からも中華街からも近くで便利でした。  小学生の娘と添い寝しましたが、ベッドも充分な広さがあってよかったです。  朝食も無料にしては品数もあり、満足できました。,,,駅からも中華街からも近くで便利でした。  小学生の娘と添い寝しましたが、ベッドも充分な広さがあってよかったです。  朝食も無料にしては品数もあり、満足できました。,,,のんたんさん,jalan_332780_49d65c24c95fb0c3165bee8eabf4c69b
false,Google,4,2026-04-04,昨年12月に1泊しました。一人旅だったので、ホテルは私にはちょうど良かったです。特に報告することはありませんが、料金は手頃で、立地も良くアクセスも便利、歓迎も感じが良く、部屋は少し狭かったものの十分でした。唯一の欠点は朝食で、選択肢が非常に少なく、あまり美味しくありませんでした。朝食に高い期待はしていませんでしたが、これまで日本で宿泊した朝食付きホテルの中で、ここは最悪でした。,,,昨年12月に1泊しました。一人旅だったので、ホテルは私にはちょうど良かったです。特に報告することはありませんが、料金は手頃で、立地も良くアクセスも便利、歓迎も感じが良く、部屋は少し狭かったものの十分でした。唯一の欠点は朝食で、選択肢が非常に少なく、あまり美味しくありませんでした。朝食に高い期待はしていませんでしたが、これまで日本で宿泊した朝食付きホテルの中で、ここは最悪でした。,,,Rodion Loichits,google_ChIJb0LXwvZcGGARgoK9Zeke02g_161faf6ce50925fa45f565d2d0172ade
false,Google,4,2026-04-04,"I stayed there for one night last December; I was travelling alone, and the hotel suited me fine. Not much to report: the price was good, the location is great and easily accessible, the welcome was fine, and the rooms were a bit small but adequate. The only downside I can see is the breakfast, which really wasn’t great, very little choice. It’s not something I have high expectations of, but of all the hotels offering breakfast in Japan where I’ve stayed, this was the worst.",,,昨年12月に1泊しました。一人旅だったので、ホテルは私にはちょうど良かったです。特に報告することはありませんが、料金は手頃で、立地も良くアクセスも便利、歓迎も感じが良く、部屋は少し狭かったものの十分でした。唯一の欠点は朝食で、選択肢が非常に少なく、あまり美味しくありませんでした。朝食に高い期待はしていませんでしたが、これまで日本で宿泊した朝食付きホテルの中で、ここは最悪でした。,,,Rodion Loichits,google_ChIJb0LXwvZcGGARgoK9Zeke02g_b41ff3b16c86bbaf48e51069d3e5be39
false,じゃらん,5,2026-04-03,家族旅行で利用させて頂きました。  駅から近く、周辺にはコンビニやスーパーもあり便利、無料の朝食も想像よりも充実していて、良かったです。ベッドと枕の使い心地も良くてかなり満足しました。  ありがとうございました。,,,家族旅行で利用させて頂きました。  駅から近く、周辺にはコンビニやスーパーもあり便利、無料の朝食も想像よりも充実していて、良かったです。ベッドと枕の使い心地も良くてかなり満足しました。  ありがとうございました。,,,ありささん,jalan_332780_dde6ea9df593e9c1f0095f21fe5eba79
false,楽天トラベル,4,2026-04-02,リニューアル前にも宿泊したことがあったのですが、リニューアル後のお部屋はとっても快適がよく、特にカフェはテーブルの置き方にも工夫されていて、良かったです。 ひとつ残念だったのは、チェックイン少し前に到着し、カフェで待たせていただいていたのですが、チェックインの時間にフロントに行きますと、スタッフさんがいらっしゃいませんでした。せめて、チェックインの数分前にはフロントにてスタンバイしていただければ…と思いました。(私たちより先にフロントに行かれた方も困惑されていました。) よく利用するホテルなので、その部分が今回は残念でした。 ,,,リニューアル前にも宿泊したことがあったのですが、リニューアル後のお部屋はとっても快適がよく、特にカフェはテーブルの置き方にも工夫されていて、良かったです。 ひとつ残念だったのは、チェックイン少し前に到着し、カフェで待たせていただいていたのですが、チェックインの時間にフロントに行きますと、スタッフさんがいらっしゃいませんでした。せめて、チェックインの数分前にはフロントにてスタンバイしていただければ…と思いました。(私たちより先にフロントに行かれた方も困惑されていました。) よく利用するホテルなので、その部分が今回は残念でした。 ,,,あいちゃん２２７,rakuten_38530_df760b36521eaf0cfc5587eda4b29d31
false,楽天トラベル,2,2026-04-02,ネットで朝食を売りにしていたのですが、お伺いしたら工事中ということで、お弁当対応でした。予約の際に記載していればいいのですが・・・ただ、そのお弁当もコンビニのおにぎりみたいなもの2つ。スムージーを打ち出していますが、それもなくインスタントスープをわたされました。 工事は仕方がないとは思いますが、そのさいはHPにも記載して朝食を打ち出すのをその時期だけ抑えればいいのにとちょっと不満でした。もしくは朝食を売りにしているので、もう少しお弁当をきちんとするか、ドリンクコーナーだけでもフロントに置けばいいのに、ちょっと経営方針に残念だったです。わかっていれば目の前のＡＰＡに泊まっていたな,,,ネットで朝食を売りにしていたのですが、お伺いしたら工事中ということで、お弁当対応でした。予約の際に記載していればいいのですが・・・ただ、そのお弁当もコンビニのおにぎりみたいなもの2つ。スムージーを打ち出していますが、それもなくインスタントスープをわたされました。 工事は仕方がないとは思いますが、そのさいはHPにも記載して朝食を打ち出すのをその時期だけ抑えればいいのにとちょっと不満でした。もしくは朝食を売りにしているので、もう少しお弁当をきちんとするか、ドリンクコーナーだけでもフロントに置けばいいのに、ちょっと経営方針に残念だったです。わかっていれば目の前のＡＰＡに泊まっていたな,,,るーわ2000,rakuten_38530_a47f6c649de9e20d501bd4d75f9c92bf
false,楽天トラベル,4,2026-04-02,部屋、朝食、サービス等は満足ですが残念な点が一つ、それは駐車場です。ホテル駐車場が狭く、私のコンパクトカーだと右側が壁面だと、運転席ドアが開けられず、助手席側ドアから、ヨッコラショと降りる事になりました。隣の車がコンパクトカーでもこの有様。3ナンバーの大型車だったら車から降りられなかったかも。あと、駐車場から道路に出る所に結構段差が有り、車の底を擦りました。せめてその旨の注意書きが有れば良かったのにと感じた次第です。大きめの車で来る方はホテル内駐車場では無く提携駐車場の方が宜しいかと思います。冒頭述べましたが、宿泊そのものは満足した良いホテルです。,,,部屋、朝食、サービス等は満足ですが残念な点が一つ、それは駐車場です。ホテル駐車場が狭く、私のコンパクトカーだと右側が壁面だと、運転席ドアが開けられず、助手席側ドアから、ヨッコラショと降りる事になりました。隣の車がコンパクトカーでもこの有様。3ナンバーの大型車だったら車から降りられなかったかも。あと、駐車場から道路に出る所に結構段差が有り、車の底を擦りました。せめてその旨の注意書きが有れば良かったのにと感じた次第です。大きめの車で来る方はホテル内駐車場では無く提携駐車場の方が宜しいかと思います。冒頭述べましたが、宿泊そのものは満足した良いホテルです。,,,ツーリング行きたい爺さん,rakuten_38530_1c3529709ca010340732502473b135a8
false,Google,4,2026-04-01,関内駅に近く、朝食付きで、ある程度のきれいさに評価のあるホテルの中で探しました。 選んだプランの子連れ料金(小学生以下添い寝無料)が決めてとなりました。 あいにく改装期間で朝食バイキングはお休みとなっていましたが、朝ごはんに軽食の弁当。野菜ジュースかフルーツジュース、スープを提供してくださいました。アットホームというか、親切に対応いただいたと思います。コスパはよく、部屋に冷蔵庫もあって良かったです。 チェックアウトタイミングに上階からのエレベーターが満員で全然乗れなくて、非常階段から降りましたが、それだけは困りました。タイミングですかね。 子連れで添い寝無料はとても助かるので、朝食レストランが復活したらまた利用したいと思います。,,,関内駅に近く、朝食付きで、ある程度のきれいさに評価のあるホテルの中で探しました。 選んだプランの子連れ料金(小学生以下添い寝無料)が決めてとなりました。 あいにく改装期間で朝食バイキングはお休みとなっていましたが、朝ごはんに軽食の弁当。野菜ジュースかフルーツジュース、スープを提供してくださいました。アットホームというか、親切に対応いただいたと思います。コスパはよく、部屋に冷蔵庫もあって良かったです。 チェックアウトタイミングに上階からのエレベーターが満員で全然乗れなくて、非常階段から降りましたが、それだけは困りました。タイミングですかね。 子連れで添い寝無料はとても助かるので、朝食レストランが復活したらまた利用したいと思います。,,,田村ワイフ,google_ChIJb0LXwvZcGGARgoK9Zeke02g_2952bdb8415efe09ce6007237521a423
false,楽天トラベル,5,2026-04-01,ジジ、ばば、ママ、6歳、0歳の孫2人の5人で トリプルに泊まりました 横浜でトリプルが難しくこちらに巡り会ってとてもラッキーでした 朝食付きなのも嬉しく無料であのクオリティは申し訳ないと感じるくらい、美味しかったです 関東在住なので横浜に宿泊はなかなかないのですが、子供の小さいうちはまた宿泊に来たいと ママは大絶賛でした 関内、桜木町には歩き圏内なのも良かったです,,,ジジ、ばば、ママ、6歳、0歳の孫2人の5人で トリプルに泊まりました 横浜でトリプルが難しくこちらに巡り会ってとてもラッキーでした 朝食付きなのも嬉しく無料であのクオリティは申し訳ないと感じるくらい、美味しかったです 関東在住なので横浜に宿泊はなかなかないのですが、子供の小さいうちはまた宿泊に来たいと ママは大絶賛でした 関内、桜木町には歩き圏内なのも良かったです,,,ゆじぇじぇ,rakuten_38530_2a91c577712531d4b6a5931914a30a15
false,Booking.com,6,2026-04-01,,何時も感謝しているが、今工事中なので仕方ないが、一番困るのは予約が取りにくくなった、これが一番こまる。,予約が取りにくいこと,,何時も感謝しているが、今工事中なので仕方ないが、一番困るのは予約が取りにくくなった、これが一番こまる。,予約が取りにくいこと,Yoshiro,bookingcom_686494_5996d1092da75384855c91ed9ed57090
false,Booking.com,3,2026-04-01,,,,,,,Ka,bookingcom_686494_69f2155917b8bb49e93fbc13f4d2273e
false,Booking.com,7,2026-05-15,,ハマスタに近い,掃除が行き届いていないところがあった,,ハマスタに近い,掃除が行き届いていないところがあった,Mie,bookingcom_686494_580261c6a7b9eade7e4e4a98b394f203
false,Agoda,8,2026-05-14,横浜の山下公園、中華街、横浜球場が近くて、2泊した中で、何度も散歩しました。関内駅からも近く、コンビニや飲食店が多く、とても便利です。ホテルはこじんまりしてますが朝食会場となるラウンジがおしゃれで、飲み放題のドリンクで何度も休憩に利用しました。窓側の席ではスマホの充電もでき、ちょっとしたカフェ気分になれます。無料の朝食も種類は少ないのですが、どれもとても美味しくてたくさんいただきました。また横浜に行く時は、絶対リピします！,,,横浜の山下公園、中華街、横浜球場が近くて、2泊した中で、何度も散歩しました。関内駅からも近く、コンビニや飲食店が多く、とても便利です。ホテルはこじんまりしてますが朝食会場となるラウンジがおしゃれで、飲み放題のドリンクで何度も休憩に利用しました。窓側の席ではスマホの充電もでき、ちょっとしたカフェ気分になれます。無料の朝食も種類は少ないのですが、どれもとても美味しくてたくさんいただきました。また横浜に行く時は、絶対リピします！,,,哲子,agoda_193987_59f01d9485a163261105c2eb3aa9e6d8
false,楽天トラベル,4,2026-05-14,部屋も清掃がしっかりされていて気持ちが良かった エアコンの音が大きくてやかましいのと カーテンから光が漏れ目が覚めてしまったのが 残念な点でした,,,部屋も清掃がしっかりされていて気持ちが良かった エアコンの音が大きくてやかましいのと カーテンから光が漏れ目が覚めてしまったのが 残念な点でした,,,ドラおじさん,rakuten_38530_1206ab7dc7df3fbafb062c9ac2b9850b
false,楽天トラベル,4,2026-05-13,部屋は思っていたより広く、ベッドの寝心地も良かったです。 朝食もおいしかったです。 また、カフェが長い時間利用出来るのと、チェックイン前もチェックアウト後も荷物を預かってもらえたのは大変便利だと思いました。,,,部屋は思っていたより広く、ベッドの寝心地も良かったです。 朝食もおいしかったです。 また、カフェが長い時間利用出来るのと、チェックイン前もチェックアウト後も荷物を預かってもらえたのは大変便利だと思いました。,,,bonbon-boon,rakuten_38530_d9de784e0c4327bf3132cf0b267cb018
false,Booking.com,9,2026-05-12,,お部屋屋その他施設が清潔でした。無料の朝食にも満足でした。場所も便利でした。,,,お部屋屋その他施設が清潔でした。無料の朝食にも満足でした。場所も便利でした。,,Satoko,bookingcom_686494_67f8fa68d8726383cf5492e8a2a7c428
false,Google,3,2026-05-12,,,,,,,takeshi kaido,google_ChIJb0LXwvZcGGARgoK9Zeke02g_8fbc3999532e89b062e5d144ac67c315
false,Agoda,10,2026-05-12,朝食が美味しかったです。,,,朝食が美味しかったです。,,,kenro,agoda_193987_8d0883e178945a25c963cdfe89e8e088
false,じゃらん,5,2026-05-12,宿を探す際、まずコンフォートホテルがあるかから入ります。これまで何店か利用しましたが、期待が外れたことはありません。  関内ホテルも同様、大満足でした。  スタッフの対応はにこやかできちんと説明してくれます。  ベッドがセミダブルで広いのでくつろげます。  室内は清潔でした。ただ、ここは空気清浄加湿機がなかったのが残念でした。  朝食は無料なのにレパートリーが多く、スムージーは大好きです。  私は早い時間（6時半）に入ったので余裕で食べることができましたが、8 時頃に来られた方は入口で並ばれていました。朝の出発時間が決まっている方はもどかしかったと思います。  場所的には駅に近いし近くにコンビニや飲食店が多く大変便利でした。,,,宿を探す際、まずコンフォートホテルがあるかから入ります。これまで何店か利用しましたが、期待が外れたことはありません。  関内ホテルも同様、大満足でした。  スタッフの対応はにこやかできちんと説明してくれます。  ベッドがセミダブルで広いのでくつろげます。  室内は清潔でした。ただ、ここは空気清浄加湿機がなかったのが残念でした。  朝食は無料なのにレパートリーが多く、スムージーは大好きです。  私は早い時間（6時半）に入ったので余裕で食べることができましたが、8 時頃に来られた方は入口で並ばれていました。朝の出発時間が決まっている方はもどかしかったと思います。  場所的には駅に近いし近くにコンビニや飲食店が多く大変便利でした。,,,nahoさん,jalan_332780_e9c261bb8e0a06fc5e385111f0a12ece
false,Trip.com,10,2026-05-11,"Really liked this Hotel, very kind staff. The breakfast room is a bit cramped at times but it's well organized so that you don't feel stressed. The location is great!",,,このホテルは本当に気に入りました。スタッフの方々もとても親切でした。朝食会場は時々少し狭いですが、きちんと整理されているのでストレスを感じることはありません。立地も最高です！,,,ゲ‍ス‍ト,trip_1944164173
false,Trip.com,10,2026-05-10,駅近で、移動しやすく、清潔感もあり良かったです😊,,,駅近で、移動しやすく、清潔感もあり良かったです😊,,,ゲ‍ス‍ト,trip_1942819738
false,Trip.com,9,2026-05-10,美味しい朝食もついて安く泊まれて満足です。,,,美味しい朝食もついて安く泊まれて満足です。,,,ゲ‍ス‍ト,trip_1943496734
false,Booking.com,6,2026-05-10,,,,,,,Kitahara,bookingcom_686494_3d1915e0277c348b39c445da437d613b
false,Agoda,6,2026-05-09,ウエルカムドリンクは紙コップで蓋もあり部屋でのんびり飲むことができます。 隣は小さな子供がいるようでしたが部屋からは全く気にならず快適に過ごせました。,,,ウエルカムドリンクは紙コップで蓋もあり部屋でのんびり飲むことができます。 隣は小さな子供がいるようでしたが部屋からは全く気にならず快適に過ごせました。,,,MASAYO,agoda_193987_c877d9af757343962e29ea4e62a9ec35
false,Booking.com,7,2026-05-08,,,,,,,Mai,bookingcom_686494_9fd8e50c165b1efb894c8311879e825d
false,楽天トラベル,4,2026-05-08,今回は、横浜観光で夫婦で利用させて頂きました。 時々、各地のコンフォートホテルさんを利用させて頂いてますがどこも変わらずスタッフの笑顔にホッとさせられています　ゴールデンウィーク真っ只中という事もあり朝食会場は激混みでは有りましたが満足のいく対応で他のお客様たちも喜んでおられました。,,,今回は、横浜観光で夫婦で利用させて頂きました。 時々、各地のコンフォートホテルさんを利用させて頂いてますがどこも変わらずスタッフの笑顔にホッとさせられています　ゴールデンウィーク真っ只中という事もあり朝食会場は激混みでは有りましたが満足のいく対応で他のお客様たちも喜んでおられました。,,,@poppo,rakuten_38530_eb4fec032be40da7806cf0837d73aac1
false,楽天トラベル,4,2026-05-08,野球観戦のため利用しました。 スタジアムからは徒歩５，６分でしょうか。周辺はコンビニや飲食店もたくさんあり、立地は申し分ないです。 ２階がフロントとフリースペースになっていて、１階と２階には無料のロッカーがあり、フロントに預けるより気兼ねなくていいなと思いました。 無料の朝食は想定していたより充実していて、和洋のメニューを朝からしっかり頂くことができました。 設備の古さはありますが、リフォームしてありお部屋はきれいで清潔。 また、近くでイベントがあれば利用したいです。,,,野球観戦のため利用しました。 スタジアムからは徒歩５，６分でしょうか。周辺はコンビニや飲食店もたくさんあり、立地は申し分ないです。 ２階がフロントとフリースペースになっていて、１階と２階には無料のロッカーがあり、フロントに預けるより気兼ねなくていいなと思いました。 無料の朝食は想定していたより充実していて、和洋のメニューを朝からしっかり頂くことができました。 設備の古さはありますが、リフォームしてありお部屋はきれいで清潔。 また、近くでイベントがあれば利用したいです。,,,酒場のレモンサワー,rakuten_38530_9491983dd66b8a8f9d0d85cda5b50267
false,Booking.com,10,2026-05-08,,朝食がすごく美味しかった、寝具の寝心地がよかった、スタッフの対応がよかった,強いて言えばプラスチックの収納箱でもいいので外履きの靴入れが欲しかったです。,,朝食がすごく美味しかった、寝具の寝心地がよかった、スタッフの対応がよかった,強いて言えばプラスチックの収納箱でもいいので外履きの靴入れが欲しかったです。,透,bookingcom_686494_f7c7fe3c71bb9270e29cc3908a02a7b8
false,Booking.com,9,2026-05-07,,,,,,,Jiang,bookingcom_686494_108e3c39e858b1210c2ce5e1a2751ac5
false,Booking.com,8,2026-05-06,,,,,,,Momone,bookingcom_686494_43346d23557d1ed968bc8962ed9f01dd
false,Booking.com,6,2026-05-06,,,,,,,Choya_shoji,bookingcom_686494_29128eb227fd4294033fe1c230609f97
false,Agoda,5,2026-05-06,朝食が無料サービスで品数もそれなりにあり嬉しかったです ただ朝食会場の席が少ないので時間によってはかなりの待ち時間が発生します,,,朝食が無料サービスで品数もそれなりにあり嬉しかったです ただ朝食会場の席が少ないので時間によってはかなりの待ち時間が発生します,,,TATUYA,agoda_193987_d5080fad30c5fe391e7183e8cb2e5bd6
false,Agoda,7,2026-05-06,ホテルも普通に綺麗で、立地条件も駅近、中華街にも近く良かった。 朝食もバランスが良く満足しました。 駐車場が狭いのが気になりました。,,,ホテルも普通に綺麗で、立地条件も駅近、中華街にも近く良かった。 朝食もバランスが良く満足しました。 駐車場が狭いのが気になりました。,,,Makoto,agoda_193987_1119a51404f0659ec23023078b8e7b37
false,Agoda,6,2026-05-06,モーニングビュッフェが狭いながらも、品数もあり良かったです。  残念なのはエレベーター2機が狭いこと。 モーニング時，チェックアウトの時間帯は非常に混雑して、乗ることができませんでした。 また，モーニングビュッフェ時は2階ホールが大変混雑しています。  それ以外は、宿泊施設は清潔感もあり，最低限のアメニティも揃っていて星3つです。,,,モーニングビュッフェが狭いながらも、品数もあり良かったです。  残念なのはエレベーター2機が狭いこと。 モーニング時，チェックアウトの時間帯は非常に混雑して、乗ることができませんでした。 また，モーニングビュッフェ時は2階ホールが大変混雑しています。  それ以外は、宿泊施設は清潔感もあり，最低限のアメニティも揃っていて星3つです。,,,satoshi,agoda_193987_74d92baa5cbf4506f70d983c851d628c
false,Booking.com,6,2026-05-06,,,,,,,Tosaka,bookingcom_686494_a0b013c8c1fd50f5bd4c8f8a4b3a1a3a
false,Booking.com,8,2026-05-06,,"A localização, custo benefício e café da manhã valeram.","No 9 andar onde fiquei , tinha algo que vibrava o tempo todo e a noite. Provavelmente a lavanderia deveria ser em cima,  não consegui descansar. Os funcionários não são muito simpáticos,  somente uma moça estrangeira nos atendeu com sorriso.",,立地、価格、朝食、どれをとっても満足だった。,私が泊まった9階では、夜でもずっと何かが振動していました。おそらく洗濯室が上の階にあったのでしょう。おかげで全く眠れませんでした。スタッフもあまり親切ではなく、笑顔で挨拶してくれたのは外国人女性一人だけでした。,Chris,bookingcom_686494_293edb05b14d274e6672a68ec829ca19
false,じゃらん,4,2026-05-06,コンフォートホテルは清潔で快適なので、あちこちでたまに利用させてもらっています。今回はGW中、旅行で2連泊させてもらいました。  GW中なので予想はしていましたが、朝食時は席を待つのに長蛇の列。案内されたあとも、狭いビュッフェ会場に料理を求める人の列で、大変混雑していました。お弁当箱に詰めて、部屋で朝食を頂けるなど対策はありましたが、料理がすぐになくなってしまうため、お弁当箱に詰める料理待ちの人があふれており混沌としていました。  どのコンフォートホテルにも言えることですが、もうすこし、会場が広いとよいのになと思います。また、混雑の時期だけでも、お客さんを時間で割り振るなどすると良いのにと思いました。  人がひしめき合う中、従業員の方々は多分マニュアル通りによくやっていたと思います。  不満は書きましたが、また利用すると思います。,,,コンフォートホテルは清潔で快適なので、あちこちでたまに利用させてもらっています。今回はGW中、旅行で2連泊させてもらいました。  GW中なので予想はしていましたが、朝食時は席を待つのに長蛇の列。案内されたあとも、狭いビュッフェ会場に料理を求める人の列で、大変混雑していました。お弁当箱に詰めて、部屋で朝食を頂けるなど対策はありましたが、料理がすぐになくなってしまうため、お弁当箱に詰める料理待ちの人があふれており混沌としていました。  どのコンフォートホテルにも言えることですが、もうすこし、会場が広いとよいのになと思います。また、混雑の時期だけでも、お客さんを時間で割り振るなどすると良いのにと思いました。  人がひしめき合う中、従業員の方々は多分マニュアル通りによくやっていたと思います。  不満は書きましたが、また利用すると思います。,,,みっちゃんさん,jalan_332780_d4d2e4c6467e5b65d872a151b3225454
false,じゃらん,4,2026-05-06,この度、横浜観光で、5歳の子と3人で泊まらせていただきました。  着いてから夜は、中華街に歩いてご飯食べに行って、朝も、バイキングで、お腹いっぱいいただきました。朝も、赤レンガ倉庫の方まで散歩行きました。  色々な場所まで近いし、お値段も安いし、良かったです。また横浜行く時は、また予約します。  ありがとうございました。,,,この度、横浜観光で、5歳の子と3人で泊まらせていただきました。  着いてから夜は、中華街に歩いてご飯食べに行って、朝も、バイキングで、お腹いっぱいいただきました。朝も、赤レンガ倉庫の方まで散歩行きました。  色々な場所まで近いし、お値段も安いし、良かったです。また横浜行く時は、また予約します。  ありがとうございました。,,,チビアユさん,jalan_332780_9abee4a71778b863e26cb650842d1d7d
false,Booking.com,8,2026-05-05,,朝食が満足出来る美味しさでした。  ベッドが良くて快適に眠れました,特に無し,,朝食が満足出来る美味しさでした。  ベッドが良くて快適に眠れました,特に無し,Tadao,bookingcom_686494_85573fc8d32e35128229a0e6ae363237
false,Agoda,6,2026-05-05,急遽の予約で取ったホテルですが、駅までのアクセス良く、朝食会場も混んでましたが、まずまずだったです,,,急遽の予約で取ったホテルですが、駅までのアクセス良く、朝食会場も混んでましたが、まずまずだったです,,,KEITARO,agoda_193987_65f91cce1561aca9cf7ae7b25a338c5b
false,Trip.com,8,2026-05-05,部屋が臭った。恐らくカーテン。焼き肉のようなに臭い。 消臭スプレーが部屋に備え付けあるのに気付いたのが、翌朝であった。 朝食は品数も多く、メニューも工夫されており満足度は高い。 チェックイン前後に使えるロッカーや、自由に使えるカフェスペースも便利であった。,,,部屋が臭った。恐らくカーテン。焼き肉のようなに臭い。 消臭スプレーが部屋に備え付けあるのに気付いたのが、翌朝であった。 朝食は品数も多く、メニューも工夫されており満足度は高い。 チェックイン前後に使えるロッカーや、自由に使えるカフェスペースも便利であった。,,,ゲ‍ス‍ト,trip_1936302312
false,Trip.com,10,2026-05-05,"Good location. Breakfast is good except no seat, long queue",,,立地は良い。朝食は美味しいが、席がなく、行列が長い。,,,ゲ‍ス‍ト,trip_1936458936
false,Google,4,2026-05-05,フロントの方が丁寧にいろいろ説明してくれました（特に駐車場） 予約できない、先着順,,,フロントの方が丁寧にいろいろ説明してくれました（特に駐車場） 予約できない、先着順,,,Kazumi M,google_ChIJb0LXwvZcGGARgoK9Zeke02g_8dc6faae4da0f86abdd369a86bc8dee3
false,じゃらん,4,2026-05-05,ウェルカムドリンクのあるロビーが清潔で、とてもよかった。夜もロビーで、買ってきたものを食べることができた。,,,ウェルカムドリンクのあるロビーが清潔で、とてもよかった。夜もロビーで、買ってきたものを食べることができた。,,,勝沼さん,jalan_332780_a229b62188cf8824c8076b2c48c6564e
false,楽天トラベル,5,2026-05-04,京都で利用し、また横浜でも利用させてもらいました！立地は駅近で、横浜スタジアムや中華街、その他観光地が近く、とても良かったです！,,,京都で利用し、また横浜でも利用させてもらいました！立地は駅近で、横浜スタジアムや中華街、その他観光地が近く、とても良かったです！,,,nrita,rakuten_38530_0ec995e4eb373f05072529c1c84f5211
false,Booking.com,4,2026-05-04,,,朝食待ち時間やスペースの改善を早急にするべきでは？,,,朝食待ち時間やスペースの改善を早急にするべきでは？,篠原,bookingcom_686494_8b359640dd34277d43d909a6d5046a48
false,楽天トラベル,4,2026-05-04,夫婦で毎年何回か利用していますが、今回は初めて連泊で利用させて頂きました。室内は綺麗に改装されていてとても過ごしやすかったです。 朝食も種類が豊富で2日間おいしくいただけました。 連休中で宿泊者が多かった為か、食事の時間は混雑して待ちましたが、利用時間予想ボードが用意されていたりと配慮が嬉しかったです😊,,,夫婦で毎年何回か利用していますが、今回は初めて連泊で利用させて頂きました。室内は綺麗に改装されていてとても過ごしやすかったです。 朝食も種類が豊富で2日間おいしくいただけました。 連休中で宿泊者が多かった為か、食事の時間は混雑して待ちましたが、利用時間予想ボードが用意されていたりと配慮が嬉しかったです😊,,,cami248,rakuten_38530_727fdfcd234cf64faf812213e9e84d07
false,じゃらん,5,2026-05-04,晩は近くの中華飯店でちょい呑み。部屋は広くはないが、必要なものは揃っている。  朝食は早めに行ったほうが良いが、メニューは豊富で、満足です。,,,晩は近くの中華飯店でちょい呑み。部屋は広くはないが、必要なものは揃っている。  朝食は早めに行ったほうが良いが、メニューは豊富で、満足です。,,,父ちゃんさん,jalan_332780_d72f1eba288d862a4423082631ec533d
false,Trip.com,10,2026-05-03,"L’accoglienza è stata perfetta, ci hanno consentito di lasciare i bagagli in attesa del check in dato che siamo arrivati la mattina presto e di andare a fare la nostra gita con tutta calma. Al rientro in meno di 5 min avevamo già fatto tutto ed eravamo in camera. La camera è piccola, un classico standard per quelle giapponesi ma super funzionale e ben organizzata con tutti i comfort! La mattina dopo abbiamo anche usufruito della colazione, la parte salata per me è stata top. Lo staff ci ha poi aiutato per spedire i nostri bagagli e ci hanno anche fatto un piccolo sconto sulla tariffa per via che abbiamo dovuto aspettare un pochino mentre ricevevano la conferma dall’altro hotel della nostra prenotazione. Consigliatissimo dato che ha anche una posizione eccellente vicino alla stazione, letteralmente 5 min a piedi!",,,最高の歓迎を受けました。早朝に到着したため、チェックインを待つ間、荷物を預けることができ、自分のペースで観光を楽しむことができました。戻ってきてからは、5分もかからずに荷物をまとめて部屋に入ることができました。部屋は日本の部屋らしく小さめですが、機能的で整理整頓されており、必要なものはすべて揃っています。翌朝の朝食も美味しく、特に塩味の料理が気に入りました。スタッフは荷物の発送を手伝ってくれただけでなく、他のホテルで予約確認に少し時間がかかったため、少し割引までしてくれました。駅からも徒歩5分という絶好のロケーションなので、本当におすすめです！,,,ゲ‍ス‍ト,trip_1932854086
false,楽天トラベル,4,2026-05-03,チェックイン当日は混んでいましたが、こちらの希望を聞いてくださって、丁寧なご対応をありがとうございました。 お部屋は清潔感のあるおなじみの部屋で、お勧めは２階のカフェ。ドリンクサービスや自由に読める個性的な本の数々、何より落ち着いた空間で寛ぐ事が出来何度となく利用させていただきました。駅からも分かりやすく、周りには飲食店も沢山！立地も申し分無いので、また機会がありましたら宿泊させていただきます。,,,チェックイン当日は混んでいましたが、こちらの希望を聞いてくださって、丁寧なご対応をありがとうございました。 お部屋は清潔感のあるおなじみの部屋で、お勧めは２階のカフェ。ドリンクサービスや自由に読める個性的な本の数々、何より落ち着いた空間で寛ぐ事が出来何度となく利用させていただきました。駅からも分かりやすく、周りには飲食店も沢山！立地も申し分無いので、また機会がありましたら宿泊させていただきます。,,,黒豆きなこ餅,rakuten_38530_78704464a655dd52358d8951a29ee607
false,じゃらん,4,2026-05-03,最寄り駅にも近く、中華街へも徒歩圏内です。  ホテルも清潔感があり、出張にはおすすめです。  価格も満足できました。,,,最寄り駅にも近く、中華街へも徒歩圏内です。  ホテルも清潔感があり、出張にはおすすめです。  価格も満足できました。,,,nx03さん,jalan_332780_501bbdea7d122440ce3f465fc85a75e0
false,Booking.com,6,2026-05-02,,,,,,,Mitsui,bookingcom_686494_cc1737529ec4fd1b782da8d23b08116f
false,楽天トラベル,5,2026-05-02,朝食無料ですが、食事場所が小スペースの為、混雑します。ですが、お弁当パックくれるので詰めて部屋食出来ます。,,,朝食無料ですが、食事場所が小スペースの為、混雑します。ですが、お弁当パックくれるので詰めて部屋食出来ます。,,,XJR1300a217ki,rakuten_38530_2281054a6ddab338dc09d232e6cbfab3
false,Trip.com,10,2026-05-02,Localização perfeita para pontos turísticos.reataurantes diferenciados.,,,観光名所や個性的なレストランへのアクセスに最適な立地です。,,,ゲ‍ス‍ト,trip_1931690032
false,Trip.com,10,2026-05-01,中華街、横浜ドームまでも徒歩ですぐ！最寄り駅は関内駅ですが徒歩数分のベスト立地でした。ウエルカムドリンク、カフェは二階なので景色を見ながらのでした。 お部屋も簡潔にされていました！ アメニティは持ち込んだ方が安心です。,,,中華街、横浜ドームまでも徒歩ですぐ！最寄り駅は関内駅ですが徒歩数分のベスト立地でした。ウエルカムドリンク、カフェは二階なので景色を見ながらのでした。 お部屋も簡潔にされていました！ アメニティは持ち込んだ方が安心です。,,,@‍K‍e‍i‍k‍o‍ ‍A‍o‍i,trip_1930467722
false,Booking.com,5,2026-05-01,,コーヒーなどが0時まで利用できた 荷物預かりがセルフでできた,朝食サービスだったが、補充が遅かった,,コーヒーなどが0時まで利用できた 荷物預かりがセルフでできた,朝食サービスだったが、補充が遅かった,Yoko,bookingcom_686494_a82ef8ac6df7a8dc1b0a6183bd46fa8c
false,Booking.com,8,2026-05-01,,Me gustó todo gracias,,,全て気に入りました、ありがとうございました。,,Flores,bookingcom_686494_20842c4cb13e905a4af98bdfe50409d5
false,Booking.com,9,2026-05-01,,"A localização excelente, com café da manhã excepcional.",,,立地が素晴らしく、朝食も格別です。,,Chris,bookingcom_686494_4934a049e2af5cbd558ace0f459f4bc9
false,Booking.com,9,2026-05-01,,"A localização,  tem conveniência por perto, há poucos metros do cosmos Park,  red bridge,  café da manhã ocidental e oriental.",,,周辺には便利な施設が揃っており、コスモスパークやレッドブリッジまでわずか数メートル、また洋食や東洋料理の朝食を提供するレストランも数多くあります。,,Chris,bookingcom_686494_7f5f13433edf5a5a7482c4d1c782b622
false,Booking.com,7,2026-05-15,,ハマスタに近い,掃除が行き届いていないところがあった,,ハマスタに近い,掃除が行き届いていないところがあった,Mie,bookingcom_686494_580261c6a7b9eade7e4e4a98b394f203
false,Agoda,8,2026-05-14,横浜の山下公園、中華街、横浜球場が近くて、2泊した中で、何度も散歩しました。関内駅からも近く、コンビニや飲食店が多く、とても便利です。ホテルはこじんまりしてますが朝食会場となるラウンジがおしゃれで、飲み放題のドリンクで何度も休憩に利用しました。窓側の席ではスマホの充電もでき、ちょっとしたカフェ気分になれます。無料の朝食も種類は少ないのですが、どれもとても美味しくてたくさんいただきました。また横浜に行く時は、絶対リピします！,,,横浜の山下公園、中華街、横浜球場が近くて、2泊した中で、何度も散歩しました。関内駅からも近く、コンビニや飲食店が多く、とても便利です。ホテルはこじんまりしてますが朝食会場となるラウンジがおしゃれで、飲み放題のドリンクで何度も休憩に利用しました。窓側の席ではスマホの充電もでき、ちょっとしたカフェ気分になれます。無料の朝食も種類は少ないのですが、どれもとても美味しくてたくさんいただきました。また横浜に行く時は、絶対リピします！,,,哲子,agoda_193987_59f01d9485a163261105c2eb3aa9e6d8
false,楽天トラベル,4,2026-05-14,部屋も清掃がしっかりされていて気持ちが良かった エアコンの音が大きくてやかましいのと カーテンから光が漏れ目が覚めてしまったのが 残念な点でした,,,部屋も清掃がしっかりされていて気持ちが良かった エアコンの音が大きくてやかましいのと カーテンから光が漏れ目が覚めてしまったのが 残念な点でした,,,ドラおじさん,rakuten_38530_1206ab7dc7df3fbafb062c9ac2b9850b
false,楽天トラベル,4,2026-05-13,部屋は思っていたより広く、ベッドの寝心地も良かったです。 朝食もおいしかったです。 また、カフェが長い時間利用出来るのと、チェックイン前もチェックアウト後も荷物を預かってもらえたのは大変便利だと思いました。,,,部屋は思っていたより広く、ベッドの寝心地も良かったです。 朝食もおいしかったです。 また、カフェが長い時間利用出来るのと、チェックイン前もチェックアウト後も荷物を預かってもらえたのは大変便利だと思いました。,,,bonbon-boon,rakuten_38530_d9de784e0c4327bf3132cf0b267cb018
false,Booking.com,9,2026-05-12,,お部屋屋その他施設が清潔でした。無料の朝食にも満足でした。場所も便利でした。,,,お部屋屋その他施設が清潔でした。無料の朝食にも満足でした。場所も便利でした。,,Satoko,bookingcom_686494_67f8fa68d8726383cf5492e8a2a7c428
false,Google,3,2026-05-12,,,,,,,takeshi kaido,google_ChIJb0LXwvZcGGARgoK9Zeke02g_8fbc3999532e89b062e5d144ac67c315
false,Agoda,10,2026-05-12,朝食が美味しかったです。,,,朝食が美味しかったです。,,,kenro,agoda_193987_8d0883e178945a25c963cdfe89e8e088
false,じゃらん,5,2026-05-12,宿を探す際、まずコンフォートホテルがあるかから入ります。これまで何店か利用しましたが、期待が外れたことはありません。  関内ホテルも同様、大満足でした。  スタッフの対応はにこやかできちんと説明してくれます。  ベッドがセミダブルで広いのでくつろげます。  室内は清潔でした。ただ、ここは空気清浄加湿機がなかったのが残念でした。  朝食は無料なのにレパートリーが多く、スムージーは大好きです。  私は早い時間（6時半）に入ったので余裕で食べることができましたが、8 時頃に来られた方は入口で並ばれていました。朝の出発時間が決まっている方はもどかしかったと思います。  場所的には駅に近いし近くにコンビニや飲食店が多く大変便利でした。,,,宿を探す際、まずコンフォートホテルがあるかから入ります。これまで何店か利用しましたが、期待が外れたことはありません。  関内ホテルも同様、大満足でした。  スタッフの対応はにこやかできちんと説明してくれます。  ベッドがセミダブルで広いのでくつろげます。  室内は清潔でした。ただ、ここは空気清浄加湿機がなかったのが残念でした。  朝食は無料なのにレパートリーが多く、スムージーは大好きです。  私は早い時間（6時半）に入ったので余裕で食べることができましたが、8 時頃に来られた方は入口で並ばれていました。朝の出発時間が決まっている方はもどかしかったと思います。  場所的には駅に近いし近くにコンビニや飲食店が多く大変便利でした。,,,nahoさん,jalan_332780_e9c261bb8e0a06fc5e385111f0a12ece
false,Trip.com,10,2026-05-11,"Really liked this Hotel, very kind staff. The breakfast room is a bit cramped at times but it's well organized so that you don't feel stressed. The location is great!",,,このホテルは本当に気に入りました。スタッフの方々もとても親切でした。朝食会場は時々少し狭いですが、きちんと整理されているのでストレスを感じることはありません。立地も最高です！,,,ゲ‍ス‍ト,trip_1944164173
false,Trip.com,10,2026-05-10,駅近で、移動しやすく、清潔感もあり良かったです😊,,,駅近で、移動しやすく、清潔感もあり良かったです😊,,,ゲ‍ス‍ト,trip_1942819738
false,Trip.com,9,2026-05-10,美味しい朝食もついて安く泊まれて満足です。,,,美味しい朝食もついて安く泊まれて満足です。,,,ゲ‍ス‍ト,trip_1943496734
false,Booking.com,6,2026-05-10,,,,,,,Kitahara,bookingcom_686494_3d1915e0277c348b39c445da437d613b
false,Agoda,6,2026-05-09,ウエルカムドリンクは紙コップで蓋もあり部屋でのんびり飲むことができます。 隣は小さな子供がいるようでしたが部屋からは全く気にならず快適に過ごせました。,,,ウエルカムドリンクは紙コップで蓋もあり部屋でのんびり飲むことができます。 隣は小さな子供がいるようでしたが部屋からは全く気にならず快適に過ごせました。,,,MASAYO,agoda_193987_c877d9af757343962e29ea4e62a9ec35
false,Booking.com,7,2026-05-08,,,,,,,Mai,bookingcom_686494_9fd8e50c165b1efb894c8311879e825d
false,楽天トラベル,4,2026-05-08,今回は、横浜観光で夫婦で利用させて頂きました。 時々、各地のコンフォートホテルさんを利用させて頂いてますがどこも変わらずスタッフの笑顔にホッとさせられています　ゴールデンウィーク真っ只中という事もあり朝食会場は激混みでは有りましたが満足のいく対応で他のお客様たちも喜んでおられました。,,,今回は、横浜観光で夫婦で利用させて頂きました。 時々、各地のコンフォートホテルさんを利用させて頂いてますがどこも変わらずスタッフの笑顔にホッとさせられています　ゴールデンウィーク真っ只中という事もあり朝食会場は激混みでは有りましたが満足のいく対応で他のお客様たちも喜んでおられました。,,,@poppo,rakuten_38530_eb4fec032be40da7806cf0837d73aac1
false,楽天トラベル,4,2026-05-08,野球観戦のため利用しました。 スタジアムからは徒歩５，６分でしょうか。周辺はコンビニや飲食店もたくさんあり、立地は申し分ないです。 ２階がフロントとフリースペースになっていて、１階と２階には無料のロッカーがあり、フロントに預けるより気兼ねなくていいなと思いました。 無料の朝食は想定していたより充実していて、和洋のメニューを朝からしっかり頂くことができました。 設備の古さはありますが、リフォームしてありお部屋はきれいで清潔。 また、近くでイベントがあれば利用したいです。,,,野球観戦のため利用しました。 スタジアムからは徒歩５，６分でしょうか。周辺はコンビニや飲食店もたくさんあり、立地は申し分ないです。 ２階がフロントとフリースペースになっていて、１階と２階には無料のロッカーがあり、フロントに預けるより気兼ねなくていいなと思いました。 無料の朝食は想定していたより充実していて、和洋のメニューを朝からしっかり頂くことができました。 設備の古さはありますが、リフォームしてありお部屋はきれいで清潔。 また、近くでイベントがあれば利用したいです。,,,酒場のレモンサワー,rakuten_38530_9491983dd66b8a8f9d0d85cda5b50267
false,Booking.com,10,2026-05-08,,朝食がすごく美味しかった、寝具の寝心地がよかった、スタッフの対応がよかった,強いて言えばプラスチックの収納箱でもいいので外履きの靴入れが欲しかったです。,,朝食がすごく美味しかった、寝具の寝心地がよかった、スタッフの対応がよかった,強いて言えばプラスチックの収納箱でもいいので外履きの靴入れが欲しかったです。,透,bookingcom_686494_f7c7fe3c71bb9270e29cc3908a02a7b8
false,Booking.com,9,2026-05-07,,,,,,,Jiang,bookingcom_686494_108e3c39e858b1210c2ce5e1a2751ac5
false,Booking.com,8,2026-05-06,,,,,,,Momone,bookingcom_686494_43346d23557d1ed968bc8962ed9f01dd
false,Booking.com,6,2026-05-06,,,,,,,Choya_shoji,bookingcom_686494_29128eb227fd4294033fe1c230609f97
false,Agoda,5,2026-05-06,朝食が無料サービスで品数もそれなりにあり嬉しかったです ただ朝食会場の席が少ないので時間によってはかなりの待ち時間が発生します,,,朝食が無料サービスで品数もそれなりにあり嬉しかったです ただ朝食会場の席が少ないので時間によってはかなりの待ち時間が発生します,,,TATUYA,agoda_193987_d5080fad30c5fe391e7183e8cb2e5bd6
false,Agoda,7,2026-05-06,ホテルも普通に綺麗で、立地条件も駅近、中華街にも近く良かった。 朝食もバランスが良く満足しました。 駐車場が狭いのが気になりました。,,,ホテルも普通に綺麗で、立地条件も駅近、中華街にも近く良かった。 朝食もバランスが良く満足しました。 駐車場が狭いのが気になりました。,,,Makoto,agoda_193987_1119a51404f0659ec23023078b8e7b37
false,Agoda,6,2026-05-06,モーニングビュッフェが狭いながらも、品数もあり良かったです。  残念なのはエレベーター2機が狭いこと。 モーニング時，チェックアウトの時間帯は非常に混雑して、乗ることができませんでした。 また，モーニングビュッフェ時は2階ホールが大変混雑しています。  それ以外は、宿泊施設は清潔感もあり，最低限のアメニティも揃っていて星3つです。,,,モーニングビュッフェが狭いながらも、品数もあり良かったです。  残念なのはエレベーター2機が狭いこと。 モーニング時，チェックアウトの時間帯は非常に混雑して、乗ることができませんでした。 また，モーニングビュッフェ時は2階ホールが大変混雑しています。  それ以外は、宿泊施設は清潔感もあり，最低限のアメニティも揃っていて星3つです。,,,satoshi,agoda_193987_74d92baa5cbf4506f70d983c851d628c
false,Booking.com,6,2026-05-06,,,,,,,Tosaka,bookingcom_686494_a0b013c8c1fd50f5bd4c8f8a4b3a1a3a
false,Booking.com,8,2026-05-06,,"A localização, custo benefício e café da manhã valeram.","No 9 andar onde fiquei , tinha algo que vibrava o tempo todo e a noite. Provavelmente a lavanderia deveria ser em cima,  não consegui descansar. Os funcionários não são muito simpáticos,  somente uma moça estrangeira nos atendeu com sorriso.",,立地、価格、朝食、どれをとっても満足だった。,私が泊まった9階では、夜でもずっと何かが振動していました。おそらく洗濯室が上の階にあったのでしょう。おかげで全く眠れませんでした。スタッフもあまり親切ではなく、笑顔で挨拶してくれたのは外国人女性一人だけでした。,Chris,bookingcom_686494_293edb05b14d274e6672a68ec829ca19
false,じゃらん,4,2026-05-06,コンフォートホテルは清潔で快適なので、あちこちでたまに利用させてもらっています。今回はGW中、旅行で2連泊させてもらいました。  GW中なので予想はしていましたが、朝食時は席を待つのに長蛇の列。案内されたあとも、狭いビュッフェ会場に料理を求める人の列で、大変混雑していました。お弁当箱に詰めて、部屋で朝食を頂けるなど対策はありましたが、料理がすぐになくなってしまうため、お弁当箱に詰める料理待ちの人があふれており混沌としていました。  どのコンフォートホテルにも言えることですが、もうすこし、会場が広いとよいのになと思います。また、混雑の時期だけでも、お客さんを時間で割り振るなどすると良いのにと思いました。  人がひしめき合う中、従業員の方々は多分マニュアル通りによくやっていたと思います。  不満は書きましたが、また利用すると思います。,,,コンフォートホテルは清潔で快適なので、あちこちでたまに利用させてもらっています。今回はGW中、旅行で2連泊させてもらいました。  GW中なので予想はしていましたが、朝食時は席を待つのに長蛇の列。案内されたあとも、狭いビュッフェ会場に料理を求める人の列で、大変混雑していました。お弁当箱に詰めて、部屋で朝食を頂けるなど対策はありましたが、料理がすぐになくなってしまうため、お弁当箱に詰める料理待ちの人があふれており混沌としていました。  どのコンフォートホテルにも言えることですが、もうすこし、会場が広いとよいのになと思います。また、混雑の時期だけでも、お客さんを時間で割り振るなどすると良いのにと思いました。  人がひしめき合う中、従業員の方々は多分マニュアル通りによくやっていたと思います。  不満は書きましたが、また利用すると思います。,,,みっちゃんさん,jalan_332780_d4d2e4c6467e5b65d872a151b3225454
false,じゃらん,4,2026-05-06,この度、横浜観光で、5歳の子と3人で泊まらせていただきました。  着いてから夜は、中華街に歩いてご飯食べに行って、朝も、バイキングで、お腹いっぱいいただきました。朝も、赤レンガ倉庫の方まで散歩行きました。  色々な場所まで近いし、お値段も安いし、良かったです。また横浜行く時は、また予約します。  ありがとうございました。,,,この度、横浜観光で、5歳の子と3人で泊まらせていただきました。  着いてから夜は、中華街に歩いてご飯食べに行って、朝も、バイキングで、お腹いっぱいいただきました。朝も、赤レンガ倉庫の方まで散歩行きました。  色々な場所まで近いし、お値段も安いし、良かったです。また横浜行く時は、また予約します。  ありがとうございました。,,,チビアユさん,jalan_332780_9abee4a71778b863e26cb650842d1d7d
false,Booking.com,8,2026-05-05,,朝食が満足出来る美味しさでした。  ベッドが良くて快適に眠れました,特に無し,,朝食が満足出来る美味しさでした。  ベッドが良くて快適に眠れました,特に無し,Tadao,bookingcom_686494_85573fc8d32e35128229a0e6ae363237
false,Agoda,6,2026-05-05,急遽の予約で取ったホテルですが、駅までのアクセス良く、朝食会場も混んでましたが、まずまずだったです,,,急遽の予約で取ったホテルですが、駅までのアクセス良く、朝食会場も混んでましたが、まずまずだったです,,,KEITARO,agoda_193987_65f91cce1561aca9cf7ae7b25a338c5b
false,Trip.com,8,2026-05-05,部屋が臭った。恐らくカーテン。焼き肉のようなに臭い。 消臭スプレーが部屋に備え付けあるのに気付いたのが、翌朝であった。 朝食は品数も多く、メニューも工夫されており満足度は高い。 チェックイン前後に使えるロッカーや、自由に使えるカフェスペースも便利であった。,,,部屋が臭った。恐らくカーテン。焼き肉のようなに臭い。 消臭スプレーが部屋に備え付けあるのに気付いたのが、翌朝であった。 朝食は品数も多く、メニューも工夫されており満足度は高い。 チェックイン前後に使えるロッカーや、自由に使えるカフェスペースも便利であった。,,,ゲ‍ス‍ト,trip_1936302312
false,Trip.com,10,2026-05-05,"Good location. Breakfast is good except no seat, long queue",,,立地は良い。朝食は美味しいが、席がなく、行列が長い。,,,ゲ‍ス‍ト,trip_1936458936
false,Google,4,2026-05-05,フロントの方が丁寧にいろいろ説明してくれました（特に駐車場） 予約できない、先着順,,,フロントの方が丁寧にいろいろ説明してくれました（特に駐車場） 予約できない、先着順,,,Kazumi M,google_ChIJb0LXwvZcGGARgoK9Zeke02g_8dc6faae4da0f86abdd369a86bc8dee3
false,じゃらん,4,2026-05-05,ウェルカムドリンクのあるロビーが清潔で、とてもよかった。夜もロビーで、買ってきたものを食べることができた。,,,ウェルカムドリンクのあるロビーが清潔で、とてもよかった。夜もロビーで、買ってきたものを食べることができた。,,,勝沼さん,jalan_332780_a229b62188cf8824c8076b2c48c6564e
false,楽天トラベル,5,2026-05-04,京都で利用し、また横浜でも利用させてもらいました！立地は駅近で、横浜スタジアムや中華街、その他観光地が近く、とても良かったです！,,,京都で利用し、また横浜でも利用させてもらいました！立地は駅近で、横浜スタジアムや中華街、その他観光地が近く、とても良かったです！,,,nrita,rakuten_38530_0ec995e4eb373f05072529c1c84f5211
false,Booking.com,4,2026-05-04,,,朝食待ち時間やスペースの改善を早急にするべきでは？,,,朝食待ち時間やスペースの改善を早急にするべきでは？,篠原,bookingcom_686494_8b359640dd34277d43d909a6d5046a48
false,楽天トラベル,4,2026-05-04,夫婦で毎年何回か利用していますが、今回は初めて連泊で利用させて頂きました。室内は綺麗に改装されていてとても過ごしやすかったです。 朝食も種類が豊富で2日間おいしくいただけました。 連休中で宿泊者が多かった為か、食事の時間は混雑して待ちましたが、利用時間予想ボードが用意されていたりと配慮が嬉しかったです😊,,,夫婦で毎年何回か利用していますが、今回は初めて連泊で利用させて頂きました。室内は綺麗に改装されていてとても過ごしやすかったです。 朝食も種類が豊富で2日間おいしくいただけました。 連休中で宿泊者が多かった為か、食事の時間は混雑して待ちましたが、利用時間予想ボードが用意されていたりと配慮が嬉しかったです😊,,,cami248,rakuten_38530_727fdfcd234cf64faf812213e9e84d07
false,じゃらん,5,2026-05-04,晩は近くの中華飯店でちょい呑み。部屋は広くはないが、必要なものは揃っている。  朝食は早めに行ったほうが良いが、メニューは豊富で、満足です。,,,晩は近くの中華飯店でちょい呑み。部屋は広くはないが、必要なものは揃っている。  朝食は早めに行ったほうが良いが、メニューは豊富で、満足です。,,,父ちゃんさん,jalan_332780_d72f1eba288d862a4423082631ec533d
false,Trip.com,10,2026-05-03,"L’accoglienza è stata perfetta, ci hanno consentito di lasciare i bagagli in attesa del check in dato che siamo arrivati la mattina presto e di andare a fare la nostra gita con tutta calma. Al rientro in meno di 5 min avevamo già fatto tutto ed eravamo in camera. La camera è piccola, un classico standard per quelle giapponesi ma super funzionale e ben organizzata con tutti i comfort! La mattina dopo abbiamo anche usufruito della colazione, la parte salata per me è stata top. Lo staff ci ha poi aiutato per spedire i nostri bagagli e ci hanno anche fatto un piccolo sconto sulla tariffa per via che abbiamo dovuto aspettare un pochino mentre ricevevano la conferma dall’altro hotel della nostra prenotazione. Consigliatissimo dato che ha anche una posizione eccellente vicino alla stazione, letteralmente 5 min a piedi!",,,最高の歓迎を受けました。早朝に到着したため、チェックインを待つ間、荷物を預けることができ、自分のペースで観光を楽しむことができました。戻ってきてからは、5分もかからずに荷物をまとめて部屋に入ることができました。部屋は日本の部屋らしく小さめですが、機能的で整理整頓されており、必要なものはすべて揃っています。翌朝の朝食も美味しく、特に塩味の料理が気に入りました。スタッフは荷物の発送を手伝ってくれただけでなく、他のホテルで予約確認に少し時間がかかったため、少し割引までしてくれました。駅からも徒歩5分という絶好のロケーションなので、本当におすすめです！,,,ゲ‍ス‍ト,trip_1932854086
false,楽天トラベル,4,2026-05-03,チェックイン当日は混んでいましたが、こちらの希望を聞いてくださって、丁寧なご対応をありがとうございました。 お部屋は清潔感のあるおなじみの部屋で、お勧めは２階のカフェ。ドリンクサービスや自由に読める個性的な本の数々、何より落ち着いた空間で寛ぐ事が出来何度となく利用させていただきました。駅からも分かりやすく、周りには飲食店も沢山！立地も申し分無いので、また機会がありましたら宿泊させていただきます。,,,チェックイン当日は混んでいましたが、こちらの希望を聞いてくださって、丁寧なご対応をありがとうございました。 お部屋は清潔感のあるおなじみの部屋で、お勧めは２階のカフェ。ドリンクサービスや自由に読める個性的な本の数々、何より落ち着いた空間で寛ぐ事が出来何度となく利用させていただきました。駅からも分かりやすく、周りには飲食店も沢山！立地も申し分無いので、また機会がありましたら宿泊させていただきます。,,,黒豆きなこ餅,rakuten_38530_78704464a655dd52358d8951a29ee607
false,じゃらん,4,2026-05-03,最寄り駅にも近く、中華街へも徒歩圏内です。  ホテルも清潔感があり、出張にはおすすめです。  価格も満足できました。,,,最寄り駅にも近く、中華街へも徒歩圏内です。  ホテルも清潔感があり、出張にはおすすめです。  価格も満足できました。,,,nx03さん,jalan_332780_501bbdea7d122440ce3f465fc85a75e0
false,Booking.com,6,2026-05-02,,,,,,,Mitsui,bookingcom_686494_cc1737529ec4fd1b782da8d23b08116f
false,楽天トラベル,5,2026-05-02,朝食無料ですが、食事場所が小スペースの為、混雑します。ですが、お弁当パックくれるので詰めて部屋食出来ます。,,,朝食無料ですが、食事場所が小スペースの為、混雑します。ですが、お弁当パックくれるので詰めて部屋食出来ます。,,,XJR1300a217ki,rakuten_38530_2281054a6ddab338dc09d232e6cbfab3
false,Trip.com,10,2026-05-02,Localização perfeita para pontos turísticos.reataurantes diferenciados.,,,観光名所や個性的なレストランへのアクセスに最適な立地です。,,,ゲ‍ス‍ト,trip_1931690032
false,Trip.com,10,2026-05-01,中華街、横浜ドームまでも徒歩ですぐ！最寄り駅は関内駅ですが徒歩数分のベスト立地でした。ウエルカムドリンク、カフェは二階なので景色を見ながらのでした。 お部屋も簡潔にされていました！ アメニティは持ち込んだ方が安心です。,,,中華街、横浜ドームまでも徒歩ですぐ！最寄り駅は関内駅ですが徒歩数分のベスト立地でした。ウエルカムドリンク、カフェは二階なので景色を見ながらのでした。 お部屋も簡潔にされていました！ アメニティは持ち込んだ方が安心です。,,,@‍K‍e‍i‍k‍o‍ ‍A‍o‍i,trip_1930467722
false,Booking.com,5,2026-05-01,,コーヒーなどが0時まで利用できた 荷物預かりがセルフでできた,朝食サービスだったが、補充が遅かった,,コーヒーなどが0時まで利用できた 荷物預かりがセルフでできた,朝食サービスだったが、補充が遅かった,Yoko,bookingcom_686494_a82ef8ac6df7a8dc1b0a6183bd46fa8c
false,Booking.com,8,2026-05-01,,Me gustó todo gracias,,,全て気に入りました、ありがとうございました。,,Flores,bookingcom_686494_20842c4cb13e905a4af98bdfe50409d5
false,Booking.com,9,2026-05-01,,"A localização excelente, com café da manhã excepcional.",,,立地が素晴らしく、朝食も格別です。,,Chris,bookingcom_686494_4934a049e2af5cbd558ace0f459f4bc9
false,Booking.com,9,2026-05-01,,"A localização,  tem conveniência por perto, há poucos metros do cosmos Park,  red bridge,  café da manhã ocidental e oriental.",,,周辺には便利な施設が揃っており、コスモスパークやレッドブリッジまでわずか数メートル、また洋食や東洋料理の朝食を提供するレストランも数多くあります。,,Chris,bookingcom_686494_7f5f13433edf5a5a7482c4d1c782b622
false,Booking.com,7,2026-05-15,,ハマスタに近い,掃除が行き届いていないところがあった,,ハマスタに近い,掃除が行き届いていないところがあった,Mie,bookingcom_686494_580261c6a7b9eade7e4e4a98b394f203
false,Agoda,8,2026-05-14,横浜の山下公園、中華街、横浜球場が近くて、2泊した中で、何度も散歩しました。関内駅からも近く、コンビニや飲食店が多く、とても便利です。ホテルはこじんまりしてますが朝食会場となるラウンジがおしゃれで、飲み放題のドリンクで何度も休憩に利用しました。窓側の席ではスマホの充電もでき、ちょっとしたカフェ気分になれます。無料の朝食も種類は少ないのですが、どれもとても美味しくてたくさんいただきました。また横浜に行く時は、絶対リピします！,,,横浜の山下公園、中華街、横浜球場が近くて、2泊した中で、何度も散歩しました。関内駅からも近く、コンビニや飲食店が多く、とても便利です。ホテルはこじんまりしてますが朝食会場となるラウンジがおしゃれで、飲み放題のドリンクで何度も休憩に利用しました。窓側の席ではスマホの充電もでき、ちょっとしたカフェ気分になれます。無料の朝食も種類は少ないのですが、どれもとても美味しくてたくさんいただきました。また横浜に行く時は、絶対リピします！,,,哲子,agoda_193987_59f01d9485a163261105c2eb3aa9e6d8
false,楽天トラベル,4,2026-05-14,部屋も清掃がしっかりされていて気持ちが良かった エアコンの音が大きくてやかましいのと カーテンから光が漏れ目が覚めてしまったのが 残念な点でした,,,部屋も清掃がしっかりされていて気持ちが良かった エアコンの音が大きくてやかましいのと カーテンから光が漏れ目が覚めてしまったのが 残念な点でした,,,ドラおじさん,rakuten_38530_1206ab7dc7df3fbafb062c9ac2b9850b
false,楽天トラベル,4,2026-05-13,部屋は思っていたより広く、ベッドの寝心地も良かったです。 朝食もおいしかったです。 また、カフェが長い時間利用出来るのと、チェックイン前もチェックアウト後も荷物を預かってもらえたのは大変便利だと思いました。,,,部屋は思っていたより広く、ベッドの寝心地も良かったです。 朝食もおいしかったです。 また、カフェが長い時間利用出来るのと、チェックイン前もチェックアウト後も荷物を預かってもらえたのは大変便利だと思いました。,,,bonbon-boon,rakuten_38530_d9de784e0c4327bf3132cf0b267cb018
false,Booking.com,9,2026-05-12,,お部屋屋その他施設が清潔でした。無料の朝食にも満足でした。場所も便利でした。,,,お部屋屋その他施設が清潔でした。無料の朝食にも満足でした。場所も便利でした。,,Satoko,bookingcom_686494_67f8fa68d8726383cf5492e8a2a7c428
false,Google,3,2026-05-12,,,,,,,takeshi kaido,google_ChIJb0LXwvZcGGARgoK9Zeke02g_8fbc3999532e89b062e5d144ac67c315
false,Agoda,10,2026-05-12,朝食が美味しかったです。,,,朝食が美味しかったです。,,,kenro,agoda_193987_8d0883e178945a25c963cdfe89e8e088
false,じゃらん,5,2026-05-12,宿を探す際、まずコンフォートホテルがあるかから入ります。これまで何店か利用しましたが、期待が外れたことはありません。  関内ホテルも同様、大満足でした。  スタッフの対応はにこやかできちんと説明してくれます。  ベッドがセミダブルで広いのでくつろげます。  室内は清潔でした。ただ、ここは空気清浄加湿機がなかったのが残念でした。  朝食は無料なのにレパートリーが多く、スムージーは大好きです。  私は早い時間（6時半）に入ったので余裕で食べることができましたが、8 時頃に来られた方は入口で並ばれていました。朝の出発時間が決まっている方はもどかしかったと思います。  場所的には駅に近いし近くにコンビニや飲食店が多く大変便利でした。,,,宿を探す際、まずコンフォートホテルがあるかから入ります。これまで何店か利用しましたが、期待が外れたことはありません。  関内ホテルも同様、大満足でした。  スタッフの対応はにこやかできちんと説明してくれます。  ベッドがセミダブルで広いのでくつろげます。  室内は清潔でした。ただ、ここは空気清浄加湿機がなかったのが残念でした。  朝食は無料なのにレパートリーが多く、スムージーは大好きです。  私は早い時間（6時半）に入ったので余裕で食べることができましたが、8 時頃に来られた方は入口で並ばれていました。朝の出発時間が決まっている方はもどかしかったと思います。  場所的には駅に近いし近くにコンビニや飲食店が多く大変便利でした。,,,nahoさん,jalan_332780_e9c261bb8e0a06fc5e385111f0a12ece
false,Trip.com,10,2026-05-11,"Really liked this Hotel, very kind staff. The breakfast room is a bit cramped at times but it's well organized so that you don't feel stressed. The location is great!",,,このホテルは本当に気に入りました。スタッフの方々もとても親切でした。朝食会場は時々少し狭いですが、きちんと整理されているのでストレスを感じることはありません。立地も最高です！,,,ゲ‍ス‍ト,trip_1944164173
false,Trip.com,10,2026-05-10,駅近で、移動しやすく、清潔感もあり良かったです😊,,,駅近で、移動しやすく、清潔感もあり良かったです😊,,,ゲ‍ス‍ト,trip_1942819738
false,Trip.com,9,2026-05-10,美味しい朝食もついて安く泊まれて満足です。,,,美味しい朝食もついて安く泊まれて満足です。,,,ゲ‍ス‍ト,trip_1943496734
false,Booking.com,6,2026-05-10,,,,,,,Kitahara,bookingcom_686494_3d1915e0277c348b39c445da437d613b
false,Agoda,6,2026-05-09,ウエルカムドリンクは紙コップで蓋もあり部屋でのんびり飲むことができます。 隣は小さな子供がいるようでしたが部屋からは全く気にならず快適に過ごせました。,,,ウエルカムドリンクは紙コップで蓋もあり部屋でのんびり飲むことができます。 隣は小さな子供がいるようでしたが部屋からは全く気にならず快適に過ごせました。,,,MASAYO,agoda_193987_c877d9af757343962e29ea4e62a9ec35
false,Booking.com,7,2026-05-08,,,,,,,Mai,bookingcom_686494_9fd8e50c165b1efb894c8311879e825d
false,楽天トラベル,4,2026-05-08,今回は、横浜観光で夫婦で利用させて頂きました。 時々、各地のコンフォートホテルさんを利用させて頂いてますがどこも変わらずスタッフの笑顔にホッとさせられています　ゴールデンウィーク真っ只中という事もあり朝食会場は激混みでは有りましたが満足のいく対応で他のお客様たちも喜んでおられました。,,,今回は、横浜観光で夫婦で利用させて頂きました。 時々、各地のコンフォートホテルさんを利用させて頂いてますがどこも変わらずスタッフの笑顔にホッとさせられています　ゴールデンウィーク真っ只中という事もあり朝食会場は激混みでは有りましたが満足のいく対応で他のお客様たちも喜んでおられました。,,,@poppo,rakuten_38530_eb4fec032be40da7806cf0837d73aac1
false,楽天トラベル,4,2026-05-08,野球観戦のため利用しました。 スタジアムからは徒歩５，６分でしょうか。周辺はコンビニや飲食店もたくさんあり、立地は申し分ないです。 ２階がフロントとフリースペースになっていて、１階と２階には無料のロッカーがあり、フロントに預けるより気兼ねなくていいなと思いました。 無料の朝食は想定していたより充実していて、和洋のメニューを朝からしっかり頂くことができました。 設備の古さはありますが、リフォームしてありお部屋はきれいで清潔。 また、近くでイベントがあれば利用したいです。,,,野球観戦のため利用しました。 スタジアムからは徒歩５，６分でしょうか。周辺はコンビニや飲食店もたくさんあり、立地は申し分ないです。 ２階がフロントとフリースペースになっていて、１階と２階には無料のロッカーがあり、フロントに預けるより気兼ねなくていいなと思いました。 無料の朝食は想定していたより充実していて、和洋のメニューを朝からしっかり頂くことができました。 設備の古さはありますが、リフォームしてありお部屋はきれいで清潔。 また、近くでイベントがあれば利用したいです。,,,酒場のレモンサワー,rakuten_38530_9491983dd66b8a8f9d0d85cda5b50267
false,Booking.com,10,2026-05-08,,朝食がすごく美味しかった、寝具の寝心地がよかった、スタッフの対応がよかった,強いて言えばプラスチックの収納箱でもいいので外履きの靴入れが欲しかったです。,,朝食がすごく美味しかった、寝具の寝心地がよかった、スタッフの対応がよかった,強いて言えばプラスチックの収納箱でもいいので外履きの靴入れが欲しかったです。,透,bookingcom_686494_f7c7fe3c71bb9270e29cc3908a02a7b8
false,Booking.com,9,2026-05-07,,,,,,,Jiang,bookingcom_686494_108e3c39e858b1210c2ce5e1a2751ac5
false,Booking.com,8,2026-05-06,,,,,,,Momone,bookingcom_686494_43346d23557d1ed968bc8962ed9f01dd
false,Booking.com,6,2026-05-06,,,,,,,Choya_shoji,bookingcom_686494_29128eb227fd4294033fe1c230609f97
false,Agoda,5,2026-05-06,朝食が無料サービスで品数もそれなりにあり嬉しかったです ただ朝食会場の席が少ないので時間によってはかなりの待ち時間が発生します,,,朝食が無料サービスで品数もそれなりにあり嬉しかったです ただ朝食会場の席が少ないので時間によってはかなりの待ち時間が発生します,,,TATUYA,agoda_193987_d5080fad30c5fe391e7183e8cb2e5bd6
false,Agoda,7,2026-05-06,ホテルも普通に綺麗で、立地条件も駅近、中華街にも近く良かった。 朝食もバランスが良く満足しました。 駐車場が狭いのが気になりました。,,,ホテルも普通に綺麗で、立地条件も駅近、中華街にも近く良かった。 朝食もバランスが良く満足しました。 駐車場が狭いのが気になりました。,,,Makoto,agoda_193987_1119a51404f0659ec23023078b8e7b37
false,Agoda,6,2026-05-06,モーニングビュッフェが狭いながらも、品数もあり良かったです。  残念なのはエレベーター2機が狭いこと。 モーニング時，チェックアウトの時間帯は非常に混雑して、乗ることができませんでした。 また，モーニングビュッフェ時は2階ホールが大変混雑しています。  それ以外は、宿泊施設は清潔感もあり，最低限のアメニティも揃っていて星3つです。,,,モーニングビュッフェが狭いながらも、品数もあり良かったです。  残念なのはエレベーター2機が狭いこと。 モーニング時，チェックアウトの時間帯は非常に混雑して、乗ることができませんでした。 また，モーニングビュッフェ時は2階ホールが大変混雑しています。  それ以外は、宿泊施設は清潔感もあり，最低限のアメニティも揃っていて星3つです。,,,satoshi,agoda_193987_74d92baa5cbf4506f70d983c851d628c
false,Booking.com,6,2026-05-06,,,,,,,Tosaka,bookingcom_686494_a0b013c8c1fd50f5bd4c8f8a4b3a1a3a
false,Booking.com,8,2026-05-06,,"A localização, custo benefício e café da manhã valeram.","No 9 andar onde fiquei , tinha algo que vibrava o tempo todo e a noite. Provavelmente a lavanderia deveria ser em cima,  não consegui descansar. Os funcionários não são muito simpáticos,  somente uma moça estrangeira nos atendeu com sorriso.",,立地、価格、朝食、どれをとっても満足だった。,私が泊まった9階では、夜でもずっと何かが振動していました。おそらく洗濯室が上の階にあったのでしょう。おかげで全く眠れませんでした。スタッフもあまり親切ではなく、笑顔で挨拶してくれたのは外国人女性一人だけでした。,Chris,bookingcom_686494_293edb05b14d274e6672a68ec829ca19
false,じゃらん,4,2026-05-06,コンフォートホテルは清潔で快適なので、あちこちでたまに利用させてもらっています。今回はGW中、旅行で2連泊させてもらいました。  GW中なので予想はしていましたが、朝食時は席を待つのに長蛇の列。案内されたあとも、狭いビュッフェ会場に料理を求める人の列で、大変混雑していました。お弁当箱に詰めて、部屋で朝食を頂けるなど対策はありましたが、料理がすぐになくなってしまうため、お弁当箱に詰める料理待ちの人があふれており混沌としていました。  どのコンフォートホテルにも言えることですが、もうすこし、会場が広いとよいのになと思います。また、混雑の時期だけでも、お客さんを時間で割り振るなどすると良いのにと思いました。  人がひしめき合う中、従業員の方々は多分マニュアル通りによくやっていたと思います。  不満は書きましたが、また利用すると思います。,,,コンフォートホテルは清潔で快適なので、あちこちでたまに利用させてもらっています。今回はGW中、旅行で2連泊させてもらいました。  GW中なので予想はしていましたが、朝食時は席を待つのに長蛇の列。案内されたあとも、狭いビュッフェ会場に料理を求める人の列で、大変混雑していました。お弁当箱に詰めて、部屋で朝食を頂けるなど対策はありましたが、料理がすぐになくなってしまうため、お弁当箱に詰める料理待ちの人があふれており混沌としていました。  どのコンフォートホテルにも言えることですが、もうすこし、会場が広いとよいのになと思います。また、混雑の時期だけでも、お客さんを時間で割り振るなどすると良いのにと思いました。  人がひしめき合う中、従業員の方々は多分マニュアル通りによくやっていたと思います。  不満は書きましたが、また利用すると思います。,,,みっちゃんさん,jalan_332780_d4d2e4c6467e5b65d872a151b3225454
false,じゃらん,4,2026-05-06,この度、横浜観光で、5歳の子と3人で泊まらせていただきました。  着いてから夜は、中華街に歩いてご飯食べに行って、朝も、バイキングで、お腹いっぱいいただきました。朝も、赤レンガ倉庫の方まで散歩行きました。  色々な場所まで近いし、お値段も安いし、良かったです。また横浜行く時は、また予約します。  ありがとうございました。,,,この度、横浜観光で、5歳の子と3人で泊まらせていただきました。  着いてから夜は、中華街に歩いてご飯食べに行って、朝も、バイキングで、お腹いっぱいいただきました。朝も、赤レンガ倉庫の方まで散歩行きました。  色々な場所まで近いし、お値段も安いし、良かったです。また横浜行く時は、また予約します。  ありがとうございました。,,,チビアユさん,jalan_332780_9abee4a71778b863e26cb650842d1d7d
false,Booking.com,8,2026-05-05,,朝食が満足出来る美味しさでした。  ベッドが良くて快適に眠れました,特に無し,,朝食が満足出来る美味しさでした。  ベッドが良くて快適に眠れました,特に無し,Tadao,bookingcom_686494_85573fc8d32e35128229a0e6ae363237
false,Agoda,6,2026-05-05,急遽の予約で取ったホテルですが、駅までのアクセス良く、朝食会場も混んでましたが、まずまずだったです,,,急遽の予約で取ったホテルですが、駅までのアクセス良く、朝食会場も混んでましたが、まずまずだったです,,,KEITARO,agoda_193987_65f91cce1561aca9cf7ae7b25a338c5b
false,Trip.com,8,2026-05-05,部屋が臭った。恐らくカーテン。焼き肉のようなに臭い。 消臭スプレーが部屋に備え付けあるのに気付いたのが、翌朝であった。 朝食は品数も多く、メニューも工夫されており満足度は高い。 チェックイン前後に使えるロッカーや、自由に使えるカフェスペースも便利であった。,,,部屋が臭った。恐らくカーテン。焼き肉のようなに臭い。 消臭スプレーが部屋に備え付けあるのに気付いたのが、翌朝であった。 朝食は品数も多く、メニューも工夫されており満足度は高い。 チェックイン前後に使えるロッカーや、自由に使えるカフェスペースも便利であった。,,,ゲ‍ス‍ト,trip_1936302312
false,Trip.com,10,2026-05-05,"Good location. Breakfast is good except no seat, long queue",,,立地は良い。朝食は美味しいが、席がなく、行列が長い。,,,ゲ‍ス‍ト,trip_1936458936
false,Google,4,2026-05-05,フロントの方が丁寧にいろいろ説明してくれました（特に駐車場） 予約できない、先着順,,,フロントの方が丁寧にいろいろ説明してくれました（特に駐車場） 予約できない、先着順,,,Kazumi M,google_ChIJb0LXwvZcGGARgoK9Zeke02g_8dc6faae4da0f86abdd369a86bc8dee3
false,じゃらん,4,2026-05-05,ウェルカムドリンクのあるロビーが清潔で、とてもよかった。夜もロビーで、買ってきたものを食べることができた。,,,ウェルカムドリンクのあるロビーが清潔で、とてもよかった。夜もロビーで、買ってきたものを食べることができた。,,,勝沼さん,jalan_332780_a229b62188cf8824c8076b2c48c6564e
false,楽天トラベル,5,2026-05-04,京都で利用し、また横浜でも利用させてもらいました！立地は駅近で、横浜スタジアムや中華街、その他観光地が近く、とても良かったです！,,,京都で利用し、また横浜でも利用させてもらいました！立地は駅近で、横浜スタジアムや中華街、その他観光地が近く、とても良かったです！,,,nrita,rakuten_38530_0ec995e4eb373f05072529c1c84f5211
false,Booking.com,4,2026-05-04,,,朝食待ち時間やスペースの改善を早急にするべきでは？,,,朝食待ち時間やスペースの改善を早急にするべきでは？,篠原,bookingcom_686494_8b359640dd34277d43d909a6d5046a48
false,楽天トラベル,4,2026-05-04,夫婦で毎年何回か利用していますが、今回は初めて連泊で利用させて頂きました。室内は綺麗に改装されていてとても過ごしやすかったです。 朝食も種類が豊富で2日間おいしくいただけました。 連休中で宿泊者が多かった為か、食事の時間は混雑して待ちましたが、利用時間予想ボードが用意されていたりと配慮が嬉しかったです😊,,,夫婦で毎年何回か利用していますが、今回は初めて連泊で利用させて頂きました。室内は綺麗に改装されていてとても過ごしやすかったです。 朝食も種類が豊富で2日間おいしくいただけました。 連休中で宿泊者が多かった為か、食事の時間は混雑して待ちましたが、利用時間予想ボードが用意されていたりと配慮が嬉しかったです😊,,,cami248,rakuten_38530_727fdfcd234cf64faf812213e9e84d07
false,じゃらん,5,2026-05-04,晩は近くの中華飯店でちょい呑み。部屋は広くはないが、必要なものは揃っている。  朝食は早めに行ったほうが良いが、メニューは豊富で、満足です。,,,晩は近くの中華飯店でちょい呑み。部屋は広くはないが、必要なものは揃っている。  朝食は早めに行ったほうが良いが、メニューは豊富で、満足です。,,,父ちゃんさん,jalan_332780_d72f1eba288d862a4423082631ec533d
false,Trip.com,10,2026-05-03,"L’accoglienza è stata perfetta, ci hanno consentito di lasciare i bagagli in attesa del check in dato che siamo arrivati la mattina presto e di andare a fare la nostra gita con tutta calma. Al rientro in meno di 5 min avevamo già fatto tutto ed eravamo in camera. La camera è piccola, un classico standard per quelle giapponesi ma super funzionale e ben organizzata con tutti i comfort! La mattina dopo abbiamo anche usufruito della colazione, la parte salata per me è stata top. Lo staff ci ha poi aiutato per spedire i nostri bagagli e ci hanno anche fatto un piccolo sconto sulla tariffa per via che abbiamo dovuto aspettare un pochino mentre ricevevano la conferma dall’altro hotel della nostra prenotazione. Consigliatissimo dato che ha anche una posizione eccellente vicino alla stazione, letteralmente 5 min a piedi!",,,最高の歓迎を受けました。早朝に到着したため、チェックインを待つ間、荷物を預けることができ、自分のペースで観光を楽しむことができました。戻ってきてからは、5分もかからずに荷物をまとめて部屋に入ることができました。部屋は日本の部屋らしく小さめですが、機能的で整理整頓されており、必要なものはすべて揃っています。翌朝の朝食も美味しく、特に塩味の料理が気に入りました。スタッフは荷物の発送を手伝ってくれただけでなく、他のホテルで予約確認に少し時間がかかったため、少し割引までしてくれました。駅からも徒歩5分という絶好のロケーションなので、本当におすすめです！,,,ゲ‍ス‍ト,trip_1932854086
false,楽天トラベル,4,2026-05-03,チェックイン当日は混んでいましたが、こちらの希望を聞いてくださって、丁寧なご対応をありがとうございました。 お部屋は清潔感のあるおなじみの部屋で、お勧めは２階のカフェ。ドリンクサービスや自由に読める個性的な本の数々、何より落ち着いた空間で寛ぐ事が出来何度となく利用させていただきました。駅からも分かりやすく、周りには飲食店も沢山！立地も申し分無いので、また機会がありましたら宿泊させていただきます。,,,チェックイン当日は混んでいましたが、こちらの希望を聞いてくださって、丁寧なご対応をありがとうございました。 お部屋は清潔感のあるおなじみの部屋で、お勧めは２階のカフェ。ドリンクサービスや自由に読める個性的な本の数々、何より落ち着いた空間で寛ぐ事が出来何度となく利用させていただきました。駅からも分かりやすく、周りには飲食店も沢山！立地も申し分無いので、また機会がありましたら宿泊させていただきます。,,,黒豆きなこ餅,rakuten_38530_78704464a655dd52358d8951a29ee607
false,じゃらん,4,2026-05-03,最寄り駅にも近く、中華街へも徒歩圏内です。  ホテルも清潔感があり、出張にはおすすめです。  価格も満足できました。,,,最寄り駅にも近く、中華街へも徒歩圏内です。  ホテルも清潔感があり、出張にはおすすめです。  価格も満足できました。,,,nx03さん,jalan_332780_501bbdea7d122440ce3f465fc85a75e0
false,Booking.com,6,2026-05-02,,,,,,,Mitsui,bookingcom_686494_cc1737529ec4fd1b782da8d23b08116f
false,楽天トラベル,5,2026-05-02,朝食無料ですが、食事場所が小スペースの為、混雑します。ですが、お弁当パックくれるので詰めて部屋食出来ます。,,,朝食無料ですが、食事場所が小スペースの為、混雑します。ですが、お弁当パックくれるので詰めて部屋食出来ます。,,,XJR1300a217ki,rakuten_38530_2281054a6ddab338dc09d232e6cbfab3
false,Trip.com,10,2026-05-02,Localização perfeita para pontos turísticos.reataurantes diferenciados.,,,観光名所や個性的なレストランへのアクセスに最適な立地です。,,,ゲ‍ス‍ト,trip_1931690032
false,Trip.com,10,2026-05-01,中華街、横浜ドームまでも徒歩ですぐ！最寄り駅は関内駅ですが徒歩数分のベスト立地でした。ウエルカムドリンク、カフェは二階なので景色を見ながらのでした。 お部屋も簡潔にされていました！ アメニティは持ち込んだ方が安心です。,,,中華街、横浜ドームまでも徒歩ですぐ！最寄り駅は関内駅ですが徒歩数分のベスト立地でした。ウエルカムドリンク、カフェは二階なので景色を見ながらのでした。 お部屋も簡潔にされていました！ アメニティは持ち込んだ方が安心です。,,,@‍K‍e‍i‍k‍o‍ ‍A‍o‍i,trip_1930467722
false,Booking.com,5,2026-05-01,,コーヒーなどが0時まで利用できた 荷物預かりがセルフでできた,朝食サービスだったが、補充が遅かった,,コーヒーなどが0時まで利用できた 荷物預かりがセルフでできた,朝食サービスだったが、補充が遅かった,Yoko,bookingcom_686494_a82ef8ac6df7a8dc1b0a6183bd46fa8c
false,Booking.com,8,2026-05-01,,Me gustó todo gracias,,,全て気に入りました、ありがとうございました。,,Flores,bookingcom_686494_20842c4cb13e905a4af98bdfe50409d5
false,Booking.com,9,2026-05-01,,"A localização excelente, com café da manhã excepcional.",,,立地が素晴らしく、朝食も格別です。,,Chris,bookingcom_686494_4934a049e2af5cbd558ace0f459f4bc9
false,Booking.com,9,2026-05-01,,"A localização,  tem conveniência por perto, há poucos metros do cosmos Park,  red bridge,  café da manhã ocidental e oriental.",,,周辺には便利な施設が揃っており、コスモスパークやレッドブリッジまでわずか数メートル、また洋食や東洋料理の朝食を提供するレストランも数多くあります。,,Chris,bookingcom_686494_7f5f13433edf5a5a7482c4d1c782b622
