チェック,サイト名,評価,投稿日,コメント(全体),コメント(良い点),コメント(改善点),コメント（翻訳:全体),コメント（翻訳:良い),コメント（翻訳:改善点),投稿者,レビューID
false,Booking.com,8,2026-01-31,,,,,,,Haruna,bookingcom_622017_1306bef7ca8dcc7472930066512c4987
false,Trip.com,9,2026-01-31,"Super convenient, located just opposite Hakata station. Plenty of places to eat and shop. Will stay again. Breakfast quite good",,,博多駅の真向かいという最高の立地。飲食店やショップもたくさんあります。また泊まりたいです。朝食もかなり美味しかったです。,,,ゲ‍ス‍ト,trip_1831799002
false,Google,5,2026-01-31,,,,,,,praeopimon manohan,google_ChIJy_hLcceRQTURnbO4mkaV_Vs_0f4f5736a36e4f0e373a9de91170ce51
false,楽天トラベル,3,2026-01-30,駅に近く、以前宿泊したこともあり、今回も利用させていただきました。お電話での対応、対面での対応全てとても満足しました。しかし外国の方が多く、朝食も諦めてしまったことは残念でした。チェックアウト後お荷物も預かってくださり、ありがとうございました。,,,駅に近く、以前宿泊したこともあり、今回も利用させていただきました。お電話での対応、対面での対応全てとても満足しました。しかし外国の方が多く、朝食も諦めてしまったことは残念でした。チェックアウト後お荷物も預かってくださり、ありがとうございました。,,,yo-ku1231,rakuten_29211_df167aaebbdc4dfebe3c43bfad45d1b6
false,Trip.com,10,2026-01-30,하카타역과 너무 가까워서 다니기 좋았습니다. 횡단보도만 건너면 바로있어서 찾기도 너무 쉬웠고 1층엔 편의점 그리고 주변에 편의시설이 많아서 걸어다니기 좋았어요.  다음에도 후쿠오카 가게된다면 또 가고싶네요,,,博多駅に近すぎて通ってよかったです。横断歩道だけを渡ればすぐにあって探しもとても簡単で、1階にはコンビニや周辺に便利な施設が多くて歩き回りが良かったです。  次回も福岡店になったらまた行きたいですね,,,ゲ‍ス‍ト,trip_1830931958
false,Trip.com,9,2026-01-29,"Prime location, just 2 mins walk once exit from station. Clean. Breakfast variety is average.",,,駅を出て徒歩わずか2分の好立地。清潔。朝食の種類は平均的。,,,ゲ‍ス‍ト,trip_1829142293
false,Trip.com,7,2026-01-29,하카다역에서 도보로 3분이내. 호텔에 대욕장이 없는 것이 아쉬움. 3명이 한방에서 지냈는데 불편함은 없음. 조식은 허기를 때울 정도! 가격대비 만족! 시설이 많이 노후됨,,,博多駅から徒歩3分以内。ホテルに大浴場がないのが残念。 3人が漢方で過ごしたが、不便はない。朝食は空腹を打つほど！価格対満足！施設がたくさん老朽化,,,B‍A‍G‍U‍S‍ ‍S‍M,trip_1829224452
false,Booking.com,8,2026-01-29,,,,,,,Kiyofumi,bookingcom_622017_f10eb61ea7eada5723ec39aef88a84c8
false,Google,5,2026-01-28,트리플룸 넓고 괜찮았어요 트리플인데 침대는 4개에요 하카타역과 아주 가깝습니다.,,,トリプルルーム 広くて大丈夫でした トリプルなのにベッドは4つです 博多駅に非常に近いです。,,,HANGIL PARK,google_ChIJy_hLcceRQTURnbO4mkaV_Vs_9a03ca66e63f6ce77874c8cf18d92ba0
false,Trip.com,9,2026-01-28,酒店位置極佳，對面就係博多車站，又地下街，又阪急百貨，只是早餐差少少，選擇不多，但咖啡機，水，基本上供應到半夜12點👍,,,ホテルは博多駅、地下街、阪急百貨店の向かいという絶好のロケーションです。朝食は少し残念で、選択肢はあまり多くありませんが、コーヒーマシンと水は基本的に深夜12時まで提供されます👍,,,T‍r‍i‍p‍3‍0‍9‍0,trip_1828391978
false,Google,5,2026-01-28,トリプルルーム 広くてよかったです トリプルなのにベッドは4つです 博多駅にとても近いです。,,,トリプルルーム 広くてよかったです トリプルなのにベッドは4つです 博多駅にとても近いです。,,,HANGIL PARK,google_ChIJy_hLcceRQTURnbO4mkaV_Vs_25d445a72f081e7d19e8e632ca0ab485
false,Google,4,2026-01-28,"딱 하루 잠만 잔다! 고 했을때 위치가 대박입니다. 바로 앞에 하카타역, 하카타버스터미널이 있어서 캐리어 끌고 헤매지 않아도 됩니다. 오래된 시설이라 어쩔수없지만 위치가 좋아서 넘어갈수있어요 무료조식은 기대하지않았는데 의외로 괜찮습니다.",,,ちょうど一日寝るだけ！と言った時の位置が大ヒットです。すぐ前に博多駅、博多バスターミナルがあり、キャリアを引っ張って迷う必要はありません。古い施設だから仕方ないけど、場所が良くて進むことができます。,,,HJ L,google_ChIJy_hLcceRQTURnbO4mkaV_Vs_74b6d5ffba81d49c5cf075e41b20500d
false,Trip.com,10,2026-01-28,位置超好，就在LR站對面，去哪裡都方便,,,立地は最高で、LR駅の真向かいにあるので、どこへ行くにも便利です。,,,M‍1‍7‍2‍3‍4‍*‍*‍*‍*,trip_1829012031
false,Google,4,2026-01-28,ちょうど一日寝るだけ！と言った時の位置が大ヒットです。 すぐ前に博多駅、博多バスターミナルがあり、キャリアを引いて迷う必要はありません。 古い施設だから仕方ないけど、場所が良くて進むことができます。 無料朝食は期待していませんでしたが、意外と大丈夫です。,,,ちょうど一日寝るだけ！と言った時の位置が大ヒットです。 すぐ前に博多駅、博多バスターミナルがあり、キャリアを引いて迷う必要はありません。 古い施設だから仕方ないけど、場所が良くて進むことができます。 無料朝食は期待していませんでしたが、意外と大丈夫です。,,,HJ L,google_ChIJy_hLcceRQTURnbO4mkaV_Vs_4637902d4b304870eb87076fe67cbeef
false,Booking.com,7,2026-01-27,,スタッフがとても親切でした,トイレの便座が冷たい,,スタッフがとても親切でした,トイレの便座が冷たい,Hideko,bookingcom_622017_c5a83603e5f5f685b76000dec4d463a8
false,楽天トラベル,1,2026-01-27,WiFiつながらない、体洗うタオル無い、部屋・バス・トイレ、古い。 部屋広い 隣部屋の中国人うるさい,,,WiFiつながらない、体洗うタオル無い、部屋・バス・トイレ、古い。 部屋広い 隣部屋の中国人うるさい,,,サップ１００２,rakuten_29211_4256a18aba86c1606a8621c2a83fda5f
false,Booking.com,7,2026-01-26,,,,,,,Ssu,bookingcom_622017_f6f373cf3564f50c7324da17c883bdb2
false,Trip.com,8,2026-01-26,처음 체크인 할때 조금의 헤프닝이 있었지만 지내기는 큰 불편함은 없었어요 위치는 좋았고요 그것 때문에 많이 이용할꺼 같네요,,,初めてチェックインしたときに少しのヘプニングがありましたが、過ごすことは大きな不便さはありませんでした。,,,ゲ‍ス‍ト,trip_1826273556
false,Booking.com,8,2026-01-26,,,,,,,Tomoko,bookingcom_622017_f77662846fc7b01edee8c713b1f41dfc
false,Trip.com,7,2026-01-26,The room was a bit cold,,,部屋は少し寒かった,,,ゲ‍ス‍ト,trip_1827071750
false,Booking.com,10,2026-01-25,,위치가 너무 좋다. 직원들도 친절하고 방도 깨끗하다. 큰거 예약했어도 방이 작을까봐 걱정했는데 3명이 있기에 충분했다. 무료로 주는 조식도 먹을만했다.,,,場所がとても良いです。スタッフも親切で部屋も綺麗だ。大きなものを予約しても部屋が小さいかと心配していましたが、3人がいるのに十分でした。無料で与える朝食も食べるだけだった。,,Shim,bookingcom_622017_0e703c0bb4abb7b8667374b17f0cad62
false,Trip.com,9,2026-01-25,위치는 진짜 좋고 조식도 쏘쏘 저녁에 잘때 진짜 개시끄러움.. 큰길앞이라 새벽에 차팝콘엄청튀기면서다니더라... 그거빼고는 편의점도 옆에있고 역건너편에있고 딱좋음,,,場所は本当に良く、朝食もすごく夕方に寝ると本当に開始するのが難しいです。,,,ゲ‍ス‍ト,trip_1825456798
false,じゃらん,4,2026-01-24,とにかく立地が最強、博多駅目の前で夜遅い時間でなければ地下でつながっているので雨でも安心！  さらには隣にはセブンあり。  設備は古く水圧も低く快適ではないが、清潔には保っている。  無料朝食のサービス利用していないが結構な方が使っている様子。  価格が上がらなければ今後も使いたいと思えるホテルでした！,,,とにかく立地が最強、博多駅目の前で夜遅い時間でなければ地下でつながっているので雨でも安心！  さらには隣にはセブンあり。  設備は古く水圧も低く快適ではないが、清潔には保っている。  無料朝食のサービス利用していないが結構な方が使っている様子。  価格が上がらなければ今後も使いたいと思えるホテルでした！,,,トモヤさん,jalan_308449_dc19f909b7d7e7bab8d5524b6056e9ef
false,じゃらん,3,2026-01-24,とにかく立地が最強、博多駅目の前で夜遅い時間でなければ地下でつながっているので雨でも安心！  さらには隣にはセブンあり。  設備は古く水圧も低く快適ではないが、清潔には保っている。  無料朝食のサービス利用していないが結構な方が使っている様子。  価格が上がらなければ今後も使いたいと思えるホテルでした！,,,とにかく立地が最強、博多駅目の前で夜遅い時間でなければ地下でつながっているので雨でも安心！  さらには隣にはセブンあり。  設備は古く水圧も低く快適ではないが、清潔には保っている。  無料朝食のサービス利用していないが結構な方が使っている様子。  価格が上がらなければ今後も使いたいと思えるホテルでした！,,,トモヤさん,jalan_308449_0baa6ac80713358b97400ac815b4876a
false,Google,5,2026-01-24,"일본 특유의 숙소 느낌으로 오래되었지만 깔끔한 인프라를 제공한다. 아침마다 조식을 제공하고 그로 인하여 오전 시간 로비가 혼잡하다. 호텔 스텝들은 매우 친절하다.  체크인 15시, 체크아웃 10시, 체크인/아웃 당일 짐 보관 서비스 제공, 로비 객실 모두 와이파이6 제공, 로비에 화장실, 음료자판기 있음.",,,日本ならではの宿の感じで、古いがきれいなインフラを提供する。毎朝朝食を提供し、それによって午前時間のロビーが混雑しています。ホテルのスタッフはとてもフレンドリーです。  チェックイン15:00、チェックアウト10:00、チェックイン/アウト日の荷物預かりサービス、ロビールームはすべてWi-Fi6提供、ロビーにトイレ、ドリンクの自動販売機があります。,,,Philip Lee,google_ChIJy_hLcceRQTURnbO4mkaV_Vs_916c6126d4f76cdd11d4e9d29f9a05cf
false,Google,5,2026-01-24,日本ならではの宿の感じで、古いがきれいなインフラを提供する。毎朝朝食を提供し、それによって午前時間のロビーが混雑しています。ホテルのスタッフはとてもフレンドリーです。  チェックイン15:00、チェックアウト10:00、チェックイン/アウト日の荷物預かりサービス、ロビールームはすべてWi-Fi6提供、ロビーにトイレ、ドリンクの自動販売機があります。,,,日本ならではの宿の感じで、古いがきれいなインフラを提供する。毎朝朝食を提供し、それによって午前時間のロビーが混雑しています。ホテルのスタッフはとてもフレンドリーです。  チェックイン15:00、チェックアウト10:00、チェックイン/アウト日の荷物預かりサービス、ロビールームはすべてWi-Fi6提供、ロビーにトイレ、ドリンクの自動販売機があります。,,,Philip Lee,google_ChIJy_hLcceRQTURnbO4mkaV_Vs_7cc5253bac856b8bdfb69bb09cc4a0e2
false,Google,5,2026-01-23,,,,,,,조재훈,google_ChIJy_hLcceRQTURnbO4mkaV_Vs_ce2766c8675c5562d35c5ff481400807
false,Trip.com,10,2026-01-23,駅に近くホテルも綺麗でいい思い出になった,,,駅に近くホテルも綺麗でいい思い出になった,,,ゲ‍ス‍ト,trip_1823985508
false,Google,5,2026-01-22,,,,,,,Philip Lee,google_ChIJy_hLcceRQTURnbO4mkaV_Vs_bb9110591e80914ea2bbbb9d1ab12e00
false,Trip.com,7,2026-01-22,자녀셋과 엄마혼자 일본 여행에서 하카타역 바로 앞에 있어 여러 군데 관굉하기에 위치가 최고였습니다 아침 조식도 너무 맛있었어요 방이 너무 좁고 청결도는 좀 떨어졌지만 나머지에서 다 상쇄됩니다,,,お子様セットとお母さん一人で日本旅行で博多駅のすぐ前にあり、いろいろなところ関わりに位置が最高でした。 朝食もとても美味しかったです。,,,ゲ‍ス‍ト,trip_1822496370
false,Booking.com,8,2026-01-22,,,,,,,Walter,bookingcom_622017_e15c0fdaad02b19bbbddb75ee341fd0e
false,Trip.com,8,2026-01-21,"博多車站對面 交通方便 含早餐 但一般，早餐時段外有飲料及咖啡免費飲用，樓下旁星巴克及7-11,可買外食在餐廳吃",,,博多駅の向かいに位置しているので、交通の便は良いです。朝食は付いていますが、ごく普通です。朝食時間外は、無料のドリンクとコーヒーが提供されます。階下にはスターバックスとセブンイレブンがあるので、そこで食事をすることもできます。,,,C‍c‍y‍y‍5‍4,trip_1821201186
false,Trip.com,10,2026-01-21,非常好，地點好、交通好、服務好、整潔好！非常好，地點好、交通好、服務好、整潔好！非常好，地點好、交通好、服務好、整潔好！,,,素晴らしい！立地も交通の便もサービスも清潔さも最高！素晴らしい！立地も交通の便もサービスも清潔さも最高！素晴らしい！立地も交通の便もサービスも清潔さも最高！,,,N‍i‍i‍i‍i‍n‍g,trip_1821212898
false,Google,4,2026-01-21,部屋は新しくはありませんが、清潔で静かです。設備も古いですが、使いやすく清潔です。朝食はシンプルで、1階で午前6時30分から9時30分まで提供しています。チェックインは午後3時から、チェックアウトは午前10時までです。立地は素晴らしく、博多駅、ショップ、レストラン、郵便局などにも近いです。,,,部屋は新しくはありませんが、清潔で静かです。設備も古いですが、使いやすく清潔です。朝食はシンプルで、1階で午前6時30分から9時30分まで提供しています。チェックインは午後3時から、チェックアウトは午前10時までです。立地は素晴らしく、博多駅、ショップ、レストラン、郵便局などにも近いです。,,,Sandy Juhasz,google_ChIJy_hLcceRQTURnbO4mkaV_Vs_32feda22d940dc761f157349daf6d122
false,Trip.com,8,2026-01-21,딸과 둘이 여행왔고요 청결도는 중간이지만 하루 머무를꺼라 여행동선을 고려해서 예약했어요 갑자기 비가 왔는데 근처에 모든 편의시설이 다 있어서 편리했습니다,,,娘と二人が旅行してきたし、清潔さは中間ですが、一日滞在して旅行旅行を考慮して予約しました。,,,ゲ‍ス‍ト,trip_1821612376
false,Trip.com,8,2026-01-21,ロケーションが良く、朝食も満足でした。コスパの良いホテルです。,,,ロケーションが良く、朝食も満足でした。コスパの良いホテルです。,,,ゲ‍ス‍ト,trip_1821905644
false,Booking.com,6,2026-01-21,,何回か利用してます  鉄道利用です。駅、近くで何でも間に合います    ホテルの朝食にも大変満足です  部屋の広さは、丁度良かった  博多に来たら又利用します。,ツインルーム利用しました,,何回か利用してます  鉄道利用です。駅、近くで何でも間に合います    ホテルの朝食にも大変満足です  部屋の広さは、丁度良かった  博多に来たら又利用します。,ツインルーム利用しました,松隈,bookingcom_622017_e5af39d45ca63c64bac9ed407c9d2952
false,Booking.com,3,2026-01-21,,駅近くなので、移動に便利でした。,お部屋のお掃除していただきました。  ナイトウェアをベッドの上に置いてたのですが、1枚は、冷蔵庫の上に。1枚はテレビの横に投げ捨てられたように置かれてました。綺麗に畳んで置いていた訳では無いけど置いていた状態より雑で。。すごく嫌な気持ちになりました。,,駅近くなので、移動に便利でした。,お部屋のお掃除していただきました。  ナイトウェアをベッドの上に置いてたのですが、1枚は、冷蔵庫の上に。1枚はテレビの横に投げ捨てられたように置かれてました。綺麗に畳んで置いていた訳では無いけど置いていた状態より雑で。。すごく嫌な気持ちになりました。,Keiko,bookingcom_622017_ce51d9dbc6d12b553a9e3eca69dbe469
false,Trip.com,10,2026-01-21,酒店位置很方便，￼房間抽風問題有問題，￼酒店員工即時處理及幫忙更換房間,,,ホテルは便利な場所にあります。部屋の換気に問題がありましたが、ホテルのスタッフが迅速に対応してくれ、部屋を変えてくれました。,,,ゲ‍ス‍ト,trip_1822123844
false,Google,4,2026-01-21,"Rooms are not new but clean and quiet. The equipments are also old but usable and clean. The breakfast is simple, available on the ground floor from 6:30 to 9:30 am Check-in is from 3pm and check-out is until 10am. Location is great: close to the Hakata station, shops, restaurants, post office, etc.",,,客室は新しくはありませんが、清潔で静かです。設備も古いですが、使用可能で清潔です。朝食はシンプルで、1階で午前6時30分から午前9時30分まで提供しています。チェックインは午後3時から、チェックアウトは午前10時までです。立地は素晴らしく、博多駅、商店、レストラン、郵便局などが近くにあります。,,,Sandy Juhasz,google_ChIJy_hLcceRQTURnbO4mkaV_Vs_71d1812e4235a0bf89bd8ab98451d079
false,Google,4,2026-01-21,部屋は新しくはありませんが、清潔で静かです。設備も古いですが、使いやすく清潔です。朝食はシンプルで、1階で午前6時30分から9時30分まで提供しています。チェックインは午後3時から、チェックアウトは午前10時までです。立地は最高で、博多駅、ショップ、レストラン、郵便局などにも近いです。,,,部屋は新しくはありませんが、清潔で静かです。設備も古いですが、使いやすく清潔です。朝食はシンプルで、1階で午前6時30分から9時30分まで提供しています。チェックインは午後3時から、チェックアウトは午前10時までです。立地は最高で、博多駅、ショップ、レストラン、郵便局などにも近いです。,,,Sandy Juhasz,google_ChIJy_hLcceRQTURnbO4mkaV_Vs_81f45c402752556fb49c343a8145f41c
false,Google,5,2026-01-20,場所👍👍👍,,,場所👍👍👍,,,Jalia Fen,google_ChIJy_hLcceRQTURnbO4mkaV_Vs_3757a3c6013c2176a3594624b9346aff
false,Booking.com,5,2026-01-20,,,早餐區太擁擠,,,朝食会場は混雑しすぎていた。,James,bookingcom_622017_f4a0f18cc1e32196c14040db69498d64
false,Google,5,2026-01-20,地點👍👍👍,,,立地👍👍👍,,,Jalia Fen,google_ChIJy_hLcceRQTURnbO4mkaV_Vs_ce6c99ca254e5e4181207dbd92890a5a
false,Booking.com,5,2026-01-19,,,,,,,Tomoe,bookingcom_622017_47a332a62e15c116b82d131b520a38a0
false,Trip.com,7,2026-01-19,ロケーションは博多駅前で、迷うことなく行ける点はとても良かったです。 ただ、設備が古いのは仕方ないとしても、部屋の清掃が行き届いておらず、髪の毛がかなり落ちていたのが気になりました。 フロアには自販機があり飲み物は購入できますが、部屋にはミネラルウォーターの用意はありません。 立地一択であれば選択肢としてはありですが、次回は別の宿泊先を検討したいと思います。,,,ロケーションは博多駅前で、迷うことなく行ける点はとても良かったです。 ただ、設備が古いのは仕方ないとしても、部屋の清掃が行き届いておらず、髪の毛がかなり落ちていたのが気になりました。 フロアには自販機があり飲み物は購入できますが、部屋にはミネラルウォーターの用意はありません。 立地一択であれば選択肢としてはありですが、次回は別の宿泊先を検討したいと思います。,,,ゲ‍ス‍ト,trip_1819358518
false,Trip.com,8,2026-01-18,"와~진짜 위치가 정말 좋은 호텔입니다.룸,화장실 구성은 옛날식이지만 룸의 크기도 생각보다  크고, 제일 좋은 메리트는 조식을 공짜로 준다는 것 입니다. 후쿠오카 다음 여행에도 또 예약할 예정 입니다^^",,,わ～本物のロケーションが本当に良いホテルです。 ルーム、トイレ構成は昔ながらですがルームの大きさも思ったより大きく、一番良いメリットは朝食を無料でくれるということです。福岡次の旅行にもまた予約する予定です^^,,,ゲ‍ス‍ト,trip_1818198678
false,Google,5,2026-01-17,하카타역 바로앞,,,博多駅の直前,,,이경민,google_ChIJy_hLcceRQTURnbO4mkaV_Vs_aea92ba33f8e5e8f555a328f57637fab
false,Trip.com,9,2026-01-17,excellent location with sheltered access to Hakata eki underground and convenience store just outside the main entrance. rooms are a little worn with dim white lighting. humidifier provided in the room.,,,博多駅地下街へ屋根付き通路でアクセスでき、正面玄関を出てすぐのところにコンビニエンスストアがあるという絶好のロケーションです。客室はやや古びた印象で、薄暗い白色照明が使われています。加湿器は客室に備え付けられています。,,,j‍o‍n‍j‍j‍a‍j‍o,trip_1817480606
false,Trip.com,7,2026-01-17,"주변에 모든 편의시설, 음식점, 쇼핑몰있어서 위치는 최고에요 시설은 연식이있다보니…. 무료조식은 무료니까…. 위치가 모든걸 커버합니다!!",,,周辺にはすべてのアメニティ、飲食店、ショッピングモールがあり、場所は最高です。 。無料朝食は無料ですから… 。場所がすべてをカバーします！,,,ゲ‍ス‍ト,trip_1817812454
false,Trip.com,8,2026-01-17,交通非常便捷，就在火車站地鐵站對面，阪急對面，購物超市便利店一應具全，早餐自助的，人多排隊，加餐很忙！就是房間真心小，價格是國內的五星酒店。,,,立地は非常に便利で、鉄道駅と地下鉄駅の真向かい、阪急駅の向かいに位置しています。周辺にはショッピングモール、スーパーマーケット、コンビニエンスストアが多数あります。朝食はビュッフェ形式ですが、行列ができ、追加の食事で混雑します。唯一の欠点は、中国の五つ星ホテルと同等の料金にもかかわらず、部屋が非常に狭いことです。,,,M‍3‍3‍8‍4‍5‍2‍*‍*‍*‍*,trip_1817994927
false,Google,5,2026-01-17,博多駅の直前,,,博多駅の直前,,,이경민,google_ChIJy_hLcceRQTURnbO4mkaV_Vs_fa52e01413035092de1708de431de004
false,Trip.com,9,2026-01-16,"4인가족이 3박4일 동안  지냈어요. 처음에 스탠다드 트윈룸이라 좁을까봐 걱정했는데 괜찮았어요.  숙소 뷰도 좋았고, 확실히 호텔 위치가 너무 좋았어요.  오래된 숙소라고 리뷰가 좋지 않은 글들을 많이 봤었는데  제가 지냈던 방은 조금 낡았지만 깨끗하게 잘관리 되어 있었고 직원 분들도 친절하게 대해주셔서 즐거운 여행이 되었습니다.!!! 전 또 이용하고 싶어요~!",,,4人の家族が3泊4日間過ごしました。最初はスタンダードツインルームなので狭いかと心配しましたが大丈夫でした。  宿泊施設のビューも良かったし、間違いなくホテルの場所がとても良かった。  古い宿だとレビューが良くない文をたくさん見ましたが、私が過ごした部屋は少し古いですが、きれいによく管理されていてスタッフの方々も親切にしてくれて楽しい旅行になりました。私はまた利用したいです〜！,,,ゲ‍ス‍ト,trip_1816934628
false,Trip.com,5,2026-01-15,아침식사내용과 식사장소가 많이 실망스러웠네요. 장소가 접근성이 좋은 호텔만 찾는다면 추천합니다,,,朝食の内容と食事の場所がたくさん失望しましたね。場所がアクセシビリティの良いホテルのみを探している場合はお勧めします,,,ゲ‍ス‍ト,trip_1815114692
false,Google,4,2026-01-15,,,,,,,hyeung sun cho,google_ChIJy_hLcceRQTURnbO4mkaV_Vs_bee5bee70021437dff36e08102c86b1c
false,Trip.com,9,2026-01-15,今次已經第二次入住，因為地點位置非常方便！就算乘的士由機場到酒店只係大約二千日元左右，酒店距離博多車站只係一條馬路之隔，附近食市非常多選擇，多個大型商場，方便購物，酒店職員非常有禮及親切，有免費早餐供應及24小時咖啡！,,,"立地がとても便利なので、今回で2回目の滞在です！空港からホテルまでのタクシー料金も約2,000円程度です。ホテルは博多駅のすぐ向かいにあり、周辺にはたくさんのレストランやショッピングモールがあるので、買い物にもとても便利です。ホテルのスタッフはとても丁寧で親切で、無料の朝食と24時間コーヒーサービスもあります！",,,k‍u‍i‍$,trip_1815620296
false,Trip.com,9,2026-01-15,酒店位置極好，對面就是博多站！附近有好多商店方便購物。,,,ホテルは博多駅の真向かいという絶好のロケーションにあります！周辺には便利なショップもたくさんあります。,,,ゲ‍ス‍ト,trip_1815982576
false,Trip.com,9,2026-01-14,酒店位置超級方便，服務也很好，￼一落樓就是博多地鐵站￼，買嘢、食嘢很方便。下次去日本福岡￼￼會再入住這間酒店。,,,ホテルは立地が非常に便利で、サービスもとても良いです。階下には博多駅があり、買い物や食事にも大変便利です。次回福岡に行く際も、またこのホテルに泊まりたいと思います。,,,ゲ‍ス‍ト,trip_1814900168
false,Google,5,2026-01-14,역과 터미널 접근성이 좋습니다.,,,駅とターミナルのアクセシビリティが良いです。,,,Mazinger K,google_ChIJy_hLcceRQTURnbO4mkaV_Vs_c8b5106b73cfb297f1b8880e42cc8b85
false,Google,2,2026-01-14,古くて臭くて、全然良くない。無料の朝食もかなりひどかった。立地は良い。二度と泊まりたくない。,,,古くて臭くて、全然良くない。無料の朝食もかなりひどかった。立地は良い。二度と泊まりたくない。,,,Over Sight,google_ChIJy_hLcceRQTURnbO4mkaV_Vs_45a97740ca0d6edc1ab6e59680e8928f
false,Trip.com,10,2026-01-14,"남자 셋  첫 해외여행의 첫 숙소. 영어는 어설프게 알아요~ 일본어는 20년전에 배웠어요~  하지만 국어는 좀 해요^^;;  숙소 위치, 프론트에서의 체크인, 숙소 컨디션, 조식...등 저는 매우만족이였습니다.  애초에 출입카드도 2개를 지급해줘서 추가요청의 번거로움도 없고  직원들도 일본 특유의 과할정도의 친절👍 조식 또한 그 절임 반찬들?  아주 좋았습니다^^  가성비도 좋고 위치는 거의 미친 것 같고... 저는 초여름에 또 올건데 그때도 여기👍 ㅡㅡ이런 사진이 없네요;;;;",,,男3人の最初の海外旅行の最初の宿泊施設。英語はうんざりしています〜日本語は20年前に学びました〜しかし、国語は少しです^^;;  宿泊場所、フロントでのチェックイン、宿泊体調、朝食…など私はとても満足でした。  そもそも出入カードも2枚を支給してくれて追加要請の手間もなくスタッフも日本特有の過割くらいの親切👍朝食またその漬物おかずたち？  とてもよかったです＾＾苛性雨も良く位置はほぼ狂ったようで…私は初夏にまた来るのですが、その時もここ👍ㅡㅡこんな写真がないですね;;;;,,,c‍h‍a‍n‍g‍c‍h‍a‍n‍g‍2‍3,trip_1814951816
false,Google,5,2026-01-14,駅とターミナルのアクセシビリティが良いです。,,,駅とターミナルのアクセシビリティが良いです。,,,Mazinger K,google_ChIJy_hLcceRQTURnbO4mkaV_Vs_920dcffaca6eedad8e5fa6fbd7d64c1f
false,Trip.com,9,2026-01-13,"Удобно расположен напротив центрального ж-д вокзала Фукуоки (Hakata), две станции на метро до аэропорта. Номера по японским  меркам просторные. Так как отель большой, бывают очереди на лифт и очень тесно на завтраках (но сами завтраки хорошие).  Персонал умеренно равнодушный и явно замучен таким числом туристов",,,福岡の主要駅（博多駅）の向かいという便利な立地で、空港からも地下鉄で2駅です。客室は日本の基準からすると広々としています。ホテルが大きいため、エレベーターには行列ができ、朝食会場は非常に混雑します（朝食自体は美味しいのですが）。スタッフはやや無関心で、観光客の多さに明らかに圧倒されている様子です。,,,A‍v‍k‍3‍1‍0‍1,trip_1813031140
false,Booking.com,7,2026-01-13,,,,,,,Daichi,bookingcom_622017_6f506de0d2b4fffad268777c76d85b43
false,Trip.com,9,2026-01-13,とにかく立地が最高です。 博多駅の目の前かつ、ホテル前にタクシー乗り場があるので駅のタクシー乗り場で待つ必要がありません。 フロントの方も親切です。 建物は全体的に古いかんじがあり、薄暗いです。 立地が良く部屋も広く、比較的値段も安いので内装にこだわりがなければいいと思います。,,,とにかく立地が最高です。 博多駅の目の前かつ、ホテル前にタクシー乗り場があるので駅のタクシー乗り場で待つ必要がありません。 フロントの方も親切です。 建物は全体的に古いかんじがあり、薄暗いです。 立地が良く部屋も広く、比較的値段も安いので内装にこだわりがなければいいと思います。,,,ゲ‍ス‍ト,trip_1813294184
false,Trip.com,9,2026-01-13,호불호 많이 갈렸던 컴포트 하카타 숙소는 잠자는곳이라 그렇게 많은걸 따지는 편이 아니지만 생각보다 훨씬 청결했어요 노후된건 맞지만 직원들 모두 친절하고 조식도 좋았어요!! 특히 요거트^^ 침구류도 깨끗하고 특히  뜨거운물  콸콸 나와서 여행의 피로를 숙소의 샤워기 앞에서 풀었습니다!!,,,ほっぺに多く分かれたコンフォート博多宿は寝るところなのでそんなに多くを取るほうではありませんが、思ったよりずっと清潔でした。特にヨーグルト＾＾ 寝具類も綺麗で特にお湯クオクコク出て旅の疲れを宿のシャワー前でほぐしました！,,,ゲ‍ス‍ト,trip_1813920946
false,Booking.com,8,2026-01-13,,,,,,,Oabvaroon,bookingcom_622017_1cd11496681b97f7fdef85164a134c07
false,楽天トラベル,4,2026-01-13,こちらに宿泊したのは初めてですが、朝食も美味しく、特に日替わりのスムージーが美味しかったです。 施設は古めですが、ユニットバスの湯船も広く、特に困ることはありませんでした。 ただ、枕カバーに汚れがついていたのが残念でした。(茶色いシミが付いており不快になった) 各地のコンフォートホテルと同じく、アメニティはくし、歯ブラシと最小限です。ボディタオルが無いので気になる方は持っていくとよいかもです。,,,こちらに宿泊したのは初めてですが、朝食も美味しく、特に日替わりのスムージーが美味しかったです。 施設は古めですが、ユニットバスの湯船も広く、特に困ることはありませんでした。 ただ、枕カバーに汚れがついていたのが残念でした。(茶色いシミが付いており不快になった) 各地のコンフォートホテルと同じく、アメニティはくし、歯ブラシと最小限です。ボディタオルが無いので気になる方は持っていくとよいかもです。,,,schwarz305,rakuten_29211_b5af2e927a9f174ebcf5c69652398441
false,Google,4,2026-01-13,駅から近いです。,,,駅から近いです。,,,다랑다랑,google_ChIJy_hLcceRQTURnbO4mkaV_Vs_f0a1fb6ddb6b5269ef934baf573f0b2f
false,じゃらん,2,2026-01-13,駅近で立地は良いが少し古い、また夜遅くなると食事の場所が無く中洲辺りまで行かないといけないのが、残念  フロントスタッフの対応は、良かったです,,,駅近で立地は良いが少し古い、また夜遅くなると食事の場所が無く中洲辺りまで行かないといけないのが、残念  フロントスタッフの対応は、良かったです,,,ｒｙｕさん,jalan_308449_d288c632d053db7744521d330da34ca5
false,じゃらん,3,2026-01-13,一人旅にはコストパフォーマンスも良く、JRや地下鉄、バスのアクセスの良いことが1番の嬉しいところです！ただバス、トイレの古いのが気になりました。私の部屋の冷蔵庫がコンセントの差し込みから遠く利用しませんでした。,,,一人旅にはコストパフォーマンスも良く、JRや地下鉄、バスのアクセスの良いことが1番の嬉しいところです！ただバス、トイレの古いのが気になりました。私の部屋の冷蔵庫がコンセントの差し込みから遠く利用しませんでした。,,,ばあばさん,jalan_308449_23229581ac35bcf5bf51724b856a88df
false,じゃらん,3,2026-01-13,駅近で立地は良いが少し古い、また夜遅くなると食事の場所が無く中洲辺りまで行かないといけないのが、残念  フロントスタッフの対応は、良かったです,,,駅近で立地は良いが少し古い、また夜遅くなると食事の場所が無く中洲辺りまで行かないといけないのが、残念  フロントスタッフの対応は、良かったです,,,ｒｙｕさん,jalan_308449_03e99de452f3e5c4acdedd4ce55fda07
false,Google,2,2026-01-12,위치 하나만 본다해도 다시는 안갈꺼같다 끝쪽 방이여서 그랬을까 외풍이 장난아님 너무 추워서 노숙하는줄 누웠는데 도저히 안되서 패딩입고 잤음 하루만 예약하길 천만다행이지..,,,場所ひとつだけ見たとしても、二度とはいけないようだ。,,,JiHyun In,google_ChIJy_hLcceRQTURnbO4mkaV_Vs_79143fbc08f06f925793a6a994ccff79
false,Booking.com,9,2026-01-12,,,,,,,Ingemar,bookingcom_622017_faf0575a5d82df1cea3cc6a00dc900f2
false,Booking.com,8,2026-01-12,,,,,,,Takashi,bookingcom_622017_06acc20c029c58a55e1b0f5a6e95a2de
false,Trip.com,5,2026-01-12,위치는 좋으나 너무 오래된 숙소네요,,,場所は良いですが、古い建物です。,,,ゲ‍ス‍ト,trip_1812968958
false,Google,2,2026-01-12,場所を1つだけ見ても、二度と行きません。 最後の部屋なので、 寒すぎてホームレスする 横になったが到底ダメでパディング着て寝た一日だけ予約する千万幸行なんだ..,,,場所を1つだけ見ても、二度と行きません。 最後の部屋なので、 寒すぎてホームレスする 横になったが到底ダメでパディング着て寝た一日だけ予約する千万幸行なんだ..,,,JiHyun In,google_ChIJy_hLcceRQTURnbO4mkaV_Vs_244126b1136fff1a7796ae4f240162be
false,Google,1,2026-01-11,1/9早上退房，當天傍晚發現有物品忘記帶走，有mail給飯店，到1/11都沒有回應，由於語言不通真的只能放棄我的物品了 1/9の朝チェックアウトしたのですが、夕方に荷物を持ち帰るのを忘れていたことに気づきました。ホテルにメールを送りましたが、1/11まで返答はありませんでした。言葉の壁のため、本当に荷物を手放さなければなりませんでした。,,,1/9早上退房，當天傍晚發現有物品忘記帶走，有mail給飯店，到1/11都沒有回應，由於語言不通真的只能放棄我的物品了 1/9の朝チェックアウトしたのですが、夕方に荷物を持ち帰るのを忘れていたことに気づきました。ホテルにメールを送りましたが、1/11まで返答はありませんでした。言葉の壁のため、本当に荷物を手放さなければなりませんでした。,,,黑倫,google_ChIJy_hLcceRQTURnbO4mkaV_Vs_65caf098c363d8cfdb37265a07567767
false,Booking.com,2,2026-01-11,,駅から近かった。ランドリーがアプリ決済できた。,コンフォートホテルはいつもきれいでコンフォートブランドで選んだけど、中身の客室は古いホテルだった。,,駅から近かった。ランドリーがアプリ決済できた。,コンフォートホテルはいつもきれいでコンフォートブランドで選んだけど、中身の客室は古いホテルだった。,Akiko,bookingcom_622017_6dd67200083d68f82e39fa7bf9b85ca4
false,Google,5,2026-01-11,서비스와 위치는 정말 좋아요. 시설이 노후되고 창문은 안열려요. 조식은 제 스타일은 아니었습니다.,,,サービスと場所は本当に良いです。施設が老朽して窓は開けません。朝食は私のスタイルではありませんでした。,,,김비밀,google_ChIJy_hLcceRQTURnbO4mkaV_Vs_080bed9c27d413167ce58361b626d958
false,Google,5,2026-01-11,サービスと場所は本当に良いです。施設が老朽して窓は開けません。朝食は私のスタイルではありませんでした。,,,サービスと場所は本当に良いです。施設が老朽して窓は開けません。朝食は私のスタイルではありませんでした。,,,김비밀,google_ChIJy_hLcceRQTURnbO4mkaV_Vs_c31616c26c315cb935541663136b4451
false,Trip.com,10,2026-01-10,So good!,,,とても良い！,,,ゲ‍ス‍ト,trip_1810577678
false,Trip.com,10,2026-01-09,とってもアクセスも良いホテルでホテルマンさんも丁寧に対応していただけましたが、なんといっても施設が古いです。照明がかなり暗かった…。それ以外は素敵なホテルだったので、駅近の綺麗なホテルに泊まれると思わずに行った方が良いと思います。地下鉄空港線まで5分もかからず行けたのはかなりよかったです。バスターミナルもかなり近いので値段と立地最優先の方にはとってもおすすめのホテルです。,,,とってもアクセスも良いホテルでホテルマンさんも丁寧に対応していただけましたが、なんといっても施設が古いです。照明がかなり暗かった…。それ以外は素敵なホテルだったので、駅近の綺麗なホテルに泊まれると思わずに行った方が良いと思います。地下鉄空港線まで5分もかからず行けたのはかなりよかったです。バスターミナルもかなり近いので値段と立地最優先の方にはとってもおすすめのホテルです。,,,ゲ‍ス‍ト,trip_1808955592
false,楽天トラベル,3,2026-01-09,駅近で色々と便利なホテルでした 外国人が多いです！,,,駅近で色々と便利なホテルでした 外国人が多いです！,,,大和魂0708,rakuten_29211_3e727cc50958d782ef52ebf244108221
false,Booking.com,7,2026-01-07,,,,,,,Jinji,bookingcom_622017_2c117b3ea8debfd45db45c304677b2d4
false,Trip.com,10,2026-01-07,毎年泊まりますが今年は価格も落ち着いていてよかったです,,,毎年泊まりますが今年は価格も落ち着いていてよかったです,,,K‍a‍y‍s‍e‍.,trip_1807302784
false,Booking.com,7,2026-01-07,,,,,,,Hayato,bookingcom_622017_7dba721014f18a495dbdc33db579a140
false,Trip.com,10,2026-01-07,너무잘지내다 갑니다,,,とても良いです。,,,ゲ‍ス‍ト,trip_1807812700
false,Trip.com,9,2026-01-06,"Very close to station, friendly stuff. Generous Buffet breakfast is included in the stay. All amenities provided. Convenient for station, shopping , sight seeing and great food places.  We had the window towards back of the hotel (pic)",,,駅にとても近く、スタッフも親切です。宿泊料金にはボリュームたっぷりのビュッフェ式朝食が含まれています。アメニティも全て揃っています。駅、ショッピング、観光、美味しいレストランへのアクセスも便利です。私たちの部屋はホテルの裏側の窓側でした（写真参照）。,,,ゲ‍ス‍ト,trip_1805975605
false,Booking.com,8,2026-01-06,,ทำเลใกล้สถานีรถไฟ Hakata ห้างสรรพสินค้า และเมืองเก่า การต้อนรับการจัดการมืออาชีพ อาหารเช้าง่ายและดีสำหรับราคาค่าที่พัก,,,博多駅、ショッピングモール、旧市街に近く、便利な立地です。スタッフはプロフェッショナルで親切です。朝食はシンプルながら値段に見合った美味しさです。,,Yiemchai,bookingcom_622017_f7c6fa512b5b185adc3a714a2e4fa275
false,Booking.com,7,2026-01-05,,,,,,,小池,bookingcom_622017_f70bd9efb19d1e953fc86bfed7117c34
false,Trip.com,10,2026-01-05,The location was nearby to the train station and nearby there is starbucks and convenient store. There is complimentary breakfast provided. Overall experience was good at the hotel.,,,立地は駅に近く、近くにはスターバックスやコンビニエンスストアもありました。無料の朝食も提供されていました。ホテルでの滞在は全体的に良かったです。,,,ゲ‍ス‍ト,trip_1805732706
false,Booking.com,6,2026-01-05,,荷物をチェックアウト後も預かってくれた,浴室が汚い カビだらけ,,荷物をチェックアウト後も預かってくれた,浴室が汚い カビだらけ,Yasuaki,bookingcom_622017_1d36bfa9ad0dcba02243b02953611c7c
false,Google,5,2026-01-05,博多駅西口8番出口のすぐそばに位置し、セブンイレブンとスターバックスも近くにあります。博多駅の向かい側にはスモーカーズ、ドン・キホーテ、ユニクロがあり、いずれもショッピングに便利なスポットです。購入した商品はホテルに直接預けることができます。朝食には作りたてのスムージーが含まれています。客室は広々としており、1階にはフリードリンクがあります。夜食もとても便利です。  ホテルの外にタクシー乗り場があり、空港までは2000円以内で行くことができます。荷物が重い場合はタクシーをご利用ください。  徒歩圏内にヘアカット（7000円、要予約）、安いラーメン（290円）、安い焼肉店があります。徒歩10分ほどの商店街もとてもリーズナブルです。キャナルシティ博多で福袋を買うのもおすすめです。  防音対策は十分ではなく、廊下の音が聞こえます。バスルームは暗く、部屋の照明も少し物足りないですが、日中は明るいです。ベッドはとても快適でした。全体的に見て、とてもお得だと思います❤️,,,博多駅西口8番出口のすぐそばに位置し、セブンイレブンとスターバックスも近くにあります。博多駅の向かい側にはスモーカーズ、ドン・キホーテ、ユニクロがあり、いずれもショッピングに便利なスポットです。購入した商品はホテルに直接預けることができます。朝食には作りたてのスムージーが含まれています。客室は広々としており、1階にはフリードリンクがあります。夜食もとても便利です。  ホテルの外にタクシー乗り場があり、空港までは2000円以内で行くことができます。荷物が重い場合はタクシーをご利用ください。  徒歩圏内にヘアカット（7000円、要予約）、安いラーメン（290円）、安い焼肉店があります。徒歩10分ほどの商店街もとてもリーズナブルです。キャナルシティ博多で福袋を買うのもおすすめです。  防音対策は十分ではなく、廊下の音が聞こえます。バスルームは暗く、部屋の照明も少し物足りないですが、日中は明るいです。ベッドはとても快適でした。全体的に見て、とてもお得だと思います❤️,,,piwei hsu,google_ChIJy_hLcceRQTURnbO4mkaV_Vs_28f62cf760b7add499dc5482c9737f28
false,楽天トラベル,4,2026-01-04,部屋は広くてお掃除されていましたが、かなり年数が経っているホテルでした。部屋のトイレの便座が冷たかったのが悲しかったです。 朝食のスムージーが美味しかったです。 駅からは近くて便利です。トレインビューホテルを探していてこちらに決めましたが、少ししか見えなかったです。,,,部屋は広くてお掃除されていましたが、かなり年数が経っているホテルでした。部屋のトイレの便座が冷たかったのが悲しかったです。 朝食のスムージーが美味しかったです。 駅からは近くて便利です。トレインビューホテルを探していてこちらに決めましたが、少ししか見えなかったです。,,,千葉　あすか,rakuten_29211_1dd24a0484311602bc4e7665ba6b6b3b
false,楽天トラベル,5,2026-01-04,バイキングが無料でとても美味しかったです。,,,バイキングが無料でとても美味しかったです。,,,YYYUYU,rakuten_29211_ada8501948e48c407b6d111e95be762e
false,Trip.com,10,2026-01-04,福岡車站正對面，逛累了，可立馬回飯店休息。飯店前即有計程車站，人多出遊搭乘計程車也很方便。飯店提供免費迎賓冷飲與咖啡，坐在大廳餐廳休息也很愜意。免費早餐smoothie很天然好喝，讓你吃完一天精神飽滿！,,,福岡駅の真向かいに位置するこのホテルは、観光で疲れた一日の終わりにゆっくりとくつろげる便利な場所です。ホテルの目の前にはタクシー乗り場があり、グループでの移動にも便利です。ホテルではウェルカムドリンクとコーヒーを無料で提供しており、ロビーレストランはゆったりとくつろげる空間です。無料の朝食スムージーは自然な美味しさで、一日を元気にスタートできます。,,,匿‍名‍ユ‍ー‍ザ‍ー,trip_1803794484
false,Trip.com,8,2026-01-04,Super location and near amenities,,,最高の立地で、生活に必要な施設も近くに揃っています。,,,ゲ‍ス‍ト,trip_1804702706
false,Booking.com,9,2026-01-03,,年始の2日に1泊しました。13時頃に着いて、チェックインまでに時間があるので荷物の保管をお願いしようと思っていたら、年始だからチェックインしてもいいですと声かけされました。チェックインまでの時間を潰さないといけないと思っていたので、ものすごく助かりました。チェックアウトした後、新幹線に乗る時間までに荷物を入れるロッカーを探そうと思ってたのですが、日付変わる前までだったら荷物を預かって下さるというサービスがあり、またまた助かりました。ここまでのサービスを受けたことがなかったので、非常に感謝しました。次も是非利用したいと思います。お部屋も、おもってたより広く快適に過ごせました。,強いて言うなら、便座が冷たかったぐらいです。,,年始の2日に1泊しました。13時頃に着いて、チェックインまでに時間があるので荷物の保管をお願いしようと思っていたら、年始だからチェックインしてもいいですと声かけされました。チェックインまでの時間を潰さないといけないと思っていたので、ものすごく助かりました。チェックアウトした後、新幹線に乗る時間までに荷物を入れるロッカーを探そうと思ってたのですが、日付変わる前までだったら荷物を預かって下さるというサービスがあり、またまた助かりました。ここまでのサービスを受けたことがなかったので、非常に感謝しました。次も是非利用したいと思います。お部屋も、おもってたより広く快適に過ごせました。,強いて言うなら、便座が冷たかったぐらいです。,Eri,bookingcom_622017_f2c8c0cef802ba8ebf7ec51b765963a5
false,Booking.com,7,2026-01-03,,,,,,,Peiying,bookingcom_622017_5586ea9ae2ae8469f6477abbe3f9cfd3
false,Booking.com,6,2026-01-02,,Near to Train station,The breakfast is too simple and crowded,,駅に近い,朝食は簡素で混雑している,Ang,bookingcom_622017_9c97bbf2a07894e9aef34f90cb99e768
false,楽天トラベル,3,2026-01-02,PayPayドームのコンサートで利用しました。博多駅駅近(地下からアクセスなら雨の日でも傘いらず)で、大きな荷物を持っていても快適でした。 フロントスタッフの方も朝食スタッフの方も丁寧で居心地はとても良かったです。  少し施設が古いことと壁が薄いこと、部屋空調の位置が微妙なこと以外はとても満足でした。 外国からの観光客の方も多く、夜中まで話していたのが丸聞こえで気になりました。  朝食は種類も多く、福岡の味も楽しめる大満足の内容でした。 コスパは良いので、また福岡に出向く際には候補宿に入ってくると思います。  2泊3日ありがとうございました！,,,PayPayドームのコンサートで利用しました。博多駅駅近(地下からアクセスなら雨の日でも傘いらず)で、大きな荷物を持っていても快適でした。 フロントスタッフの方も朝食スタッフの方も丁寧で居心地はとても良かったです。  少し施設が古いことと壁が薄いこと、部屋空調の位置が微妙なこと以外はとても満足でした。 外国からの観光客の方も多く、夜中まで話していたのが丸聞こえで気になりました。  朝食は種類も多く、福岡の味も楽しめる大満足の内容でした。 コスパは良いので、また福岡に出向く際には候補宿に入ってくると思います。  2泊3日ありがとうございました！,,,よちよちまる,rakuten_29211_0d2a48ccc3856ba83df09fed14cb608b
false,Booking.com,5,2026-01-01,,,,,,,Shina,bookingcom_622017_f1365e7c5bf6bced64cb03552ba21728
false,Trip.com,10,2026-01-01,"일단 위치가 최고예요~!! 첨부터 여기할걸 앞은 다른데하고 뒤에 하루 여기했는데 진짜 위치가 최고고 화장실, 방 다 다른데보다 좁지않은듯요 다만 창문이 열리지않아 방마다 공기청정기가 있는거 같은데 먼지가 엄청 날려요 ㅠㅠ 카펫 바닥이라 어쩔수없는거같긴 해요~ 로비에 늘 음료 서비스 해주셔서 왔다갔다 쉴수 있고 조식은 무조건 포함인데 간단히 먹기 좋아요",,,一度位置が最高です〜！アタッチメントはここに行く前は違うのに後ろに一日ここにいたのに本物の場所が最高でトイレ、部屋は他にも狭くないようですが、窓が開かないので部屋ごとに空気清浄機があるようですが、ほこりが途方もなく飛んでいます。朝食は無条件に含まれていますが、簡単に食べることができます。,,,ゲ‍ス‍ト,trip_1800333044
false,Trip.com,10,2026-01-01,位置無，敵就喺博多站正前方， 過馬路就見到。 大堂寬敞，早餐位置亦多。 付費 升級為雙床房， 房間空間大，足夠讓 兩喼齊開。 唯一可惜的地方是廁所燈光較暗,,,場所は特にありません。敵は博多駅のすぐ前にいて、道路の向こう側から見えます。ロビーは広々としていて、朝食をとる場所もたくさんあります。有料でツインルームにアップグレードすると、スーツケース2個を一緒に開けられるほど広い部屋になります。唯一残念なのは、トイレの照明が暗いことです。,,,ゲ‍ス‍ト,trip_1800382686
false,Trip.com,7,2026-01-01,호텔 객실 상태가 아주 낙후된 상태입니다. 혹시나 1980년대 컨셉투어를 목표로 한다면 추천합니다. 무료 아침식사는 맛이 없어서 깜짝 놀랐습니다. 주위를 둘러보니 제공되는 조식 보다는 도시락이나 외부 음식을 사와서 먹는 사람들이 많았습니다. 음식을 준비한 정성은 충분히 느껴지는데 맛은 없어서 난감했습니다. 다만 호텔 위치가 위의 단점을 상쇄시키기에 충분했습니다.,,,ホテルの部屋の状態は非常に遅い状態です。もしも1980年代のコンセプトツアーを目指すならおすすめです。無料の朝食は味がないのでびっくりしました。周りを見回すと、提供される朝食より弁当や外食を買って食べる人が多かったです。食べ物を用意した丹精は十分に感じられますが、味はなくて大変でした。ただ、ホテルの場所は上記の欠点を相殺するのに十分でした。,,,ゲ‍ス‍ト,trip_1800404038
false,Booking.com,5,2026-01-01,,,,,,,Endo,bookingcom_622017_937df2b674182650c607e93a47633ec3
false,Booking.com,9,2026-01-01,,ประทับใจโรงแรมและพนักงาน ทำเลดี ถ้าไปอีกก็จะไปพักที่นี่อีก แนะนำครับ พักห้อง twin ห้องใหญ่ หน้าต่างกว้าง ไม่อึดอัด,,,ホテルとスタッフの対応に感銘を受けました。立地も最高です。また行く機会があれば、必ずここに泊まります。おすすめです。ツインルームに宿泊しましたが、大きな窓があって広々としていて、全く窮屈さを感じませんでした。,,Thosaphol,bookingcom_622017_ffa52dc168047f0546971d18ee3a8250
false,Trip.com,10,2026-02-28,"酒店的地理位置非常便利，酒店對面就是繁華的嘅博多站，交通或購物也非常方便！標準的商務旅館！以這個價錢,住這個地點, 包早餐,cp值幾高的.",,,ホテルは賑やかな博多駅の向かいという非常に便利な場所にあり、交通機関やショッピングに最適です！標準的なビジネスホステルです！この価格でこの立地、しかも朝食付きなので、コストパフォーマンスはかなり高いです。,,,S‍I‍I‍S‍I‍i,trip_1860920254
false,Google,5,2026-02-28,,,,,,,이귀옥,google_ChIJy_hLcceRQTURnbO4mkaV_Vs_ec553918101516134b6b593980bde8f6
false,Trip.com,7,2026-02-27,位置：位於博多車站對面，位置滿分，非常方便！ 環境：酒店看起來應該比較舊，設施比較簡單，（房間裏面的熱水壺竟然是幾十年前生產的😂）衛生程度一般。房間隔音很糟糕，偶然會聽到隔壁房間的電視聲音，走廊小孩大叫的聲音等。  預訂的是包括早餐的房型，可是自助早餐質量非常低，幾乎沒有想吃的東西，現場也比較混亂，重點是非常擁擠，客人太多，座位太少，而且排很長的隊。後來幾天直接到旁邊的7-11自行處理算了，早餐部分非常不滿意。,,,立地: 博多駅の向かいという最高の立地で、とても便利です。 環境: ホテルはかなり古く、基本的な設備しかありません (部屋の電気ケトルは数十年前のものでした 😂)。清潔さは平均的です。部屋の防音はひどく、隣の部屋のテレビの音や廊下で子供が叫んでいる声が時々聞こえました。朝食付きの部屋タイプを予約しましたが、ビュッフェの朝食の質は非常に低く、食べたいものがほとんどなく、場所が混沌としていて、何よりも非常に混雑していました。宿泊客が多すぎて席が少なすぎ、長い行列ができていました。その後数日間は、近くのセブンイレブンで自分で食事をしました。朝食には非常に不満でした。,,,Y‍a‍k‍u‍l‍t‍ ‍L‍i‍n,trip_1859454650
false,Booking.com,1,2026-02-27,,無料の朝食はありがたかったが  食べられる料理があまりなかった,雨が降り配管の雨が流れる音なのか  うるさくて一睡もできなかった  満室で部屋の変更もできないとの事  受験で利用させてもらったがうるさすぎて勉強も出来ず眠れずで最悪だった,,無料の朝食はありがたかったが  食べられる料理があまりなかった,雨が降り配管の雨が流れる音なのか  うるさくて一睡もできなかった  満室で部屋の変更もできないとの事  受験で利用させてもらったがうるさすぎて勉強も出来ず眠れずで最悪だった,Akemi,bookingcom_622017_1b75b33a20694636dbc99e1976ec664c
false,Google,5,2026-02-27,やはり評が良い理由がありますね。博多駅のすぐ前で、アクセス性、移動の利便性が最高ですが、スタッフはとてもフレンドリーです。施設は典型的な日本のホテルのように非常に広く、良くないが遵守します。大丈夫です。次にまた利用するつもりです。イチオシです！,,,やはり評が良い理由がありますね。博多駅のすぐ前で、アクセス性、移動の利便性が最高ですが、スタッフはとてもフレンドリーです。施設は典型的な日本のホテルのように非常に広く、良くないが遵守します。大丈夫です。次にまた利用するつもりです。イチオシです！,,,곽동근,google_ChIJy_hLcceRQTURnbO4mkaV_Vs_ebb470dee399eae891b6648961a7d82d
false,Booking.com,8,2026-02-27,,,,,,,Mihyang,bookingcom_622017_45d4130c4388755c3f9b5ef3d2859115
false,Google,5,2026-02-27,"역시 평이 좋은 이유가 있네요. 하카타역 바로 앞이라 접근성, 이동 편의성 최고인데다 직원들 엄청 친절합니다. 시설은 전형적인 일본 호텔 답게 엄청 넓고 좋진 않지만 준수합니다. 괜찮아요. 다음에 또 이용할 생각입니다. 강추해요!!!",,,やはり評が良い理由がありますね。博多駅のすぐ前で、アクセス性、移動の利便性が最高ですが、スタッフはとてもフレンドリーです。施設は典型的な日本のホテルのように非常に広く、良くないが遵守します。大丈夫です。次にまた利用するつもりです。イチオシです！,,,곽동근,google_ChIJy_hLcceRQTURnbO4mkaV_Vs_c90823e36397e286eacd333dd9a91260
false,Google,5,2026-02-27,やはり評が良い理由がありますね。博多駅のすぐ前で、アクセス性、移動の利便性が最高ですが、スタッフはとてもフレンドリーです。施設は典型的な日本のホテルのように非常に広く、良くないが遵守します。大丈夫です。次にまた利用するつもりです。イチオシ！,,,やはり評が良い理由がありますね。博多駅のすぐ前で、アクセス性、移動の利便性が最高ですが、スタッフはとてもフレンドリーです。施設は典型的な日本のホテルのように非常に広く、良くないが遵守します。大丈夫です。次にまた利用するつもりです。イチオシ！,,,곽동근,google_ChIJy_hLcceRQTURnbO4mkaV_Vs_96483f9177fc416401bb7e3ec998ab90
false,Trip.com,7,2026-02-26,하카타역 바로 앞이라 접근성 좋아요  숙소는 저렴해요  아이들2명 포함 넷은 좁아요,,,博多駅のすぐ前でアクセス性がいいです。,,,ゲ‍ス‍ト,trip_1858576106
false,Trip.com,10,2026-02-26,本次選擇和室房型，空間非常大，四個大行李箱攤平都沒問題，和室床墊軟硬適中，非常好睡。唯獨浴室淋浴區域排水孔稍微堵塞，且馬桶沖水力道較弱。 飯店早餐豐富，日式、西式皆可滿足。用餐區域隨時開放，還有茶跟檸檬水提供。 位置超級便利，直通博多車站地下街，逛街用餐皆方便，而且有坡道跟電梯，大型行李友善。,,,私たちは和室を選びましたが、とても広々としていて、大きなスーツケース4個を楽に平らに置くことができました。部屋のマットレスは適度な硬さで、とても快適でした。唯一の難点は、シャワーエリアの排水口が少し詰まっていたことと、トイレの水流が弱かったことです。ホテルの朝食は種類豊富で、和食と洋食の両方が用意されていました。ダイニングエリアは24時間営業で、お茶とレモンウォーターが提供されていました。立地も非常に便利で、博多駅地下街に直結しているため、買い物や食事に便利でした。スロープやエレベーターもあったので、大きな荷物の持ち運びも楽でした。,,,ゲ‍ス‍ト,trip_1859307902
false,Google,3,2026-02-26,客室は少し老朽化.. しかし、コスパ雨グッド 場所グッド,,,客室は少し老朽化.. しかし、コスパ雨グッド 場所グッド,,,Dennis Lee,google_ChIJy_hLcceRQTURnbO4mkaV_Vs_eb6372f5470de718cb13a84a81f621cb
false,Google,3,2026-02-26,객실은 조금 노후화.. 그러나 가성비 굿 위치 굿 ㅋ,,,部屋は少し老朽化しています。,,,Dennis Lee,google_ChIJy_hLcceRQTURnbO4mkaV_Vs_9e5b8bb4df93f9f35ccb4fdf6e30e6d0
false,Trip.com,10,2026-02-25,โรงแรมอยู่ใกล้สถานีฮากะตะเดินออกมาประมาณ 300 เมตรถึงโรงแรมเลยอยู่ติดกับสตาร์บัตร และร้านแฟมิลีมาร์ค สะดวกมากเจ้าหน้าที่สุภาพเรียบร้อยเรานอนสองคืนและไปต่างจังหวัด 3 คืนกลับมาพักที่นี่อีกหนึ่งคืนเจ้าหน้าที่รับฝากกระเป๋าอย่างดีอาหารเช้าอร่อย ได้ห้องพักสะอาดเรียบร้อยมีเสื้อชุดนอนให้ด้วยถูกใจมาก,,,ホテルは博多駅から徒歩約300メートルと非常に近く、スターバックスとファミリーマートのすぐ隣にあります。とても便利です。スタッフは礼儀正しく親切でした。私たちは2泊した後、別の州へ3泊旅行し、また戻ってきて1泊しました。荷物も丁寧に運んでくれました。朝食は美味しかったです。部屋は清潔で整頓されていて、パジャマまで用意してくれていたのは本当にありがたかったです。,,,ゲ‍ス‍ト,trip_1857225708
false,Booking.com,8,2026-02-25,,"It’s a good size room for 3 people, clean and comfortable. Breakfast included which really a big tick!",The bins provided are too small.,,3人で泊まるには十分な広さの部屋で、清潔で快適です。朝食付きなのも大きなポイントです！,提供されているゴミ箱は小さすぎる。,Leung,bookingcom_622017_18c67016e64017d7b86b1edda245e98d
false,Booking.com,10,2026-02-24,,駅から近い！！,特になし。,,駅から近い！！,特になし。,Yumeto,bookingcom_622017_f550ebedfb7c23e5a364e54ca49c8fce
false,Booking.com,10,2026-02-24,,,,,,,皓勻,bookingcom_622017_82afff7ab0a7427aa403226f57243879
false,Booking.com,4,2026-02-24,,Convince to station only,"Small room, hallway felt like a prison",,駅にのみ説得する,狭い部屋で、廊下はまるで牢獄のようだった。,Oneworldimages,bookingcom_622017_f86df2f699115e34d22d4f97dfe36670
false,Trip.com,10,2026-02-24,Conveniently located opposite Hakata station and bus interchange. Room size is small but manageable with two big luggages. Breakfast is good but always crowded,,,博多駅とバスターミナルの向かいという便利な立地。部屋は狭いが、大きなスーツケース2つを置いても問題ない。朝食は美味しいが、いつも混雑している。,,,ゲ‍ス‍ト,trip_1856712040
false,Booking.com,3,2026-02-23,,駅に近いだけ良かった,料金の割に合わ無い  掃除機、お風呂などしっかりかけるように心がけて欲しい  フロントの接客態度,,駅に近いだけ良かった,料金の割に合わ無い  掃除機、お風呂などしっかりかけるように心がけて欲しい  フロントの接客態度,Yumiko,bookingcom_622017_a2cc9376fb17ea49e114a3ac68cc3b45
false,Booking.com,8,2026-02-23,,住宿地點棒！早餐好吃！,飯店較為老舊,,最高のロケーション！美味しい朝食！,そのレストランはかなり古い。,Shuting,bookingcom_622017_b66e749a981852ec826fe9f9996974d2
false,Trip.com,8,2026-02-23,性價比高，地理位置優越；設施風格相對老舊，有二十多年的歷史感；,,,コストパフォーマンスが良く、立地も抜群ですが、設備や内装は比較的古く、20年以上の歴史があります。,,,H‍o‍r‍a‍c‍e‍ ‍K‍w‍a‍n,trip_1854095406
false,Trip.com,10,2026-02-23,立地の割にリーズナブルで設備も精一杯綺麗にされていることが伝わってきて不満を感じなかった。外国人の従業員への教育も行き届いており安心して利用できました。また機会があれば利用したいです。,,,立地の割にリーズナブルで設備も精一杯綺麗にされていることが伝わってきて不満を感じなかった。外国人の従業員への教育も行き届いており安心して利用できました。また機会があれば利用したいです。,,,ゲ‍ス‍ト,trip_1854236806
false,Google,5,2026-02-22,客室は小さいですが、それでもapaホテルより少し大きいです。年月が感じられる宿ですが、とてもフレンドリーなサービス、朝食付き、博多駅のすぐ前の場所がとても満足です。,,,客室は小さいですが、それでもapaホテルより少し大きいです。年月が感じられる宿ですが、とてもフレンドリーなサービス、朝食付き、博多駅のすぐ前の場所がとても満足です。,,,익명,google_ChIJy_hLcceRQTURnbO4mkaV_Vs_8fad65add99c4c0c90c6e0aa9128175d
false,Google,4,2026-02-22,立地もとても便利で、内装も祖母の時代のように昔ながらの雰囲気で、朝食も無料でついてくるので、夜寝るには十分です。,,,立地もとても便利で、内装も祖母の時代のように昔ながらの雰囲気で、朝食も無料でついてくるので、夜寝るには十分です。,,,自由的那個人,google_ChIJy_hLcceRQTURnbO4mkaV_Vs_7830318ee29478ace30f7a4fcb33f41c
false,Google,4,2026-02-22,場所がとても良いです,,,場所がとても良いです,,,Moonkyu Shin (astrix21),google_ChIJy_hLcceRQTURnbO4mkaV_Vs_b6a08d1f11327576ec833a28f2802634
false,Trip.com,6,2026-02-22,ツインの部屋が、思ったより広くて良かった。 他の部屋の音や外の音がかなり響いて少し気になりました。 朝ごはんは、バイキングでしたが、空になってから、追加されるのが遅くて食べられなかったものがある。,,,ツインの部屋が、思ったより広くて良かった。 他の部屋の音や外の音がかなり響いて少し気になりました。 朝ごはんは、バイキングでしたが、空になってから、追加されるのが遅くて食べられなかったものがある。,,,ゲ‍ス‍ト,trip_1852831400
false,Trip.com,10,2026-02-22,Good place to start a trip,,,旅行の出発点として最適な場所,,,ゲ‍ス‍ト,trip_1853129606
false,Google,5,2026-02-22,"객실은 작습니다~ 그래도 apa호텔보단 조금 더 커요. 세월이 느껴지는 숙소지만, 매우 친절한 서비스, 조식포함, 하카타역 바로앞인 위치가 매우만족 입니다.",,,客室は小さいですが、それでもapaホテルより少し大きいです。年月が感じられる宿ですが、とてもフレンドリーなサービス、朝食付き、博多駅のすぐ前の場所がとても満足です。,,,익명,google_ChIJy_hLcceRQTURnbO4mkaV_Vs_3022eaa5ec338c0156c660b692d443ec
false,Google,4,2026-02-22,地點十分方便，內裝古老，像我阿嬤的年代，有免費早餐，只是晚上睡覺足夠了,,,立地はとても便利で、内装は祖母の時代のような古風な雰囲気で、無料の朝食も付いています。夜寝るにはちょうど良い場所です。,,,自由的那個人,google_ChIJy_hLcceRQTURnbO4mkaV_Vs_18f7cf452b1df2dc0eaedae72debb436
false,Trip.com,9,2026-02-22,可以由地鐵B2層搭電梯到一樓，到地面轉左便是酒店入口。職員都很有禮貌。房間空間大，還有窗台可放物件。早餐選擇不算多但足夠。很喜歡餐廳在早餐以外時間有飲品供應，也可在這裏休息或吃東西。,,,地下鉄の地下2階からエレベーターで1階まで上がり、地上階で左に曲がるとホテルの入り口があります。スタッフはとても丁寧でした。部屋は広々としていて、窓辺には小物を置くスペースがありました。朝食の種類は豊富ではありませんでしたが、十分でした。レストランでは朝食時間外でも飲み物が飲め、リラックスしたり食事をしたりできるのがとてもありがたかったです。,,,ゲ‍ス‍ト,trip_1853714990
false,Booking.com,7,2026-02-22,,,,,,,Sawamura,bookingcom_622017_b780991c7656e7c68569695a3376555b
false,Google,5,2026-02-22,客室は小さいですが、それでもapaホテルより少し大きいです。歳月が感じられる宿ですが、とてもフレンドリーなサービス、朝食付き、博多駅のすぐ前の場所がとても満足です。,,,客室は小さいですが、それでもapaホテルより少し大きいです。歳月が感じられる宿ですが、とてもフレンドリーなサービス、朝食付き、博多駅のすぐ前の場所がとても満足です。,,,익명,google_ChIJy_hLcceRQTURnbO4mkaV_Vs_c7ba713fedfb63847c29a9f98c42fdcd
false,じゃらん,3,2026-02-21,駅徒歩一分ということもありアクセスはとても良かったです。  フロントの方もとても丁寧に対応してくれました。  ただ2点気になったので☆3にさせていただきました。  1つ目は部屋のドライヤー本体にヒビが入っており、持ち手を持つと熱風が手に当たり火傷しそうだなと感じました。  2つ目は全室禁煙と表示されていたのですが、廊下を歩いていると明らかにタバコの臭いが…  スタッフの方に伝えましたが、部屋で吸っちゃったかもしれないですねと返答されただけで、対応はしてもらえませんでした。  喫煙を容認するのであれば全室禁煙は表示しないほうが良いかと…,,,駅徒歩一分ということもありアクセスはとても良かったです。  フロントの方もとても丁寧に対応してくれました。  ただ2点気になったので☆3にさせていただきました。  1つ目は部屋のドライヤー本体にヒビが入っており、持ち手を持つと熱風が手に当たり火傷しそうだなと感じました。  2つ目は全室禁煙と表示されていたのですが、廊下を歩いていると明らかにタバコの臭いが…  スタッフの方に伝えましたが、部屋で吸っちゃったかもしれないですねと返答されただけで、対応はしてもらえませんでした。  喫煙を容認するのであれば全室禁煙は表示しないほうが良いかと…,,,keiさん,jalan_308449_79cdc472271fd3d27d93ec549e4cf0ce
false,じゃらん,4,2026-02-21,駅徒歩一分ということもありアクセスはとても良かったです。  フロントの方もとても丁寧に対応してくれました。  ただ2点気になったので☆3にさせていただきました。  1つ目は部屋のドライヤー本体にヒビが入っており、持ち手を持つと熱風が手に当たり火傷しそうだなと感じました。  2つ目は全室禁煙と表示されていたのですが、廊下を歩いていると明らかにタバコの臭いが…  スタッフの方に伝えましたが、部屋で吸っちゃったかもしれないですねと返答されただけで、対応はしてもらえませんでした。  喫煙を容認するのであれば全室禁煙は表示しないほうが良いかと…,,,駅徒歩一分ということもありアクセスはとても良かったです。  フロントの方もとても丁寧に対応してくれました。  ただ2点気になったので☆3にさせていただきました。  1つ目は部屋のドライヤー本体にヒビが入っており、持ち手を持つと熱風が手に当たり火傷しそうだなと感じました。  2つ目は全室禁煙と表示されていたのですが、廊下を歩いていると明らかにタバコの臭いが…  スタッフの方に伝えましたが、部屋で吸っちゃったかもしれないですねと返答されただけで、対応はしてもらえませんでした。  喫煙を容認するのであれば全室禁煙は表示しないほうが良いかと…,,,keiさん,jalan_308449_5af839fe9d7f4fdec72961deafe521cc
false,Trip.com,9,2026-02-20,위치는 너무 좋구요. 조금 오래되었지만 가성비가 괜찮습니다,,,場所はとても良いです。少し古いですが、コスパは大丈夫です,,,ゲ‍ス‍ト,trip_1849999670
false,Trip.com,10,2026-02-20,Good location. Nice and clear room. Staffs are hlpeful.,,,立地が良い。部屋は清潔で快適。スタッフも親切。,,,ゲ‍ス‍ト,trip_1850623570
false,Booking.com,7,2026-02-20,,位置和大廳的服務人員親切笑容,很多燈具是用拉的，非常不直覺，建議更新,,施設内やロビーのスタッフは皆、親切な笑顔だった。,照明器具の多くは引き出し式で、非常に使いづらいので、交換することをお勧めします。,Sheng,bookingcom_622017_8885f656e33f5be618d82524b2a60690
false,Google,3,2026-02-20,欠点は古く、費用対効果の高い価格 利点はどこにでも行くのに最適な地理的場所,,,欠点は古く、費用対効果の高い価格 利点はどこにでも行くのに最適な地理的場所,,,정인철,google_ChIJy_hLcceRQTURnbO4mkaV_Vs_f493aaed40484e004af0aa5a1332047f
false,Google,3,2026-02-20,"단점은 낡고, 비용 대비 비싼 가격 장점은 어디든 갈수 있는 완벽한 지리적 장소",,,欠点は古く、費用対効果の高い価格の利点はどこにでも行くのに最適な地理的場所です。,,,정인철,google_ChIJy_hLcceRQTURnbO4mkaV_Vs_3972ce1f3cd98a8713a55df1560ef71c
false,楽天トラベル,2,2026-02-19,外国人の、観光客ばかりで、朝食時、騒々しくて、落ち着いて食べられませんでした。 朝ごはんも、美味しくなかったです。2日目の夜は、夜中に さわいでる客がいて、うるさかったです。接客、立地、設備等は、満足しています。,,,外国人の、観光客ばかりで、朝食時、騒々しくて、落ち着いて食べられませんでした。 朝ごはんも、美味しくなかったです。2日目の夜は、夜中に さわいでる客がいて、うるさかったです。接客、立地、設備等は、満足しています。,,,daihuku。,rakuten_29211_3b7ed2e189600a017d482177d7577453
false,Google,3,2026-02-19,1.  위치는 누구나 다 알다시피 최고입니다. 2. 청소를 매일 해주고 요청하면 침대시트도 매일 갈아줍니다. 3. 일본식 조식이 좋습니다. 4. 호텔직원들이 친절하게 맞이해 줍니다. -한국인 직원은 마지막 체크아웃하는날 처음 봤어요.  단점 1. 호텔이 오래됬고 지저분합니다. - 가습기 물통의 곰팡이가 심합니다. - 에어컨에서 냄새가 납니다. - 바닥 카펫이 끈적이고 오래되서 청소를 해도 티가 나지 않을 것 같습니다.  2. 아이와 함께한 여행이라 침대가 수퍼싱글 2대가 있는 트윈으로 예약했기에 방은 어느정도 크기가 괜찮았습니다만  한쪽 침대에서 잠을 잔 아이가 벌레에 물려서 여행 내내 고생했습니다. 때문에 시트를 매일 갈았고 첫째날과 셋째날 역시 가려움이 심해서 약을 사서 발라야했습니다.  3. 호텔의 관리가 필요합니다. 세면대 밑 부분이 깨져있어서  스티로폼으로 받혀놓았는데 이부분에서 곰팡이 냄새가 매우 심합니다.  특히 욕조에 물을 받아 목욕을 하고 배수구를 열면 물이 넘쳐서 욕실 바닥으로 올라옵니다.  분명히 호텔 관계자는 알고 있을텐데 무시하고 계속해서 손님을 받는 느낌이에요.  *****추론 한국인들은 한층에 방을 배정하는 느낌입니다. 일본인들 또한 같은 층으로 방을 배정하는 것 같구요. 청소상태가 동일한지는 잘 모르겠습니다.  ******조언 호텔이 오래된 건물이여도 관리가 잘 된 호텔을 가고 싶습니다. 깔끔하며 군더더기 없고 보송보송한 일본식 호텔이 될 수 있을텐데 이렇게 좋은 위치의 좋은 호텔을 잘 관리하시길 바랍니다.,,,1. 場所は誰でも知っているように最高です。 2.清掃を毎日してくれてリクエストすると、ベッドシートも毎日着替えてくれます。 3.和食の朝食をお勧めします。 4. ホテルスタッフが親切に迎えてくれます。 -韓国人職員は最後のチェックアウトする日初めて見ました。  デメリット 1. ホテルが古くて汚れています。 - 加湿器バケツのカビがひどいです。 - エアコンで臭いがします。 - 床のカーペットが粘着性があり、古くて掃除をしてもティーが出ないようです。  2. 子供と一緒に旅行したのでベッドがスーパーシングル2台のツインで予約したので部屋はある程度大きさで大丈夫でしたが、片方のベッドで寝る子供が虫に刺されて旅行中苦労しました。そのため、シートを毎日粉砕し、1日目と3日目もやはりかゆみがひどくて薬を買って塗らなければなりませんでした。  3. ホテルの管理が必要です。洗面台の下部が壊れており、発泡スチロールで支えられていますが、この部分でカビの臭いが非常にひどいです。  特に浴槽に水を浴びてお風呂に入り、排水口を開けると水があふれて浴室の底に上がります。  どうやらホテル関係者は知っているのに無視してずっとゲストをもらう感じです。  *****推論 韓国人たちは一層に部屋を割り当てる感じです。日本人も同じ階に部屋を割り当てるようです。清掃状態が同じかどうかはよくわかりません。  ******アドバイス ホテルが古い建物であっても管理が上手なホテルに行きたいです。すっきりしていて、さりげなく、普通に送られた和風ホテルになることができますが、このように良い場所の良いホテルをよく管理してください。,,,Yatae Kim,google_ChIJy_hLcceRQTURnbO4mkaV_Vs_d04f24eceac0e22aa6ed049db6b1f4d7
false,じゃらん,3,2026-02-19,博多駅から近いので利用しました  ホテルのスタッフの方々は感じよかったです  ただ、リネン室が近いのと少々年代なのか、造りなのか物音がだいぶ響きました。廊下がアーチ状でしたが、夕方から朝は何もないですが、  朝から夕方前まで清掃用品やそれに伴うタオルや備品類がずっとある感じでした。  使用済みのタオルなどを入れる大きな籠をずっと置いてあるので、匂いがすごく気になりました  ドアの造りが下がだいぶ隙間が空いているので(廊下などの光や人の影）が  すごく反射してきになりました  15時以降は廊下のものはなくしてほしいです  8時台に廊下に清掃用具も音がすごい響くので。。。  気にならない方はいいかと思います  スタッフさんはとても良い方々です,,,博多駅から近いので利用しました  ホテルのスタッフの方々は感じよかったです  ただ、リネン室が近いのと少々年代なのか、造りなのか物音がだいぶ響きました。廊下がアーチ状でしたが、夕方から朝は何もないですが、  朝から夕方前まで清掃用品やそれに伴うタオルや備品類がずっとある感じでした。  使用済みのタオルなどを入れる大きな籠をずっと置いてあるので、匂いがすごく気になりました  ドアの造りが下がだいぶ隙間が空いているので(廊下などの光や人の影）が  すごく反射してきになりました  15時以降は廊下のものはなくしてほしいです  8時台に廊下に清掃用具も音がすごい響くので。。。  気にならない方はいいかと思います  スタッフさんはとても良い方々です,,,あゆさん,jalan_308449_6ead8159260e5b852c549b58788dc603
false,じゃらん,2,2026-02-19,博多駅から近いので利用しました  ホテルのスタッフの方々は感じよかったです  ただ、リネン室が近いのと少々年代なのか、造りなのか物音がだいぶ響きました。廊下がアーチ状でしたが、夕方から朝は何もないですが、  朝から夕方前まで清掃用品やそれに伴うタオルや備品類がずっとある感じでした。  使用済みのタオルなどを入れる大きな籠をずっと置いてあるので、匂いがすごく気になりました  ドアの造りが下がだいぶ隙間が空いているので(廊下などの光や人の影）が  すごく反射してきになりました  15時以降は廊下のものはなくしてほしいです  8時台に廊下に清掃用具も音がすごい響くので。。。  気にならない方はいいかと思います  スタッフさんはとても良い方々です,,,博多駅から近いので利用しました  ホテルのスタッフの方々は感じよかったです  ただ、リネン室が近いのと少々年代なのか、造りなのか物音がだいぶ響きました。廊下がアーチ状でしたが、夕方から朝は何もないですが、  朝から夕方前まで清掃用品やそれに伴うタオルや備品類がずっとある感じでした。  使用済みのタオルなどを入れる大きな籠をずっと置いてあるので、匂いがすごく気になりました  ドアの造りが下がだいぶ隙間が空いているので(廊下などの光や人の影）が  すごく反射してきになりました  15時以降は廊下のものはなくしてほしいです  8時台に廊下に清掃用具も音がすごい響くので。。。  気にならない方はいいかと思います  スタッフさんはとても良い方々です,,,あゆさん,jalan_308449_b0085b50f761ee7620f5e36f6e45f0e7
false,Google,3,2026-02-19,1. 場所は誰でも知っているように最高です。 2.清掃を毎日してくれてリクエストすると、ベッドシートも毎日着替えてくれます。 3.和食の朝食をお勧めします。 4. ホテルスタッフが親切に迎えてくれます。 -韓国人職員は最後のチェックアウトする日初めて見ました。  欠点 1.ホテルが長くて汚れています。 - 加湿器バケツのカビがひどいです。 - エアコンで臭いがします。 - 床のカーペットが粘着性があり、古くて掃除をしてもティーが出ないようです。  2. 子供と一緒に旅行したのでベッドがスーパーシングル2台のツインで予約したので部屋はある程度大きさで大丈夫でしたが  片方のベッドで寝ている子供が虫に刺されて 旅行を通して苦労しました。 だからシートを毎日粉砕し、 1日目と3日目にもかゆみがひどくて薬を買って塗らなければなりませんでした。  3. ホテルの管理が必要です。 洗面台の下部が壊れており、発泡スチロールで支えられていますが、この部分でカビの臭いが非常にひどいです。  特に 浴槽に水を浴びて入浴 排水口を開くと 水があふれてバスルームの床に上がります。  明らかにホテルの関係者は知っているでしょう。 無視して 続けてお客さんをもらう感じです。  *****推論 韓国人たちは一層に部屋を割り当てる感じです。 日本人も同じ階に部屋を割り当てるようです。 清掃状態が同じかどうかはよくわかりません。  ******アドバイス ホテルが古い建物であっても管理の良いホテルに行きたいです。すっきりしていて、あまりなく普通に日本のホテルになることができます。 このように良い場所の良いホテルをよく管理してください。,,,1. 場所は誰でも知っているように最高です。 2.清掃を毎日してくれてリクエストすると、ベッドシートも毎日着替えてくれます。 3.和食の朝食をお勧めします。 4. ホテルスタッフが親切に迎えてくれます。 -韓国人職員は最後のチェックアウトする日初めて見ました。  欠点 1.ホテルが長くて汚れています。 - 加湿器バケツのカビがひどいです。 - エアコンで臭いがします。 - 床のカーペットが粘着性があり、古くて掃除をしてもティーが出ないようです。  2. 子供と一緒に旅行したのでベッドがスーパーシングル2台のツインで予約したので部屋はある程度大きさで大丈夫でしたが  片方のベッドで寝ている子供が虫に刺されて 旅行を通して苦労しました。 だからシートを毎日粉砕し、 1日目と3日目にもかゆみがひどくて薬を買って塗らなければなりませんでした。  3. ホテルの管理が必要です。 洗面台の下部が壊れており、発泡スチロールで支えられていますが、この部分でカビの臭いが非常にひどいです。  特に 浴槽に水を浴びて入浴 排水口を開くと 水があふれてバスルームの床に上がります。  明らかにホテルの関係者は知っているでしょう。 無視して 続けてお客さんをもらう感じです。  *****推論 韓国人たちは一層に部屋を割り当てる感じです。 日本人も同じ階に部屋を割り当てるようです。 清掃状態が同じかどうかはよくわかりません。  ******アドバイス ホテルが古い建物であっても管理の良いホテルに行きたいです。すっきりしていて、あまりなく普通に日本のホテルになることができます。 このように良い場所の良いホテルをよく管理してください。,,,Yatae Kim,google_ChIJy_hLcceRQTURnbO4mkaV_Vs_e080fa0014de2a545e17f83babc7f9dc
false,Booking.com,5,2026-02-18,,,,,,,Michie,bookingcom_622017_2aeae005621846a7890b67784e2d0891
false,Google,2,2026-02-18,朝食会場のスタッフが最悪。無表情なスタッフが無駄に声を張り上げて仕切っている。 6:30朝食開始で、前日まで4、5分早く普通に入れていたものが、6:29にはいると、待つよう追い出された。それならば入り口を塞ぐなどするべき。 コーヒにミルクを入れるのに人に邪魔にならぬよう横からそっと手を伸ばすと、そちらに入るな順番守れだの言ってくる。不愉快。 朝から本当に気分が悪い。  部屋は古く、インターネットが切れる。周りのドアの開け閉めで目が覚める。さむい。 3日に1回の掃除しか入らないプランになってい たが、バスルームが最初からにおい、ひどく気持ち悪い。  良い点はフロントの方はていねい。ロケーションは最高。,,,朝食会場のスタッフが最悪。無表情なスタッフが無駄に声を張り上げて仕切っている。 6:30朝食開始で、前日まで4、5分早く普通に入れていたものが、6:29にはいると、待つよう追い出された。それならば入り口を塞ぐなどするべき。 コーヒにミルクを入れるのに人に邪魔にならぬよう横からそっと手を伸ばすと、そちらに入るな順番守れだの言ってくる。不愉快。 朝から本当に気分が悪い。  部屋は古く、インターネットが切れる。周りのドアの開け閉めで目が覚める。さむい。 3日に1回の掃除しか入らないプランになってい たが、バスルームが最初からにおい、ひどく気持ち悪い。  良い点はフロントの方はていねい。ロケーションは最高。,,,Y,google_ChIJy_hLcceRQTURnbO4mkaV_Vs_5af52156d9685dc09ef4612e5c6659a2
false,Booking.com,8,2026-02-17,,房間寬敞、服務親切、附早餐性價比高,空調系統效率不佳,,広々とした客室、親切なサービス、朝食付きで、コストパフォーマンス抜群です。,エアコンの性能が悪い,Heng,bookingcom_622017_887793d10cdc35e37be263c032aab57e
false,Trip.com,10,2026-02-17,早朝の出発で駅前なので助かった。,,,早朝の出発で駅前なので助かった。,,,ゲ‍ス‍ト,trip_1848086196
false,Google,5,2026-02-16,場所が本当にメリットで、博多駅から降りてすぐに荷物を預けて楽に旅行できるという点がメリットでした。  チェックインは3時からと荷物を預けて旅行して来て休んでいましたが、日本はオンドルがなくてヒーターが当たり前ですが、少し乾燥して携帯用加湿器を持ってきたら良くなかったでしょうか。  再び福岡を訪れたら、毎日ここを宿舎にするようです,,,場所が本当にメリットで、博多駅から降りてすぐに荷物を預けて楽に旅行できるという点がメリットでした。  チェックインは3時からと荷物を預けて旅行して来て休んでいましたが、日本はオンドルがなくてヒーターが当たり前ですが、少し乾燥して携帯用加湿器を持ってきたら良くなかったでしょうか。  再び福岡を訪れたら、毎日ここを宿舎にするようです,,,한국사람,google_ChIJy_hLcceRQTURnbO4mkaV_Vs_ccd9134b5a0a689940bb392980e9a17b
false,Google,5,2026-02-16,위치가 정말 장점이고 하카타역에서 내려 바로 짐을 맡기고 편하게 여행할 수 있다는 점이 장점이였어요  체크인은 3시부터라 짐을 맡기고 여행하다가 와서 쉬고 했네요 다만 일본은 온돌이 없어 히터가 당연한데 조금 건조해져서 휴대용 가습기를 들고오면 좋지 않았을까 싶네요  다시 후쿠오카를 방문하면 매일 이곳을 숙소로 정할 것 같습니다,,,場所が本当にメリットで、博多駅から降りてすぐに荷物を預けて楽に旅行できるという点がメリットでした。 チェックインは3時からです。訪れたら、毎日ここを宿にするようです,,,한국사람,google_ChIJy_hLcceRQTURnbO4mkaV_Vs_8e1f2b312e64bdf27ab62c7c85fcf8c4
false,じゃらん,3,2026-02-16,土日の宿泊で、高価ではあったものの、周辺ホテルと比べると比較的安価かつ立地が良いため利用しました。最低限の施設があり、困ることはありません。  シャワーの水圧や廊下のカーペットのめくれ、外国人の騒音等気になる点は多々ありましたが、それが我慢出来れば選択肢に入れていいと思います。,,,土日の宿泊で、高価ではあったものの、周辺ホテルと比べると比較的安価かつ立地が良いため利用しました。最低限の施設があり、困ることはありません。  シャワーの水圧や廊下のカーペットのめくれ、外国人の騒音等気になる点は多々ありましたが、それが我慢出来れば選択肢に入れていいと思います。,,,フジカイさん,jalan_308449_a3b1fe92c89c59fea7c69be50afd5e3f
false,Booking.com,9,2026-02-15,,"교통, 여행의 중심지. 이만한 가격에 잘없음. 간단하지만 무료 조식. 하루 종일 제공되는 커피.",룸 컨디션은 예전에 비해 좋아졌지만 여전히 화장실은 많이 낡음. 화장실 환기가 잘안됨.,,交通、旅行の中心地。これだけの価格でうまくいきません。シンプルだが無料の朝食。終日提供されるコーヒー。,ルームコンディションは以前に比べて良くなったが、依然としてトイレは多く古い。トイレ換気がうまくいかない。,Kim,bookingcom_622017_ee18d710abd5c4504d52c6bfd239eedf
false,Trip.com,10,2026-02-15,대체적으로 만족하고 돌아갑니다. 역이랑도 가깝고 좋았어요,,,大体満足して帰ります。駅とも近くて良かったです。,,,ゲ‍ス‍ト,trip_1846215286
false,Booking.com,7,2026-02-14,,하키타 역 바로 옆,"2월 첫 주 방문인데, 실내 온도를 27도로 맞추었는데도 밤에 너무 오슬오슬 추워서 감기 걸렸다. 꽤 비싼 일본 호텔도 별 수 없나 보다. 유리창에 김이 많이 서린다. 겨울에 일본 올 때는 호텔이라도 작은 전기장판을 가져 와야 되나?",,博多駅のすぐ隣,2月初週訪問なのに、室内温度を27度に合わせたのに、夜にはあまりにも冷ややかで寒くなった。かなり高価な日本ホテルもあまりないのか。ガラス窓にキムがたくさん立ちます。冬に日本に来るときは、ホテルでも小さな電気張板を持って来るべきですか？,Man,bookingcom_622017_82bd5ad5ed6d4b2c7f3901b0eec52fab
false,楽天トラベル,3,2026-02-14,駅から近く、コンビニもすぐにあるのでとても便利。軽食の朝食も充分。休憩に使えるロビー、荷物なの預かりロッカーも助かりました。,,,駅から近く、コンビニもすぐにあるのでとても便利。軽食の朝食も充分。休憩に使えるロビー、荷物なの預かりロッカーも助かりました。,,,いく0428,rakuten_29211_84db3067da62ea70628c297365f65113
false,Booking.com,10,2026-02-14,,"地點佳,車站就在旁邊方便",早餐可以再提升一點,,立地が抜群で、駅がすぐ隣にあるのでとても便利です。,朝食はもう少し改善できるだろう。,李,bookingcom_622017_443e147d550921284d36bc8f473cf949
false,Booking.com,6,2026-02-14,,Good location,Old n dated,,好立地,古くて時代遅れ,Choon,bookingcom_622017_48252a1dbe9796997d64c8024ab81745
false,Trip.com,8,2026-02-13,"Convenient location and complimentary breakfast, but be aware that the carpets are very dusty. Had very bad allergic rhinitis at the end of the stay.",,,立地は便利で朝食も無料ですが、カーペットに埃がかなり溜まっているのでご注意ください。滞在の終わりにひどいアレルギー性鼻炎を発症しました。,,,ゲ‍ス‍ト,trip_1844182758
false,Trip.com,10,2026-02-13,地理位置非常好，離博多車站和公車站很近。,,,立地は抜群で、博多駅やバス停にも非常に近い。,,,M‍i‍n‍d‍y‍T‍i‍e‍n,trip_1844195456
false,Trip.com,10,2026-02-13,호텔이 좀 오래된 느낌이 났지만 직원분들 모두 친절하시고 조식도 생각보다 괜찮았어요. 화장실 샤워 물도 잘 나오고 어매니티도 계속 갈아주심. 위치도 최상.,,,ホテルがちょっと古い感じがしましたがスタッフ全員親切で朝食も思ったより大丈夫でした。トイレシャワーの水もよく出てアマニティも引き続き着替えてください。位置も最高。,,,ゲ‍ス‍ト,trip_1844854162
false,Google,3,2026-02-13,房間大小還可以，不會太小到行李箱打不開！ 每天都會幫你清理房間，清楚垃圾桶的垃圾的！還有公共空間可以微波，早上是早飯，晚上是簡易茶品可以聚會聊天到12點為止！,,,部屋の広さは十分で、スーツケースを開けられないほど狭くはありません！毎日部屋の清掃とゴミ箱の空けをしてくれます！共用スペースには電子レンジがあり、朝は朝食が提供され、夜は深夜まで集まりやおしゃべりを楽しめる簡単な紅茶が用意されています！,,,林大偉,google_ChIJy_hLcceRQTURnbO4mkaV_Vs_1905615d8feb3baaaced50b36ff1cc7e
false,Google,3,2026-02-13,部屋の広さはちょうど良く、スーツケースを開けられないほど狭くはありません！  部屋の清掃とゴミ箱の清掃は毎日行われます！電子レンジ付きの共用エリアもあり、朝は朝食が提供され、夕方にはシンプルなお茶が用意されているので、深夜まで集まりや会話を楽しむことができます。,,,部屋の広さはちょうど良く、スーツケースを開けられないほど狭くはありません！  部屋の清掃とゴミ箱の清掃は毎日行われます！電子レンジ付きの共用エリアもあり、朝は朝食が提供され、夕方にはシンプルなお茶が用意されているので、深夜まで集まりや会話を楽しむことができます。,,,林大偉,google_ChIJy_hLcceRQTURnbO4mkaV_Vs_768efaad4b650d9c0532c23f3139d94a
false,Trip.com,9,2026-02-12,位置和早餐是這個飯店的唯二亮點，但是冬天來馬桶沒有溫座真的有點痛苦，但看在價格合理的份上還是會考慮這間的,,,このホテルの長所は立地と朝食の2点だけですが、冬場に温水便座がないのは本当に不便です。とはいえ、料金が手頃なので、また泊まってみたいとは思います。,,,匿‍名‍ユ‍ー‍ザ‍ー,trip_1843372210
false,Trip.com,10,2026-02-12,1층 로비 Libtary Cafe에서 언제든 커피를 먹을 수 있어요. 내일 숙소를 청소해 주고 수건을 교체해 주여요. 아침에 조식을 무료로 제공해 주는데 맛있어요. 전 객실 금연룸이지먼 XX 층에 별도 흡연실이 있어 흡연자는 좀 편할 듯. 욕실은 조금 연식이 있어요. 온수 냉수가 별도로 꼭지가 있네요. 최고는  하카타 역 바로 앞이라는 지리적 이점에 합리적 가격입니다.,,,1階ロビーLibtary Cafeでいつでもコーヒーを食べることができます。明日、宿泊施設を清掃してタオルを交換してください。朝に朝食を無料で提供してくれるのに美味しいです。全室禁煙ルームイジマンXX階に別途喫煙室があり、喫煙者はちょっと楽だ。バスルームは少し年式があります。温水・冷水が別途蛇口がありますね。最高は博多駅の直前という地理的な利点にリーズナブルな価格です。,,,K‍o‍o‍k‍ ‍M‍i‍c‍h‍a‍e‍l,trip_1843981678
false,Booking.com,9,2026-02-12,,,,,,,Sachiko,bookingcom_622017_84421fcf73e562d094141cdcabb43228
false,Trip.com,10,2026-02-11,房間乾淨整潔，空間舒適，服務人員親切有禮，入住體驗非常好。地點方便，整體 CP 值高，下次一定會再來。good,,,部屋は清潔で整頓されていて、広さも快適でした。スタッフの方々も親切で丁寧で、とても快適な滞在となりました。立地も便利で、全体的にコストパフォーマンスに優れています。次回も必ず利用したいと思います。,,,小‍明‍ ‍甘,trip_1842137760
false,Booking.com,6,2026-02-11,,,,,,,Yufen,bookingcom_622017_ee302b84aa1f3867ca17f2eae0d7fa0f
false,Google,2,2026-02-11,旅行で嫌な思いをしたくないなら、他のホテルに泊まることを強くお勧めします。このホテルに泊まってから、二度と日本でコンフォートホテルに泊まることはありません。名前は全くの嘘で、全く快適ではありません。  ▍ロケーション コンフォートホテルは博多駅のすぐ隣にあります。通りを渡るか、地下道を通って「西7番出口」まで行くだけです。  ▍客室 なんてこった！部屋に入る前から、エレベーターから廊下を歩くだけで、ホテルの古さと荒廃を感じました。暗い廊下と薄暗い照明は、まるで幽霊が出る廃墟ホテルに迷い込んだかのような気分でした。  部屋に入ると、設備は壊れていて古いのが分かりました。小さな冷蔵庫が床に置きっぱなしで通路に突き出ており、使えるようには見えず、むしろ回収を待つゴミの山のようでした。  部屋のカーペットは濃い色だったので、遠くから見ると悪く見えませんでした。しかし、座って床をよく見てみると、なんと！細かい埃が山積みで、ひどく汚い。窓を開けると、窓のフィルムが破れていた。夜にシャワーを浴びる際、壁にはシャンプー、コンディショナー、シャワージェルの3つのアメニティが掛けてあるはずだったが、ラベルが貼ってなかったので、推測するしかなかった。  ▍危険！部屋のコンセントはすべて余計なもので、配線はクリップで留められているだけだった。さらにおかしなことに、コーナークリップすら使われていなかった！むき出しの配線の多さに愕然とした。本当に日本にいるのだろうかとさえ思った。どうしてこんなに雑で危険な作業ができるのだろう！さらに、テーブルの上の延長コードのプラグは被覆が剥がれていて、むき出しの配線の横にはケトルまで置いてあった！電気系統の故障でこのホテルが火事になっても全く不思議ではない。,,,旅行で嫌な思いをしたくないなら、他のホテルに泊まることを強くお勧めします。このホテルに泊まってから、二度と日本でコンフォートホテルに泊まることはありません。名前は全くの嘘で、全く快適ではありません。  ▍ロケーション コンフォートホテルは博多駅のすぐ隣にあります。通りを渡るか、地下道を通って「西7番出口」まで行くだけです。  ▍客室 なんてこった！部屋に入る前から、エレベーターから廊下を歩くだけで、ホテルの古さと荒廃を感じました。暗い廊下と薄暗い照明は、まるで幽霊が出る廃墟ホテルに迷い込んだかのような気分でした。  部屋に入ると、設備は壊れていて古いのが分かりました。小さな冷蔵庫が床に置きっぱなしで通路に突き出ており、使えるようには見えず、むしろ回収を待つゴミの山のようでした。  部屋のカーペットは濃い色だったので、遠くから見ると悪く見えませんでした。しかし、座って床をよく見てみると、なんと！細かい埃が山積みで、ひどく汚い。窓を開けると、窓のフィルムが破れていた。夜にシャワーを浴びる際、壁にはシャンプー、コンディショナー、シャワージェルの3つのアメニティが掛けてあるはずだったが、ラベルが貼ってなかったので、推測するしかなかった。  ▍危険！部屋のコンセントはすべて余計なもので、配線はクリップで留められているだけだった。さらにおかしなことに、コーナークリップすら使われていなかった！むき出しの配線の多さに愕然とした。本当に日本にいるのだろうかとさえ思った。どうしてこんなに雑で危険な作業ができるのだろう！さらに、テーブルの上の延長コードのプラグは被覆が剥がれていて、むき出しの配線の横にはケトルまで置いてあった！電気系統の故障でこのホテルが火事になっても全く不思議ではない。,,,Zack Cho,google_ChIJy_hLcceRQTURnbO4mkaV_Vs_6e02a8570d8026f7559beeb44b398395
false,Trip.com,9,2026-02-11,位置佳，早餐豐富,,,最高のロケーション、最高の朝食,,,ゲ‍ス‍ト,trip_1842750850
false,Booking.com,8,2026-02-11,,,,,,,Jigon,bookingcom_622017_5c7756b539625d1338d8847d2d049ba8
false,Google,2,2026-02-11,如果你不想讓旅程有不好的回憶，強力建議換家酒店住。而住過這家之後，我以後來日本絕對不會再去住其他Comfort Hotel，這名字根本詐騙，一點都不comfort。  ▍位置 Comfort Hotel就在博多車站的旁邊，過個馬路就到了。不想吹風可以走地下連通道的「P7（福岡朝日ビル）」出口，或是走「西8」出口，都可以到酒店。  ▍房間 天啊❗️還沒今進房間，只是出電梯走在走廊上，就感覺到這家酒店的老舊。陰暗的走廊，昏暗的燈光，像是走到什麼鬧鬼的倒閉酒店。  走進房間，看到設備又破又舊，一台小冰箱丟在地上，還凸出到走道，感覺不像可以使用的，反而像整在等待收走的垃圾。  房間地毯用暗色的，遠看不出什麼問題，當我坐在椅子上近看地下，天啊❗️一堆細屑，好髒。打開窗戶，窗戶上的貼膜是破掉的。晚上洗澡，牆壁上掛著三個洗劑，理論上是：洗頭精、潤髮乳、沐浴精，但它沒有表示出來，你就只能用猜的。  ▍危險 我發現房內的插頭都是額外添加出來，電線只是用壓線板黏在閉上而已。最扯的是，居然連轉角型的壓線板都不用！電線外露的程度讓我嚇到，我一度懷疑我人真的是在日本嗎？怎麼可能會做工這麼的粗糙且危險！而且在桌上延長線上的插頭，皮都已經脫落，電線外露旁邊居然還放著熱水壺！這間酒店如果會因為電線走火而失火，真的一點都不會感到意外。,,,旅行で嫌な思いをしたくないなら、別のホテルに泊まることを強くお勧めします。このホテルに泊まった後、私は二度と日本のコンフォートホテルには泊まりません。名前は完全に詐欺です。全く快適ではありません。▍場所 コンフォートホテルは博多駅のすぐ隣、通りの向かい側にあります。風にさらされたくない場合は、P7出口（福岡朝日ビル）または西8出口から地下通路を利用できます。どちらからでもホテルに着きます。▍部屋 なんてことだ！部屋に入る前から、エレベーターから廊下を歩いているだけで、このホテルがいかに古くて老朽化しているかが感じられました。暗い廊下と薄暗い照明は、まるで幽霊の出る廃墟のホテルに足を踏み入れたような気分にさせました。部屋に入ると、設備が壊れていて古いことがわかりました。小さな冷蔵庫が床に転がっていて、通路に突き出ていました。使えるようには見えず、むしろ回収されるのを待っているゴミの山のようでした。部屋のカーペットは濃い色で、遠目には問題なさそうだったが、座って床をよく見てみると、なんと！細かい埃の山で、とても汚かった。窓を開けると、窓のフィルムが破れていた。夜にシャワーを浴びると、壁に3つの洗面用具が掛かっているのに気づいた。おそらくシャンプー、コンディショナー、シャワージェルだろうが、ラベルがなかったので、何なのか推測するしかなかった。▍危険 部屋のコンセントはすべて予備のもので、電線はクリップで留められているだけだった。最も馬鹿げているのは、コーナークリップすら使われていないことだ！むき出しの配線の多さにショックを受け、本当に日本にいるのかとさえ思った！どうしてこんなに粗悪で危険な工事ができるのか！さらに、テーブルの上の延長コードのプラグは被覆が剥がれていて、むき出しの電線の横には電気ケトルまで置いてあった！電気系統の故障でこのホテルが火事になってもおかしくない。,,,Zack Cho,google_ChIJy_hLcceRQTURnbO4mkaV_Vs_d02f1e98cddbad017d53d03c224c3a27
false,Google,2,2026-02-11,旅行で嫌な思いをしたくないなら、他のホテルに泊まることを強くお勧めします。このホテルに泊まってから、二度と日本でコンフォートホテルに泊まることはありません。名前は全くの嘘で、全く快適ではありません。  ▍ロケーション コンフォートホテルは博多駅のすぐ隣、通りを渡ったところにあります。風が苦手な方は、P7出口（福岡朝日ビル）または西8出口から地下通路をご利用ください。どちらもホテルに通じています。  ▍客室 なんてこった！部屋に入る前から、エレベーターから廊下を歩くだけで、このホテルの古さと荒廃を感じました。暗い廊下と薄暗い照明は、まるで幽霊屋敷のような廃墟ホテルに迷い込んだかのような気分でした。  部屋に入ると、設備が壊れていて古いことに気づきました。小さな冷蔵庫が床に置かれ、通路に突き出ていました。使えそうに見えず、むしろ回収を待つゴミの山のようでした。  部屋のカーペットは黒っぽく、遠くから見ると問題なさそうに見えました。しかし、座ってよく見ると、なんと！細かいゴミの山で、とても汚い。窓を開けると、窓フィルムが破れていました。夜にシャワーを浴びていると、壁に洗剤が3つ（理論上はシャンプー、コンディショナー、シャワージェル）掛けてありましたが、ラベルがなかったので、推測するしかありませんでした。  ▍危険！部屋のコンセントはすべて予備で、電線はクリップで留められているだけでした。さらにおかしなことに、コーナークリップさえ使われていませんでした！露出した電線の多さに衝撃を受け、本当に日本にいるのかとさえ思いました。どうしてこんなに雑な仕上がりで危険なのでしょうか！テーブルの上の延長コードのプラグは被覆が剥がれていて、露出した電線のすぐ隣にやかんが置いてありました！このホテルが電気系統の故障で火事になったとしても不思議ではない。,,,旅行で嫌な思いをしたくないなら、他のホテルに泊まることを強くお勧めします。このホテルに泊まってから、二度と日本でコンフォートホテルに泊まることはありません。名前は全くの嘘で、全く快適ではありません。  ▍ロケーション コンフォートホテルは博多駅のすぐ隣、通りを渡ったところにあります。風が苦手な方は、P7出口（福岡朝日ビル）または西8出口から地下通路をご利用ください。どちらもホテルに通じています。  ▍客室 なんてこった！部屋に入る前から、エレベーターから廊下を歩くだけで、このホテルの古さと荒廃を感じました。暗い廊下と薄暗い照明は、まるで幽霊屋敷のような廃墟ホテルに迷い込んだかのような気分でした。  部屋に入ると、設備が壊れていて古いことに気づきました。小さな冷蔵庫が床に置かれ、通路に突き出ていました。使えそうに見えず、むしろ回収を待つゴミの山のようでした。  部屋のカーペットは黒っぽく、遠くから見ると問題なさそうに見えました。しかし、座ってよく見ると、なんと！細かいゴミの山で、とても汚い。窓を開けると、窓フィルムが破れていました。夜にシャワーを浴びていると、壁に洗剤が3つ（理論上はシャンプー、コンディショナー、シャワージェル）掛けてありましたが、ラベルがなかったので、推測するしかありませんでした。  ▍危険！部屋のコンセントはすべて予備で、電線はクリップで留められているだけでした。さらにおかしなことに、コーナークリップさえ使われていませんでした！露出した電線の多さに衝撃を受け、本当に日本にいるのかとさえ思いました。どうしてこんなに雑な仕上がりで危険なのでしょうか！テーブルの上の延長コードのプラグは被覆が剥がれていて、露出した電線のすぐ隣にやかんが置いてありました！このホテルが電気系統の故障で火事になったとしても不思議ではない。,,,Zack Cho,google_ChIJy_hLcceRQTURnbO4mkaV_Vs_b7c408de36a7d1f230594bb4e9659520
false,Trip.com,6,2026-02-10,시설 정말 후짐 돈이아까움 조식이나 서비스는 좋은데 방이별로,,,施設は本当に遅いお金です。朝食やサービスは良いですが、部屋はあまりありません。,,,ゲ‍ス‍ト,trip_1841107918
false,Booking.com,8,2026-02-10,,地點,設施畧舊,,場所,施設はやや古い。,Bonnie,bookingcom_622017_4d69ee4ada247fedb30e9495e399971a
false,Trip.com,9,2026-02-10,조식을 제공해줘서 좋았지만 아이들이 맛없다고 싫다더라구요ㅜ 객실안에 벽면에 먼지들이 눈에 띄어서 아주 청결하다는 느낌은 못받았어요,,,朝食を提供してくれてよかったですが、子供たちがおいしいと嫌いでした。,,,아‍무‍래‍도‍아‍무‍렇‍지‍않‍은,trip_1841487854
false,Google,4,2026-02-09,,,,,,,yoshihisa sakurai,google_ChIJy_hLcceRQTURnbO4mkaV_Vs_31d086530e88253f65f1461bc74cd086
false,じゃらん,5,2026-02-09,佐賀へのバスでの移動だったため、前日に博多に宿泊、博多駅目の前、バスセンターも目の前、朝早かったことも有り、大変便利でした。また、朝ごはんも、水炊き風の汁物など博多の夜を堪能出来なかったので、うれしかったです。チェックアウト後も荷物の預かりロッカーも有り重宝させて頂きました。また、出張の際には利用したいです。,,,佐賀へのバスでの移動だったため、前日に博多に宿泊、博多駅目の前、バスセンターも目の前、朝早かったことも有り、大変便利でした。また、朝ごはんも、水炊き風の汁物など博多の夜を堪能出来なかったので、うれしかったです。チェックアウト後も荷物の預かりロッカーも有り重宝させて頂きました。また、出張の際には利用したいです。,,,ｈｉｒｏさん,jalan_308449_75cb0bccdc609647c8c476adad59fdc0
false,Trip.com,10,2026-02-09,"모든 것이 좋았던 것 같아요. 위치는 너무 좋구요.  직원분들의 친절함과 문의에 해결해주려는 적극적인 노력 감동적이었고요, 조식도 맛있었고, 청결함에 안도감도 있었고요. 조금 아쉬운 건 난방이 조금만 더 따듯했으면 더욱 쾌적하고 편안한 휴식처가 되었을 것  같아요. 그래도 덕분에 즐겁고 편안한 여행을 했어요. 기회가 된다면 다음에도 이용하고 싶어요. 기대하겠습니다. 감사 합니다.",,,すべてが良かったと思います。場所はとても良いです。  スタッフの方々の親切さとお問い合わせに解決しようとする積極的な努力感動的で、朝食も美味しかったし、清潔さに安心感もありました。少し残念なのは、暖房がもう少し暖かかったら、より快適で快適な休憩所になったと思います。それでもおかげで楽しく快適な旅をしました。機会になったら、次にも利用したいです。楽しみにしています。ありがとうございます。,,,ゲ‍ス‍ト,trip_1840367276
false,じゃらん,4,2026-02-09,佐賀へのバスでの移動だったため、前日に博多に宿泊、博多駅目の前、バスセンターも目の前、朝早かったことも有り、大変便利でした。また、朝ごはんも、水炊き風の汁物など博多の夜を堪能出来なかったので、うれしかったです。チェックアウト後も荷物の預かりロッカーも有り重宝させて頂きました。また、出張の際には利用したいです。,,,佐賀へのバスでの移動だったため、前日に博多に宿泊、博多駅目の前、バスセンターも目の前、朝早かったことも有り、大変便利でした。また、朝ごはんも、水炊き風の汁物など博多の夜を堪能出来なかったので、うれしかったです。チェックアウト後も荷物の預かりロッカーも有り重宝させて頂きました。また、出張の際には利用したいです。,,,ｈｉｒｏさん,jalan_308449_b6aeed187096650cd226795308db9020
false,Booking.com,7,2026-02-09,,駅から近かったので、とても便利でした,浴室の劣化が気になりました。 シャワーカーテンからタバコのような臭いがしていた。,,駅から近かったので、とても便利でした,浴室の劣化が気になりました。 シャワーカーテンからタバコのような臭いがしていた。,Tomoko,bookingcom_622017_6006ae29d4d1789e1f6df77c051460a0
false,Booking.com,9,2026-02-09,,地理位置絕佳，在博多車站正對面。,早餐動線規畫不佳,,博多駅の真向かいという絶好のロケーションです。,朝食の流れの計画が不十分,Tzu,bookingcom_622017_00610064740410317cd99653728707e1
false,楽天トラベル,4,2026-02-09,朝ごはんの水炊きがとてもおいしかったです。立地も大変よく便利です。スタッフの方もとても感じ良くまたぜひお世話にならせて頂きたいです。,,,朝ごはんの水炊きがとてもおいしかったです。立地も大変よく便利です。スタッフの方もとても感じ良くまたぜひお世話にならせて頂きたいです。,,,2cats,rakuten_29211_c65894df80b518f9329029ff3549af7a
false,Booking.com,8,2026-02-08,,,,,,,Hyun,bookingcom_622017_38790a43a115c51fc68c8c8a38614ec7
false,Google,4,2026-02-08,,,,,,,重永まゆみ,google_ChIJy_hLcceRQTURnbO4mkaV_Vs_1909fd49b53fee58b84740655539d378
false,楽天トラベル,2,2026-02-08,立地がすべてという感じ 部屋の設備も古く、アメニティは歯ブラシのみでした コーヒーサービスと無料の朝食はよかったです,,,立地がすべてという感じ 部屋の設備も古く、アメニティは歯ブラシのみでした コーヒーサービスと無料の朝食はよかったです,,,のくりまあお,rakuten_29211_0fd96c461608d67f11b7028a8e5e4a76
false,Trip.com,9,2026-02-08,酒店位置非常方便，在博多站行2，3分鐘便到達，乘機場巴士往返機場便捷。酒店早餐亦算不錯，性價比高，下次會再次入住。,,,ホテルの立地は非常に便利で、博多駅から徒歩わずか2～3分、空港バスも利用しやすいです。朝食も美味しく、値段以上の価値があります。ぜひまた利用したいと思います。,,,ゲ‍ス‍ト,trip_1839836936
false,Trip.com,10,2026-02-08,하카타역 코앞이라서 너무 좋았어요. 호텔 자체의 연식은 오래된 듯하지만 냄새나는 것도 전혀 없었고 직원분들도 매우 친절하셨음!,,,博多駅の鼻の前なのでとてもよかったです。ホテル自体の年式は古いようですが、臭いも全くなく、スタッフの方々もとてもフレンドリーでした！,,,ゲ‍ス‍ト,trip_1839876578
false,Google,4,2026-02-08,I guess it's not shabby for a budget hotel just to stay for the night. Amenities definitely looks aged but still clean. Appreciate the good location.,,,一泊だけなら、格安ホテルとしては悪くないと思います。アメニティは確かに古びていますが、清潔感はあります。立地が良いのはありがたいです。,,,L.J.,google_ChIJy_hLcceRQTURnbO4mkaV_Vs_03ff47e339b310c405c2cd63f5e63661
false,Google,4,2026-02-08,一晩泊まるだけの格安ホテルとしては、悪くないと思います。設備は確かに古さを感じますが、それでも清潔です。 立地の良さに感謝します。,,,一晩泊まるだけの格安ホテルとしては、悪くないと思います。設備は確かに古さを感じますが、それでも清潔です。 立地の良さに感謝します。,,,L.J.,google_ChIJy_hLcceRQTURnbO4mkaV_Vs_7b8e742366252aeca0cd6517c4531980
false,Google,5,2026-02-07,古いものは正しいですが、敏感な人ではない場合、 臭いもしなかった。虫 こんなこともなかった。 毎日きれいに掃除してください。 日本では見えにくい大きな部屋（3ベッドルーム） ベッド付け可能。  何よりポジションがいじめ！おすすめのホテル！,,,古いものは正しいですが、敏感な人ではない場合、 臭いもしなかった。虫 こんなこともなかった。 毎日きれいに掃除してください。 日本では見えにくい大きな部屋（3ベッドルーム） ベッド付け可能。  何よりポジションがいじめ！おすすめのホテル！,,,이상용 (Informer),google_ChIJy_hLcceRQTURnbO4mkaV_Vs_f28652fc7731f667a1af80fa18f12fec
false,Booking.com,6,2026-02-07,,位置實在太犯規,一、房內燈是白光，有夠奇怪 二、房內燈光偏暗，只有一個小主燈 三、燈光控制設計詭異，無法在床頭關閉全室燈光 四、設備真的頗為老舊，免治馬桶竟然是旋鈕設計 五、床鋪緊貼窗那一側會有冷風灌下，滿有感的 六、房內無暖氣,,その立場はあまりにも不公平だ。,"1. 部屋の照明が白色なのがかなり奇妙です。

2. 部屋は薄暗く、小さなメインライトしかありません。

3. 照明の操作方法が奇妙で、ベッドサイドから全ての照明を消すことができません。

4. 備品がかなり古く、ビデ付きトイレにはつまみが付いています。

5. 窓側のベッドサイドから冷たい風が吹き込んできて、かなり気になります。

6. 部屋に暖房がありません。",Yan,bookingcom_622017_a58e66d47b3fa04b81f97d32bac4dbb8
false,Google,5,2026-02-07,낡은 것은 맞으나 민감한 사람아니면 티 안 남 냄새도 안 났음. 벌레 이런 것도 없었음. 매일 깨끗이 청소해줌. 일본에서 쉽게 볼 수 없는 큰 방(3베드룸) 침대 붙일 수 있음.  무엇보다 위치가 깡패! 강추하는 호텔!,,,古いものは正しいが、敏感な人でなければティーアンナムのにおいもなかった。虫 こんなこともなかった。毎日きれいに掃除してください。日本では見えにくい大きな部屋（3ベッドルーム）ベッド付き。  何より位置がいじめ！おすすめのホテル！,,,이상용 (Informer),google_ChIJy_hLcceRQTURnbO4mkaV_Vs_d3c9c43abf6c8dc8af48f6a3b096c1ec
false,じゃらん,4,2026-02-07,何よりフロントスタッフの対応がいい  チェックイン時の対応が懇切丁寧  ビジネスホテルではありえない対応の良さにすっかり感動  場所は博多駅前なため文句なしの便利さ  コンビニも1階にある  朝食は沙和は多くないもののスムージーを含む健康的な感じ  館内は古いけど清潔に保っています。  連泊時、タオル類の交換はありますが、グラス類の交換がないため、定期的に室内清掃を依頼するのも良いかも,,,何よりフロントスタッフの対応がいい  チェックイン時の対応が懇切丁寧  ビジネスホテルではありえない対応の良さにすっかり感動  場所は博多駅前なため文句なしの便利さ  コンビニも1階にある  朝食は沙和は多くないもののスムージーを含む健康的な感じ  館内は古いけど清潔に保っています。  連泊時、タオル類の交換はありますが、グラス類の交換がないため、定期的に室内清掃を依頼するのも良いかも,,,あっちゃんさん,jalan_308449_41510547731535a15530cff3da69e4bb
false,Trip.com,9,2026-02-06,위치가 하카타역 바로 앞에 있고 1층에 스타벅스에 세븐일레븐까지 너무 좋았습니다.,,,場所が博多駅の正面にあり、1階にスターバックスにセブンイレブンまでとても良かったです。,,,ゲ‍ス‍ト,trip_1837347892
false,Trip.com,10,2026-02-06,"위치 ,가격, 서비스 다 좋았고…조식이 맛있었구…. 방도 깔끔하고 생각보다 넓고..좋았어요!",,,場所、価格、サービスすべてが良かった…。朝食がおいしかった… 。部屋もすっきりと思ったより広くて..よかったです！,,,ゲ‍ス‍ト,trip_1837517026
false,Trip.com,9,2026-02-06,不錯👍很棒,,,素晴らしい！👍,,,ゲ‍ス‍ト,trip_1837964570
false,Booking.com,8,2026-02-06,,,,,,,Amornrat,bookingcom_622017_7ebf5bcc44e8c8d975c5b5b2bafc1849
false,Booking.com,8,2026-02-06,,,,,,,冠中,bookingcom_622017_69577da146af2ffdc0b66ec5241b68e3
false,じゃらん,4,2026-02-06,チェック院の際、フロントスタッフが丁寧にサポートしていただけました。  ホテルは1階にコンビニもあり便利です。  建物、部屋自体は、古いですが、メンテナンスも行き届いており、あまり気になるところはありません。  朝食は毎日少しおかずが変更になります。  朝食は少し早めの時間に利用することをお勧めします,,,チェック院の際、フロントスタッフが丁寧にサポートしていただけました。  ホテルは1階にコンビニもあり便利です。  建物、部屋自体は、古いですが、メンテナンスも行き届いており、あまり気になるところはありません。  朝食は毎日少しおかずが変更になります。  朝食は少し早めの時間に利用することをお勧めします,,,あっちゃんさん,jalan_308449_85d3c517fb132dd6208f5f5b32e50c92
false,Trip.com,10,2026-02-05,交通方便 而且早餐真的非常美味 每天一定都要吃早餐再出門,,,交通の便も良く、朝食も本当に美味しいです。外出する前には必ず朝食を食べるようにしています。,,,ゲ‍ス‍ト,trip_1836268188
false,Trip.com,9,2026-02-05,하카타역에서 진짜 가깝고 위치가 너무 좋아요. 입구 바로 옆에 편의점도 있고 지하철역도 가까워요. 방이 조금 작고 시설이 좀 오래됐지만 친절하고 깔끔했어요. 조식은 평범했지만 아침에 간단히 챙겨먹기 좋았습니다.,,,博多駅からほんとに近く、場所がとても良いです。入り口のすぐ隣にコンビニもあり、地下鉄駅も近くです。部屋は少し小さく、施設は少し古いですが、フレンドリーで清潔でした。朝食は平凡でしたが、朝に簡単に食べてよかったです。,,,ゲ‍ス‍ト,trip_1836309332
false,Google,3,2026-02-05,スタックさんの対応は丁寧で良かったが、 ホテル自体がとても古い。 それに加えて埃やサビも結構目立ちました。 ポットもあったがサビていたので使用出来なかった。 電気も片方しか付かないのでスタックさんを呼んだら 予備灯ということで通常片方しか付かないみたいで 部屋もとても暗かったです。 駅から近く、立地条件はとてもいいので 古いなりに手入れが行き届いていればまだ 良かったが、もう行かないかな。,,,スタックさんの対応は丁寧で良かったが、 ホテル自体がとても古い。 それに加えて埃やサビも結構目立ちました。 ポットもあったがサビていたので使用出来なかった。 電気も片方しか付かないのでスタックさんを呼んだら 予備灯ということで通常片方しか付かないみたいで 部屋もとても暗かったです。 駅から近く、立地条件はとてもいいので 古いなりに手入れが行き届いていればまだ 良かったが、もう行かないかな。,,,Non,google_ChIJy_hLcceRQTURnbO4mkaV_Vs_e15e6eada051d1f7f2bc2bbce7d7e8fe
false,Trip.com,10,2026-02-05,하카타역 바로 옆에 위치해서 여행하는 동안 너무 편하고 좋았어요!! 호텔도 깨끗하고 조식도 너무 맛있어서 좋았어요~,,,博多駅のすぐ隣に位置し、旅行中はとても楽で良かったです！ホテルも清潔で朝食もとても美味しかったですよ〜,,,匿‍名‍ユ‍ー‍ザ‍ー,trip_1836358964
false,Trip.com,10,2026-02-05,房間乾淨整潔，空間舒適，服務人員親切有禮，入住體驗非常好。地點方便，整體 CP 值高，下次一定會再來很好,,,部屋は清潔で整頓されていて、広さも快適でした。スタッフの方々も親切で丁寧で、とても快適な滞在となりました。立地も便利で、全体的にコストパフォーマンスに優れています。次回も必ず利用したいと思います。,,,小‍明‍ ‍甘,trip_1836446800
false,Trip.com,9,2026-02-04,女性なのでクレンジングや化粧水が有れば良かったと思う。 ウェルカムドリンクやコーヒーマシーンなどが利用出来駅近くでとても便利だった。 部屋着は大きいサイズの用意がないと男性だと小さいと思った。,,,女性なのでクレンジングや化粧水が有れば良かったと思う。 ウェルカムドリンクやコーヒーマシーンなどが利用出来駅近くでとても便利だった。 部屋着は大きいサイズの用意がないと男性だと小さいと思った。,,,ゲ‍ス‍ト,trip_1835357684
false,Trip.com,10,2026-02-04,Excellent location in direct proximity to Hakata JR Station and the main shopping areas around. Lots of eateries in highly competitive price. Hotel is well staffed with friendly smiling faces at reception and in the hotel. Breakfast is included and is more than sufficient for a normal stay. Very value added choice.,,,博多駅や周辺の主要ショッピングエリアに直結する絶好のロケーション。リーズナブルな価格の飲食店も多数あります。フロントや館内スタッフは皆フレンドリーで笑顔が素敵です。朝食付きで、通常の滞在には十分すぎるほどです。非常にコストパフォーマンスの高いホテルです。,,,ゲ‍ス‍ト,trip_1835483014
false,Trip.com,9,2026-02-04,"위치 정말 좋구요, 직원분들 서비스 매우매우 친절하고, 시설 나쁘지 않은데 청결이 다소 부족해요 이것만 좀 개선되면 최고의 가성비 호텔이 될 것으로 사료됩니다. 그래도 다음에 근방에 여행온다면 다시 여기 갈 것입니다. 고맙습니다.",,,場所は本当に良いです、スタッフのサービスは非常に非常にフレンドリーで、設備が悪くないが、清潔さがやや不足しています。それでも次回の近くに旅行に来たらまたここに行きます。ありがとうございます。,,,ゲ‍ス‍ト,trip_1835954350
false,Booking.com,9,2026-02-04,,,,,,,Permkun,bookingcom_622017_af0487678e703cb482403cefe6213c9f
false,Booking.com,6,2026-02-04,,駅前　コ~ヒがのめるし　スムージー😋🍴💕です,シャワーが水圧がよわかった,,駅前　コ~ヒがのめるし　スムージー😋🍴💕です,シャワーが水圧がよわかった,Kaori,bookingcom_622017_82df8f8bb0f576f9f49ac4b47ac2e939
false,Trip.com,6,2026-02-04,하카타역 앞에 위치하여 여행하기 좋았으나 바닥에 머리카락이 제대로 청소되지 않았고 침구는 오염물이 그대로 묻어 있어 불쾌했음,,,博多駅前に位置して旅行が良かったが床に髪がきれいに清掃されず、寝具は汚染物がそのまま埋まっていて不快だった,,,ゲ‍ス‍ト,trip_1835968892
false,Trip.com,5,2026-02-03,房間太小這收費太貴，延長線使用很多電器，感覺很危險,,,部屋が狭すぎるし、値段も高すぎる。延長コードにはたくさんの電化製品が繋がっていて、危険に感じる。,,,ゲ‍ス‍ト,trip_1834267800
false,Booking.com,9,2026-02-03,,,,,,,Ayako,bookingcom_622017_402b8304dfe98d144aa7119b58431d03
false,Booking.com,7,2026-02-02,,駅近,部屋の中が暗め、夜中に大声で騒いでる人が居て迷惑だった,,駅近,部屋の中が暗め、夜中に大声で騒いでる人が居て迷惑だった,Masumi,bookingcom_622017_b526780d8be25504ef578caac3167e72
false,Trip.com,9,2026-02-02,위치가 아주 좋아요 지하에 스벅이랑 이치란라멘도 있음,,,場所がとても良いです地下にスバックとイチランラーメンもあります,,,ゲ‍ス‍ト,trip_1833892746
false,Booking.com,8,2026-02-02,,スタッフはたくさんいて、皆やさしいです。丁寧で、よかったです。,施設はそれほど新しくはないです。でもきれいに清掃されています。,,スタッフはたくさんいて、皆やさしいです。丁寧で、よかったです。,施設はそれほど新しくはないです。でもきれいに清掃されています。,Akiko,bookingcom_622017_358483c58946d0190e21b0aa4a0f9e14
false,Booking.com,7,2026-02-02,,博多駅近くで便利だった 朝食が美味しかった,ベッド付近にコンセントがなかった,,博多駅近くで便利だった 朝食が美味しかった,ベッド付近にコンセントがなかった,Ayana,bookingcom_622017_413547d28aa298a47568468157cb5bc2
false,Booking.com,8,2026-02-02,,博多駅が目の前で立地が良い。,連泊しました。 朝ごはんが無料なのが良かったですが、外国人観光客が多くて騒がしく、私の席に勝手に座られたりして嫌なこともあったので２日目の朝食は近くのスタバに行きました。 案内するスタッフの方も全員外国人なのでなかなか配慮が行き届かない感じはしました。気配りとか、、 でも、リーズナブルなお値段でこの立地なので、それだけでも価値はあると思います。,,博多駅が目の前で立地が良い。,連泊しました。 朝ごはんが無料なのが良かったですが、外国人観光客が多くて騒がしく、私の席に勝手に座られたりして嫌なこともあったので２日目の朝食は近くのスタバに行きました。 案内するスタッフの方も全員外国人なのでなかなか配慮が行き届かない感じはしました。気配りとか、、 でも、リーズナブルなお値段でこの立地なので、それだけでも価値はあると思います。,Mochihara,bookingcom_622017_7fffdbf61ab361ddb23a3ecef705e1a9
false,Booking.com,7,2026-02-01,,,,,,,Yuji,bookingcom_622017_63dc22cbdf04e6ad48092fceac702aa9
false,Trip.com,9,2026-02-01,地下鉄の駅からとても近く、便利でした。 朝食会場でもあるカフェでチェックインの時間まで過ごせたり、充電もできて便利でした。 夜中にドアをドンドン叩いてる人がいたり、廊下で大きな声で話す外国人がいて少し気になりました。(ホテル側は悪くないです) 建物は古いですが、スタッフの方皆さん親切で過ごしやすかったです。 古さが気にならない人にはオススメです。,,,地下鉄の駅からとても近く、便利でした。 朝食会場でもあるカフェでチェックインの時間まで過ごせたり、充電もできて便利でした。 夜中にドアをドンドン叩いてる人がいたり、廊下で大きな声で話す外国人がいて少し気になりました。(ホテル側は悪くないです) 建物は古いですが、スタッフの方皆さん親切で過ごしやすかったです。 古さが気にならない人にはオススメです。,,,ゲ‍ス‍ト,trip_1832162712
false,Trip.com,9,2026-02-01,위치나 시설 조식 최고예요,,,場所や施設の朝食は最高です。,,,ゲ‍ス‍ト,trip_1832707698
false,Booking.com,10,2026-02-01,,場所は博多駅博多口前、荷物も預かって頂けるので助かります。,,,場所は博多駅博多口前、荷物も預かって頂けるので助かります。,,Yasuaki,bookingcom_622017_584f3cd81e248a13648bf8afaf39e8c8
false,Booking.com,7,2026-02-01,,飯店附有免費早餐.種類精巧細緻.有現打的果菜汁.地理位置也非常好.可以通過地下街出口出來直達飯店門口.只是缺點是只有樓梯.如果有扛行李還是建議走一樓平面道路到飯店.,3人房的房間室內雖然偏大可以把29吋行李箱攤開3個也不成問題.但是室內的設備與浴室設備偏老舊.走廊廊廳也偏於老舊.,,このホテルでは、厳選された上質な食材を使った無料の朝食を提供しており、搾りたてのフルーツジュースや野菜ジュースも楽しめます。立地も抜群で、地下ショッピングモールからホテルの入り口へ直接アクセスできます。唯一の難点は階段しかないことです。荷物が多い場合は、地上階の通路を通ってホテルまで歩くことをお勧めします。,トリプルルームは、29インチのスーツケース3個をゆったりと並べられるほど広々としている。しかし、部屋とバスルームの設備は古く、廊下やロビーも同様だ。,Ching,bookingcom_622017_02d14e24b9342d31d91e986fa5d9529d
false,Google,2,2026-02-01,古いホテル ベッドがハンモックのように真ん中にぶら下がっている 暖房が悪くて寒かった 朝食はとても,,,古いホテル ベッドがハンモックのように真ん中にぶら下がっている 暖房が悪くて寒かった 朝食はとても,,,W잔혹한천사,google_ChIJy_hLcceRQTURnbO4mkaV_Vs_f4e56a99e51c204c0ef3199aa85bbf1f
false,Booking.com,6,2026-02-01,,위치가 좋았어요 하카타역 바로 앞이고 공항에서도 멀지않아서 좋았어요 그리고 직원분들이 친절했어요!,체크인 할 때 예약확인이 되지않아서 30분 정도 로비에서 기달렸어요. 누락인지 뭔지는 모르겠네요. 객실 2개중 하나는 조식포함으로 예약했었는데 아무나 무료입장 가능했어요. 그리고 이불은 두꺼워서 땀나는데 공기는 너무 차가워서 마스크 쓰고 잤어요. 창문쪽 침대는 정말 추웠어요. 객실에 작은 테이블 하나 있으면 좋을것같아요.,,場所が良かったです博多駅のすぐ前で、空港からも遠くなくてよかったですし、スタッフの方々が親切でした！,チェックイン時に予約確認ができず、30分ほどロビーでお待ちしました。欠けているか何かはわかりませんね。客室2室のうちの1つは朝食付きで予約しましたが、誰でも無料で入場できました。そして布団は厚くて汗をかくのに空気は冷たすぎてマスクを使って寝ました。窓側のベッドは本当に寒かったです。お部屋に小さなテーブルが1つあればいいと思います。,Hyejin,bookingcom_622017_4d53f0bbf72714eab31e00ceefddf5c6
false,Google,2,2026-02-01,오래된 호텔 침대가 해먹처럼 중간부분 축 쳐짐 난방 잘 안되어서 추웠음 조식은 그럭저럭,,,古いホテルのベッドがハンモックのように中程度のお祝いの暖房うまくいかなかったので寒かった朝食,,,W잔혹한천사,google_ChIJy_hLcceRQTURnbO4mkaV_Vs_82a5194324b525c620ac62c5c3298f5b
false,Booking.com,7,2026-03-31,,早餐普通，地點極佳。,房間隔音效果較差，隔壁房間吵死了。,,朝食は普通だったが、立地は最高だった。,部屋の防音性が低く、隣の部屋がものすごくうるさい。,簡,bookingcom_622017_17e498df3a3bc6ac91c166ac71edce0b
false,Trip.com,9,2026-03-31,位置很好，房間很舊，早餐有啲難食,,,立地は最高だが、部屋は古く、朝食は少し残念だった。,,,C‍l‍a‍r‍a‍1‍2,trip_1894148738
false,Booking.com,6,2026-03-31,,,,,,,Kenji,bookingcom_622017_41c5f02f8439b36ea5d0d37c7b4a2c4c
false,Booking.com,5,2026-03-31,,朝食のスタッフの方が案内などの対応がてきぱきされており良かった,バスルームが古く、清潔感が低い　カビもみられる,,朝食のスタッフの方が案内などの対応がてきぱきされており良かった,バスルームが古く、清潔感が低い　カビもみられる,Sachiyo,bookingcom_622017_e3506297acf7f7980186f5bec56801ca
false,Google,2,2026-03-31,立地は超がつくほど良好。駅近かつバスターミナルの目の前でここを拠点に周辺を巡れる。スタッフさんの対応も良かった。 だけど……フロントから廊下、部屋が全体的に薄暗くてあまり気分が良くない。節電と思えばいいのかもしれないけど、一昔前の照明を使ってる？ようなどんよりした明かりです。 それから設備の古さが目につく。壁紙が剥がれていたり、エアコンの吐き出し口がズレていたり、水まわりも年季が入っています。 単に年季が入っているだけならいいのですが……。水まわりが、正直汚い……。清掃、手入れの甘さを感じさせました。 一押しらしいフロントのカフェスペースも上に書いたように照明が暗くて洗練されてない印象。本のラインナップもあまりぱっとしない。 朝食に力が入ってるのはいいのですが宿泊施設としては立地の良さを差し引いてもおすすめできません。,,,立地は超がつくほど良好。駅近かつバスターミナルの目の前でここを拠点に周辺を巡れる。スタッフさんの対応も良かった。 だけど……フロントから廊下、部屋が全体的に薄暗くてあまり気分が良くない。節電と思えばいいのかもしれないけど、一昔前の照明を使ってる？ようなどんよりした明かりです。 それから設備の古さが目につく。壁紙が剥がれていたり、エアコンの吐き出し口がズレていたり、水まわりも年季が入っています。 単に年季が入っているだけならいいのですが……。水まわりが、正直汚い……。清掃、手入れの甘さを感じさせました。 一押しらしいフロントのカフェスペースも上に書いたように照明が暗くて洗練されてない印象。本のラインナップもあまりぱっとしない。 朝食に力が入ってるのはいいのですが宿泊施設としては立地の良さを差し引いてもおすすめできません。,,,remory “Remory”,google_ChIJy_hLcceRQTURnbO4mkaV_Vs_d51e0c9e873e5093a53488fefeb15242
false,Google,1,2026-03-31,部屋は信じられないほど不快でした。間取り、照明、環境、デザインすべてが最悪でした。暗すぎて落ち着かず、コンセントは今にも火事になりそうなほどで、隅々まで汚れていて、防音もひどく、外の音が全て聞こえました。まるで幽霊屋敷に泊まっているようでした。  こんなに低い評価になったのには理由があります。立地以外にも宿泊施設に特別な条件があるなら、ここを選ぶ前に絶対に考え直すべきです。,,,部屋は信じられないほど不快でした。間取り、照明、環境、デザインすべてが最悪でした。暗すぎて落ち着かず、コンセントは今にも火事になりそうなほどで、隅々まで汚れていて、防音もひどく、外の音が全て聞こえました。まるで幽霊屋敷に泊まっているようでした。  こんなに低い評価になったのには理由があります。立地以外にも宿泊施設に特別な条件があるなら、ここを選ぶ前に絶対に考え直すべきです。,,,俞博元,google_ChIJy_hLcceRQTURnbO4mkaV_Vs_fd33b8c184eae8f6ac9b8fcb4f28d0f2
false,Trip.com,10,2026-03-31,地點不錯 離地鐵JR 新幹線都很近 附近有多家百貨公司 商場 自助check in  很方便 價錢適中 房間乾淨 可以考慮下次還來住,,,立地は最高で、地下鉄、JR線、新幹線にとても近いです。近くにはデパートやショッピングモールもいくつかあります。セルフチェックインはとても便利です。料金も手頃で、部屋も清潔です。次回もまたここに泊まりたいと思います。,,,無‍聊‍住‍飯‍店,trip_1894384416
false,Trip.com,5,2026-03-31,在燈光之下牆身見到有塵埃。床褥和枕頭極不舒適，沒有樽裝飲用水提供。花灑水力不足。梳妝凳有污跡。梳妝台沒有鏡子，鏡子在側面的牆上，坐下時鏡子高低不對稱。,,,照明を当てると壁に埃が目立った。マットレスと枕は非常に寝心地が悪く、ボトル入りの飲料水も用意されていなかった。シャワーヘッドの水圧は弱かった。化粧台の椅子にはシミがついていた。化粧台には鏡がなく、鏡は側壁に取り付けられていたが、座ると左右非対称に見えた。,,,ゲ‍ス‍ト,trip_1894405502
false,Google,1,2026-03-31,Comfortable住起來根本uncomfortable 房間的佈局、燈光、環境、設計爛的要命。房間暗到很不舒服，電線插座感覺隨時要火災，角落灰塵也不擦乾淨，然後隔音又差，外面的聲音聽得一清二楚，跟住在鬼屋沒什麼差別。 評價那麼低不是沒原因，強烈建議除了地點以外如果對於住宿有要求請一定慎選。,,,部屋は信じられないほど不快でした。間取り、照明、環境、デザインすべてが最悪でした。暗すぎて落ち着かず、コンセントは今にも火事になりそうで、隅々まで汚れていて、防音もひどく、外の音が全て聞こえました。まるで幽霊屋敷に泊まっているようでした。低評価の理由は明白です。立地以外にも宿泊施設に特別な条件があるなら、この場所は絶対に慎重に選ぶべきです。,,,俞博元,google_ChIJy_hLcceRQTURnbO4mkaV_Vs_b6c4962aa9d8fd5db4f2910cf5010b1a
false,Trip.com,9,2026-03-30,酒店對面就係搏多車站，留下就係博多地下街，位置一流去哪都放便。早餐款式很少不多味道可以。每天都有更換床單。下次來福岡也會入住。,,,ホテルの向かいには博多地下街を後にするべど駅があります。立地は抜群で、どこへ行くにも便利です。朝食の種類は少ないですが、どれも美味しいです。シーツは毎日交換されます。次回福岡に来る際も、また利用したいと思います。,,,m‍o‍n‍i‍c‍a‍0‍3‍2‍7,trip_1891752574
false,Trip.com,8,2026-03-30,역시 나 사전 정보처럼 호텔이 위치가 갑입니다. 웬만한 것은 전부 호텔 주변에서 해결이 가능할 정도로 번화하고 주변이 복잡하긴 하지만 이틀 정도 되니 길이 어느 정도 파악되어 익숙해지네요. 호텔도 위치가 갑이지만 후쿠오카 도심이 공항에서 놀라울 정도로 가깝습니다. 전체적으로 올드한 시설이긴 하지만 딱히 불편함은 없었습니다.,,,やはり事前情報のようにホテルが位置が甲です。どういうわけか全部ホテル周辺で解決が可能なほど繁栄して周辺が複雑になりますが、二日程度になるので、道がある程度把握され慣れますね。ホテルも位置が甲ですが、福岡市中心部が空港から驚くほど近いです。全体的にオールドな施設ですが、特に不便はありませんでした。,,,백‍투‍더‍칭‍따‍오,trip_1891841730
false,Trip.com,10,2026-03-30,ทำเลที่ตั้งดีมาก. ห้องกว้าง อาหารเข้าอร่อย,,,立地は最高です。部屋は広々としていて、朝食も美味しいです。,,,P‍a‍t‍c‍h‍a‍r‍a‍ ‍L‍a‍r‍p‍l‍u‍e‍c‍h‍a‍i,trip_1892063474
false,Trip.com,10,2026-03-30,何と言ってもロケーションが良く、博多駅から徒歩5分で、隣にはコンビニや食事する場所が沢山あり便利でした。従業員の対応も良く、チェックイン機械の操作も一緒にやってくれます。古い感じのホテルですが、部屋も綺麗で清潔感があり、お風呂もこの価格のホテルにしては満足でした。シャワーも温度調節出来ます。これはかなり大切な事です。ただ、宿泊客が多いので、朝食の時は時間を考えて行った方が良いです。混雑時間帯が表示されているので、確認した方が良いです,,,何と言ってもロケーションが良く、博多駅から徒歩5分で、隣にはコンビニや食事する場所が沢山あり便利でした。従業員の対応も良く、チェックイン機械の操作も一緒にやってくれます。古い感じのホテルですが、部屋も綺麗で清潔感があり、お風呂もこの価格のホテルにしては満足でした。シャワーも温度調節出来ます。これはかなり大切な事です。ただ、宿泊客が多いので、朝食の時は時間を考えて行った方が良いです。混雑時間帯が表示されているので、確認した方が良いです,,,ラ‍ミ‍ー,trip_1892309022
false,Booking.com,8,2026-03-30,,"早餐很普通,品項不多, 但都好吃,房間有點舊,但打掃方面是乾淨的,14樓有提供付費洗衣服跟烘衣服,很方便有續住的人","冰箱內角落有些髒汙,",,朝食は種類は限られていたものの、どれも美味しかった。部屋は少し古かったが、清掃は行き届いていた。14階には有料のランドリーと乾燥機があり、滞在を延長する人にとっては非常に便利だった。,冷蔵庫の隅に少し汚れが付着していた。,卯卯,bookingcom_622017_e9e0625a11d7075222d64db213315abf
false,じゃらん,4,2026-03-30,博多駅前の好立地なのにそこまで高くないホテル。  しかも朝食無料です。  意外と旅行では朝食を外食することは難しく、かなり助かります。  また機会があれば利用したいです。,,,博多駅前の好立地なのにそこまで高くないホテル。  しかも朝食無料です。  意外と旅行では朝食を外食することは難しく、かなり助かります。  また機会があれば利用したいです。,,,naoさん,jalan_308449_cc6f5ad3c70f38148978a954a2ae4954
false,Trip.com,10,2026-03-29,Excellent location and very accessible. The family room is huge and spacious. Basic amenities with comfortable bed n pillows.,,,立地が素晴らしく、アクセスも抜群です。ファミリールームは広々としていて快適です。基本的なアメニティに加え、ベッドと枕も快適です。,,,i‍l‍o‍o‍6‍6,trip_1890711862
false,Trip.com,10,2026-03-29,시설은 좀 오래되었지만 청결하고 청소상태도 좋았습니다.. 1층까페를 늦게까지 이용해서 간단히 간식이나 맥주정도 사다가 먹기에도 좋았네요 머니머니해도 위치가 깡패였네요 바로지하철역이고 패미리마트트 편의점도 20초컷입니다... 재방문의사 있습니다,,,施設はちょっと古いですが清潔で清掃状態も良かったです。,,,성‍오‍기,trip_1891443244
false,Trip.com,10,2026-03-29,Great hotel with perfect location. Right across the hotel is a shopping mall and metro /train station,,,立地が最高の素晴らしいホテルです。ホテルのすぐ向かいにはショッピングモールと地下鉄・鉄道駅があります。,,,A‍m‍e‍s‍e‍e,trip_1891453129
false,Booking.com,5,2026-03-29,,,,,,,Chiaki,bookingcom_622017_70dab521cd55920afe649273fb6055e4
false,Trip.com,10,2026-03-29,"Affordable, good space for the price, good location and breakfast. Friendly staff. Only small issue sometimes bathroom smells. Not sure where it is coming from. Smells like sewage but only sometimes.",,,手頃な価格で、料金に見合った広さがあり、立地も良く、朝食も付いています。スタッフも親切です。唯一の小さな問題は、時々トイレが臭うことです。どこから臭いがするのかは分かりません。下水のような臭いがしますが、時々だけです。,,,ゲ‍ス‍ト,trip_1891575676
false,Booking.com,7,2026-03-28,,親切で丁寧な対応だった,特になし,,親切で丁寧な対応だった,特になし,Kenichi,bookingcom_622017_03c32458c91159353416d62e5260859b
false,Booking.com,6,2026-03-28,,,,,,,Kanta,bookingcom_622017_890907a5a5e6f53b90b49879833499b1
false,Booking.com,10,2026-03-26,,Convenient and Central,,,便利で中心部に位置する,,Robby,bookingcom_622017_064a135de545bc12f7496414f8c66b74
false,Trip.com,9,2026-03-26,Good location and near to train station  Good breakfast provided.,,,立地が良く、駅にも近い。美味しい朝食も提供される。,,,C‍h‍r‍i‍s‍t‍i‍n‍e‍ ‍K‍K‍ ‍T‍a‍n,trip_1887787224
false,Trip.com,10,2026-03-26,하카타역 뷰로 부탁드렸는데 부탁한대로 하카타역 앞으로 배정해주셨어요! 뷰가 너무 예뻤습니다~ 역 앞인데도 조용했고 방음도 잘됐어요! 그리고 방이 넓어서 좋았어요😆 숙소도 청결했습니다~ 호텔 직원분들도 엄청 친절하셨어요! 첫해외여행이었는데 직원분들이 친절히 대해주셔서 덕분에 행복한 여행이 될 수 있었어요! 후쿠오카 올때마다 이용하고 싶어요~,,,博多駅ビューでお願いしましたが、お願いしたとおり博多駅前に配っていただきました！ビューがとても綺麗でした〜駅前なのに静かで防音も良かったです！そして部屋が広くてよかったです😆宿も清潔でした〜ホテルスタッフの方もとてもフレンドリーでした！初めての海外旅行でしたが、スタッフの方々が親切にしていただきありがとうございます。福岡に来るたびに利用したいです〜,,,ゲ‍ス‍ト,trip_1888017538
false,Trip.com,9,2026-03-25,"버스, 지하철, 기차 접근성이 뛰어나 위치는 정말 좋아요.  비 한방울 안맞고 국제선공항까지 갈 정도입니다.  특히 무료 조식 덕분에 아침부터 움직이기 좋습니다.",,,バス、地下鉄、電車のアクセシビリティに優れ、場所は本当に良いです。  雨の一滴も合わず国際線空港まで行くほどです。  特に無料の朝食のおかげで、朝から移動するのに最適です。,,,ゲ‍ス‍ト,trip_1886845764
false,Trip.com,10,2026-03-24,"Great Value and Prime Location Near Hakata Station  I’m glad I trusted my instincts on this one. Despite the lower rating, my experience mirrored the pleasant stay I had with this chain in Nagoya. While the property is older than its Nagoya counterpart, it is well-maintained and spotlessly clean. It offers excellent value for the price.  Pros: Free Wifi and fast internet connection (no password needed).  Efficiency:  Fast, seamless check-in and convenient luggage storage.  Room Quality:  11F Room 1128 Clean room with impressive soundproofing and reliable heaters for both the shower and bidet. With Mini Fridge, Hair Dryer and Slippers (you can take home).  Amenities:  The Library Cafe (free water, coffee, and tea until midnight) is a great touch. Ample, delicious breakfast included. (6:30am - 9:30am)  Convenience:  Self-service laundry (14F), vending machines on every floor, and essentials (bathrobes/toiletries) available in the lobby.  Location:  Perfect base—30 mins from Fukuoka Airport, steps away from Hakata Station, Subway, the Bus Terminal, beside 7-Eleven, and Starbucks.  Surrounded by malls, restaurants and transits.   Staff:  Kind and Accommodating  Cons: Early Check-out: 10:00 AM is a bit earlier than average.  TV has no Netflix and Youtube. The limited movie available on it comes with a fee.",,,博多駅近くの最高のロケーションとお得な価格 直感を信じてよかったです。評価は低いですが、名古屋にあるこのチェーンのホテルでの快適な滞在と同じような体験でした。名古屋のホテルより古いですが、手入れが行き届いていて、清潔です。価格に見合った優れた価値を提供しています。 メリット: 無料Wi-Fiと高速インターネット接続（パスワード不要）。 効率性: 迅速でスムーズなチェックインと便利な荷物預かり。 客室品質: 11階 1128号室 清潔な客室で、防音性が高く、シャワーとビデの両方に信頼できるヒーターが付いています。ミニ冷蔵庫、ヘアドライヤー、スリッパ付き（お持ち帰りいただけます）。 アメニティ: ライブラリーカフェ（深夜0時まで無料の水、コーヒー、紅茶）は素晴らしいです。ボリュームたっぷりのおいしい朝食が含まれています。（午前6時30分～午前9時30分） 利便性: セルフサービスのランドリー（14階）、各階に自動販売機、ロビーには必需品（バスローブ/洗面用具）が用意されています。立地：福岡空港から30分、博多駅、地下鉄、バスターミナルからすぐ、セブンイレブンとスターバックスの隣という最高の拠点。ショッピングモール、レストラン、交通機関に囲まれています。スタッフ：親切で対応が良い。短所：早めのチェックアウト：午前10時が平均より少し早い。テレビにはNetflixとYouTubeがありません。視聴できる映画は限られており、有料です。,,,a‍n‍t‍h‍o‍n‍y‍ ‍p‍a‍n‍i‍z‍a‍l‍e‍s,trip_1885524210
false,Google,5,2026-03-24,"작년 크리스마스쯤 숙박했는데, 하카타역에서 도보5분 정도로 엄청 가깝고 바로 옆에 스타벅스도 있어요. 조식 무료 제공이고 룸 컨디션 괜찮았고 도로변에 있어서 밤에 차소리 등 약간의 소음이 있긴 했지만 창밖으로 하카타역 광장이 내다 보여서 더 좋았어요. 무엇보다도 직원분들이 진짜 너무너무 친절해서 숙박 하는 동안 기분이 참 좋았습니다. 다음 후쿠오카 갈 계획 있으면 이곳에서 머물고 싶어요.  참고로 사진은 조식 먹는 공간입니다!",,,昨年クリスマスごろ宿泊しましたが、博多駅から徒歩5分ほどでとても近く、すぐ隣にスターバックスもあります。朝食無料提供でルームコンディション大丈夫だったし、道路の辺りで夜に車音など若干の騒音があったのですが窓からは博多駅広場が見えて良かったです。何よりもスタッフの方が本当にとてもフレンドリーで宿泊している間、気持ちがとても良かったです。次の福岡行く予定があればここに泊まりたいです。  ちなみに写真は朝食を食べる空間です！,,,JINA,google_ChIJy_hLcceRQTURnbO4mkaV_Vs_9989c17bc1ab0db88ad08779c2d98577
false,Booking.com,8,2026-03-23,,朝食がとてもおいしかった。 駅に近くて、ホテルの隣の建物からエレベーターで降りると一蘭にことができ便利だった。,予約サイトに載っていた部屋の広さと実際の広さは差があった。 18平米なので仕方ないが本当に狭かった。,,朝食がとてもおいしかった。 駅に近くて、ホテルの隣の建物からエレベーターで降りると一蘭にことができ便利だった。,予約サイトに載っていた部屋の広さと実際の広さは差があった。 18平米なので仕方ないが本当に狭かった。,Bompei,bookingcom_622017_b909bc65f9e1e80d959b42c1cc4feb82
false,楽天トラベル,3,2026-03-23,博多駅からのアクセスがよく、キャリーを引いていたので助かりました。 また机が広く、デスクライトもあり作業がしやすかったです。 ただ気になった点としては2つあります。 1点目は備え付きの歯ブラシを梱包している袋がベタベタでした。外袋なので捨てるとはいえ、不快でした…。 2点目はユニットバスのシャワーの水圧が弱いです。他の都道府県の店舗も弱かったので一律なのかもしれませんが、女性だとロングヘアだと髪を洗うのに時間がかかります。,,,博多駅からのアクセスがよく、キャリーを引いていたので助かりました。 また机が広く、デスクライトもあり作業がしやすかったです。 ただ気になった点としては2つあります。 1点目は備え付きの歯ブラシを梱包している袋がベタベタでした。外袋なので捨てるとはいえ、不快でした…。 2点目はユニットバスのシャワーの水圧が弱いです。他の都道府県の店舗も弱かったので一律なのかもしれませんが、女性だとロングヘアだと髪を洗うのに時間がかかります。,,,mtantan8,rakuten_29211_6a29e488f8673b1f58741085c2bd1db7
false,楽天トラベル,3,2026-03-23,博多駅からのアクセスがよく、キャリーを引いていたので助かりました。 また机が広く、デスクライトもあり作業がしやすかったです。 ただ気になった点としては2つあります。 1点目は備え付きの歯ブラシを梱包している袋がベタベタでした。外袋なので捨てるとはいえ、不快でした…。 2点目はユニットバスのシャワーの水圧が弱いです。他の都道府県の店舗も弱かったので一律なのかもしれませんが、女性だとロングヘアだと髪を洗うのに時間がかかります。,,,博多駅からのアクセスがよく、キャリーを引いていたので助かりました。 また机が広く、デスクライトもあり作業がしやすかったです。 ただ気になった点としては2つあります。 1点目は備え付きの歯ブラシを梱包している袋がベタベタでした。外袋なので捨てるとはいえ、不快でした…。 2点目はユニットバスのシャワーの水圧が弱いです。他の都道府県の店舗も弱かったので一律なのかもしれませんが、女性だとロングヘアだと髪を洗うのに時間がかかります。,,,不明,rakuten_29211_7e13a18241d55dd233a07d030b9408fa
false,Trip.com,4,2026-03-22,너무 낡고 조식이 맛엊ㅅ음,,,あまりにも古いと朝食がおいしいです。,,,ゲ‍ス‍ト,trip_1883351936
false,じゃらん,4,2026-03-22,出張のため2泊しました。  博多駅のすぐ目の前でとても便利でした。  博多は全体的にホテルが高いので、3連休にこのお値段と立地なら十分納得です。  無料の朝食も美味しく、出張の際にはまた利用させていただきたいホテルでした。,,,出張のため2泊しました。  博多駅のすぐ目の前でとても便利でした。  博多は全体的にホテルが高いので、3連休にこのお値段と立地なら十分納得です。  無料の朝食も美味しく、出張の際にはまた利用させていただきたいホテルでした。,,,ひろちゃんさん,jalan_308449_9b40d4bd646a9e0fedfb898ba21f1574
false,Trip.com,10,2026-03-21,직원분들이 항상 대기중이고 문제가 생기거나 캐리어를 맡길때 늘 웃으며 잘 해결해줍니다.  청결도는 충분히 깨끗하다고 생각,,,従業員がいつも待機中で問題が発生したり、キャリアを任せるときはいつも笑ってうまく解決してくれます。  清潔さは十分にきれいだと思います,,,ゲ‍ス‍ト,trip_1882234268
false,Booking.com,8,2026-03-21,,가까움,조식,,近い,朝食,Kyung,bookingcom_622017_a904eef8588d29a10398aa19e3c12886
false,Trip.com,7,2026-03-21,일본은 다 좁긴하지만 캐리어 펼치면앉을곳없음 그리고 이불을 마지막날아침에확인한건데 너무 얼룩져있고 놀랐습니다.그래서 청결부분에서 좀안좋았던거같아요 서비스는좋앗습니다,,,日本は狭いですが、キャリアを広げると座る場所がなく、布団を最後の日の朝に確認しましたが、汚れていて驚きました。,,,ゲ‍ス‍ト,trip_1882618854
false,Google,2,2026-03-21,,,,,,,野口信二,google_ChIJy_hLcceRQTURnbO4mkaV_Vs_1ff46c2b7434c0d5b674bf8c9ebfdfa6
false,楽天トラベル,4,2026-03-21,フロント対応はしっかり、丁寧。ベテランと若手がいて頼もしかった。ウェルカムドリンクのレモン水おいしい。部屋はちょっと暗くて、パソコンの作業はする気になれず。設備は古いが清潔であった。朝食が美味しかったです。 ,,,フロント対応はしっかり、丁寧。ベテランと若手がいて頼もしかった。ウェルカムドリンクのレモン水おいしい。部屋はちょっと暗くて、パソコンの作業はする気になれず。設備は古いが清潔であった。朝食が美味しかったです。 ,,,キャンプ555,rakuten_29211_5c016e96f78fe7bb6ca562e30081b85a
false,Trip.com,10,2026-03-20,值得再次造訪！,,,また訪れる価値がある！,,,ゲ‍ス‍ト,trip_1881241412
false,Booking.com,8,2026-03-20,,아침식사,없음,,朝食,なし,Sunjung,bookingcom_622017_085266088b68dd02c1c5556d6d63815c
false,Booking.com,8,2026-03-20,,,,,,,Jisook,bookingcom_622017_03d147bd159cf7b93091bc9bf8cdad11
false,Google,3,2026-03-20,,,,,,,中村智司,google_ChIJy_hLcceRQTURnbO4mkaV_Vs_733910a68f485c176dcaa46aac98f6ff
false,Booking.com,9,2026-03-20,,,,,,,廣山,bookingcom_622017_d809a038f6f4a65c90a9d0f6a42cd452
false,楽天トラベル,3,2026-03-20,古い建物だったが部屋には空気清浄機もおいてありベッドの寝心地も良かったです。天井のシミや壁紙が一部剥がれていたりライトの埃が気になった。スタッフの対応は親切でした。駅に近く子連れだったので、とても便利でした。ありがとうございました。,,,古い建物だったが部屋には空気清浄機もおいてありベッドの寝心地も良かったです。天井のシミや壁紙が一部剥がれていたりライトの埃が気になった。スタッフの対応は親切でした。駅に近く子連れだったので、とても便利でした。ありがとうございました。,,,ひろママ１１２２,rakuten_29211_7f45d89a217379e7b17a3fe07d40a5d7
false,Booking.com,8,2026-03-19,,"Bien qu'en face de la gare, très bonne insonorisation de la chambre. Situation plein centre ville et proche train, métro,bus",,,駅の向かいという立地にもかかわらず、部屋は非常に防音性が高く快適でした。市内中心部に位置し、電車、地下鉄、バスの駅にも近いです。,,Isabelle,bookingcom_622017_b1698fed45ff94c817be09260cf70f1c
false,Booking.com,7,2026-03-19,,博多駅前の立地が最高で、とても便利です。,部屋の中、特にユニットバスが古い造りで、洗面所の蛇口が2口式なのが残念ですが、それ以外は快適でした。,,博多駅前の立地が最高で、とても便利です。,部屋の中、特にユニットバスが古い造りで、洗面所の蛇口が2口式なのが残念ですが、それ以外は快適でした。,Yasunori,bookingcom_622017_ff828b853343285c476381abd0f6f055
false,Trip.com,8,2026-03-19,早餐每天都差不多 房間有點暗，燈不夠光。,,,朝食はほぼ毎日同じです。部屋は少し暗く、照明が十分ではありません。,,,ゲ‍ス‍ト,trip_1880462564
false,Booking.com,7,2026-03-19,,,,,,,Yenyu,bookingcom_622017_00fd09e8c483f3ef3baae9f72bd1dcad
false,Google,1,2026-03-19,不慣れな年寄りだけで宿泊するのは無理 システムが良くない,,,不慣れな年寄りだけで宿泊するのは無理 システムが良くない,,,Sam Nakaboh,google_ChIJy_hLcceRQTURnbO4mkaV_Vs_c6153d6236323a1be88955dea7188adf
false,Google,5,2026-03-18,足と臀部のマッサージ機能があり、とても快適です。,,,足と臀部のマッサージ機能があり、とても快適です。,,,Cu Ch,google_ChIJy_hLcceRQTURnbO4mkaV_Vs_6ccb2f1dc27e43796f7335427d6f50ca
false,Trip.com,10,2026-03-18,"ทุกอย่างดีหมด การเดินทาง,ความสะอาด,ทำเลที่ตั้ง รวมอาหารเช้าทุกวัน.",,,旅行の手配、清潔さ、立地、そして毎日の朝食まで、すべてが素晴らしかったです。,,,ゲ‍ス‍ト,trip_1879751350
false,Trip.com,10,2026-03-18,이른시간 도착해서 데스크 직원분께서 친절히 캐리어 보관등 안내해주셔서 감사 했습니다. 기회가 된다먄 또 찾이 뵙겠습니다.,,,早い時間に到着して、デスクスタッフの方が親切にキャリア保管などご案内いただきありがとうございました。機会になるなんてまたお探しします。,,,ゲ‍ス‍ト,trip_1880022186
false,Booking.com,3,2026-03-18,,朝ごはんの種類が多くて美味しい！ 部屋はとても綺麗。,風呂、トイレが少し汚く、生乾きの匂いがするのが残念 又、手元のライトが壊れててつかなかった。他はつくけどそこはつかなくてもいい感じだったけど。,,朝ごはんの種類が多くて美味しい！ 部屋はとても綺麗。,風呂、トイレが少し汚く、生乾きの匂いがするのが残念 又、手元のライトが壊れててつかなかった。他はつくけどそこはつかなくてもいい感じだったけど。,日高,bookingcom_622017_f5d81b16859ad6b92a4cfbc478d0d49e
false,Booking.com,8,2026-03-18,,朝食が、思っていた以上に品数が、豊富で、美味しかったです。,,,朝食が、思っていた以上に品数が、豊富で、美味しかったです。,,Machiko,bookingcom_622017_7888178a0e901413944ed32715eb71c8
false,じゃらん,3,2026-03-18,スタッフみなさん感じが良くて良かった。  部屋は確かに古さはあるが、部屋も広くて、立地がとにかく良いのでまたお世話になりたい。  朝食は会場が狭く、すごく賑やかだったのでやめた。  (部屋で食べれる簡単なものがあれば嬉しい)  フリードリンクも助かった。,,,スタッフみなさん感じが良くて良かった。  部屋は確かに古さはあるが、部屋も広くて、立地がとにかく良いのでまたお世話になりたい。  朝食は会場が狭く、すごく賑やかだったのでやめた。  (部屋で食べれる簡単なものがあれば嬉しい)  フリードリンクも助かった。,,,ーさん,jalan_308449_efaa0df4dcad29f5726308006c688e7e
false,Google,5,2026-03-18,裡面有足部按摩及屁股按摩器很舒服,,,足と臀部のマッサージ機能があり、とても快適です。,,,Cu Ch,google_ChIJy_hLcceRQTURnbO4mkaV_Vs_54d20a7b65bb12b815e0314972993d89
false,Trip.com,9,2026-03-17,"Goog location, convenient transportation, delicious breakfast and comfortable suite. Overall experience was good.",,,立地が良く、交通の便も良く、朝食も美味しく、スイートルームも快適でした。全体的に満足です。,,,ゲ‍ス‍ト,trip_1878525272
false,Booking.com,8,2026-03-17,,하카타역 바로코앞이라 너무편했어요. 이치란라면집.편의점도 바로 옆건물에붙어있고. 다이소도 바로앞이구요. 직원분들도 친절하시고 호텔이 오래된듯하긴했지만 욕실이나 침대도 편했어요. 엘레베이터가 항상 기다리고있어 편하더라고요.,히터소리가 무지크더라구요^^; 세면대의 찬물조리개에서 물이 줄줄 흘러내렸는데 카운터에 전달은 못했네요ㅜ 하카타역바로코앞이니만큼 대로변의 소음은 참아야죠!,,博多駅バロコの前だったのでとても楽しかったです。一蘭ラーメン屋さん。コンビニもすぐ隣の建物に付いてるし。ダイソーもすぐ前です。スタッフの方も親切でホテルが古いようでしたがバスルームやベッドも楽でした。エレベーターがいつも待っていて楽でした。,ヒーターの音は無知でした^^;洗面台の冷水絞りで水がずっと流れ落ちたのですがカウンターに届けませんでしたㅜ博多駅のバロコ前だから、通りの騒音は我慢しなければなりません！,Joohee,bookingcom_622017_9326631243d8ddc8a98516a65ebdd4b6
false,Trip.com,10,2026-03-17,地點吸引，係正博多站對面，購物同食野都方便,,,立地は魅力的で、正広駅の真向かいに位置しているため、買い物や食事に便利です。,,,f‍i‍o‍n‍a‍t‍c‍y,trip_1879223404
false,Trip.com,8,2026-03-16,地點理想，近火車站，購物食野都好方便而且去神社都好近，實在太便利，而且酒店仲送埋早餐，實在太好了，可以再入住,,,立地は最高です。駅に近く、ショッピングや食事にも便利で、神社にもとても近い。信じられないほど便利で、しかも朝食付きなのも素晴らしい。間違いなくまたここに泊まりたいです。,,,ゲ‍ス‍ト,trip_1877024854
false,Booking.com,8,2026-03-16,,駅から近い,,,駅から近い,,Ayumi,bookingcom_622017_ce40c1ab9c13d690e8522873d57770d9
false,Booking.com,8,2026-03-16,,"The location is excellent—just opposite Hakata Station, making it very convenient, especially if you have luggage or need to rush to catch the subway to the airport early in the morning.  The hotel is a bit older, but it has everything that is needed for a comfortable stay. The room size is relatively spacious compared to many typical business hotels in Japan. The staff are friendly and the check-in process is smooth. The complimentary breakfast is simple but sufficient to start the day.  Overall, it is a good choice for travelers who prioritize location, convenience, and value for money when staying in Hakata.","One thing I didn’t particularly like is that the hotel does not have a hot spring bath or public bath facility. After a long day of traveling or sightseeing, it would be nice to relax in an onsen.",,立地は抜群で、博多駅の真向かいにあるため、特に荷物が多い場合や、早朝に空港へ向かう地下鉄に急いで乗る必要がある場合に非常に便利です。ホテル自体はやや古いですが、快適な滞在に必要なものはすべて揃っています。客室は日本の一般的なビジネスホテルと比べて比較的広々としています。スタッフは親切で、チェックインもスムーズです。無料の朝食はシンプルですが、一日を始めるには十分です。全体的に見て、博多滞在において立地、利便性、そしてコストパフォーマンスを重視する旅行者にとって良い選択肢と言えるでしょう。,一つ残念だったのは、ホテルに温泉や大浴場がないことです。長時間の移動や観光の後には、温泉でゆっくりくつろげたらいいのにと思いました。,Chang,bookingcom_622017_cb76f29d2f59131b5e91269672eebf45
false,Trip.com,10,2026-03-16,"일단 위치가 너무 좋습니다. 주변에서 쇼핑하고 잠시들러 짐 놔두기도 좋고 , 주변 맛집도 많습니다 시설은 오래되어 조금 낡은 느낌이지만 관리가 잘되어있어 깔끔했고 호텔 로비에서 간단하게 사온음식들을 먹을수 있어서 좋았습니다",,,一度場所がとても良いです。周辺で買い物してしばらく立ち寄っておくのも良く、周辺のグルメも多いです。,,,ゲ‍ス‍ト,trip_1877438736
false,Trip.com,8,2026-03-16,一間各方面正常近博多站又便宜的酒店，而且最好的地方是房間較大，可以同時開啟兩個行李箱十分方便。而且包早餐。,,,博多駅に近く、あらゆる面で申し分のないホテルで、料金も手頃です。何より素晴らしいのは、部屋が広々としていてスーツケース2個を一度に置けるほど便利な点です。朝食付きです。,,,ゲ‍ス‍ト,trip_1877559630
false,Booking.com,3,2026-03-16,,,,,,,Yoshikiyo,bookingcom_622017_079962f0288e307525381f82f219bc32
false,Booking.com,8,2026-03-15,,地點極佳，交通方便，設備稍舊，乾淨舒適！,整體較為昏暗,,立地が最高、交通の便も便利、設備はやや古いものの、清潔で快適！,全体的に照明が暗かった。,Shih,bookingcom_622017_f2b3ffd055024a58e84442eca46d1887
false,Trip.com,10,2026-03-15,1.地點真的好 從飯店門口走到地鐵月台 不用五分鐘 2.免費早餐 不是敷衍的那種 但每天差不多 3.公共空間休息 有提供熱飲+冷飲 4.該有的都有 洗衣服 販賣機 吸煙室 寄存放行李 可以量行李重量、 接待人員禮貌。都很不錯 結論就是,,,"1. 立地が本当に良いです。ホテルの入り口から地下鉄のホームまで徒歩5分以内です。

2. 無料の朝食は、形式的なものではなく、毎日ほぼ同じ内容です。

3. 温かい飲み物と冷たい飲み物が用意された公共の休憩エリアがあります。

4. ランドリー、自動販売機、喫煙室、計量設備付きの荷物預かり所など、必要なものはすべて揃っています。スタッフも親切です。全体的に非常に良いホテルです。",,,p‍k‍k‍ ‍p‍k‍k,trip_1876094888
false,Google,4,2026-03-15,하카타 역 근처 가성비 호텔. 위치가 정말 좋다. 방은 좀 좁은 편인데 불편할 정도는 아님. 전자레인지가 1층에만 있어서 조금 귀찮은건 있음.,,,博多駅近くのコスパホテル。場所は本当に良いです。部屋は少し狭い方なのに不便なほどではない。電子レンジが1階だけで少し面倒なことあり。,,,모세네,google_ChIJy_hLcceRQTURnbO4mkaV_Vs_e100a2268015a5c6ada73117ec9c097b
false,じゃらん,5,2026-03-15,博多駅前でとても便利な立地  部屋もキレイで3人ベットでも全く狭さも感じることもなく  大きなお風呂に旅の疲れもとれました  4ベットでも快適そうな部屋でした  朝食も水炊き風スープで あー博多に居るんだなと感じる時間を過ごせました  フロント？コンシェルジュ？の方に観光の質問をしてもわかりやすく説明をいただき  また博多に行く機会があれば  是非コンフォートホテル博多さんにと思いました,,,博多駅前でとても便利な立地  部屋もキレイで3人ベットでも全く狭さも感じることもなく  大きなお風呂に旅の疲れもとれました  4ベットでも快適そうな部屋でした  朝食も水炊き風スープで あー博多に居るんだなと感じる時間を過ごせました  フロント？コンシェルジュ？の方に観光の質問をしてもわかりやすく説明をいただき  また博多に行く機会があれば  是非コンフォートホテル博多さんにと思いました,,,けんさんさん,jalan_308449_0831115b25b90be4fd4e893c13587820
false,Google,4,2026-03-15,博多駅近くのコスパホテル。場所は本当に良いです。部屋は少し狭い方なのに不便なほどではない。電子レンジが1階だけで少し面倒なことあり。,,,博多駅近くのコスパホテル。場所は本当に良いです。部屋は少し狭い方なのに不便なほどではない。電子レンジが1階だけで少し面倒なことあり。,,,모세네,google_ChIJy_hLcceRQTURnbO4mkaV_Vs_fd261521a577024aab6b67c4c4787ebb
false,Trip.com,8,2026-03-14,"Lobby check-in & check-out machines very convenient for tourists, but toilet & room amenities are old style. Have to switch hot & cold water tap together, no USB points.   Free breakfast & cafeteria lady staff was very efficient in directing guests to their table. She’s always smiling & helpful.",,,ロビーのチェックイン・チェックアウト機は観光客にとって非常に便利ですが、トイレや客室のアメニティは旧式です。温水と冷水の蛇口を同時に切り替える必要があり、USBポートもありません。無料の朝食とカフェテリアの女性スタッフは、ゲストを席まで案内するのに非常に効率的でした。彼女はいつも笑顔で親切です。,,,ゲ‍ス‍ト,trip_1875071038
false,Trip.com,10,2026-03-14,十分好舒服,,,とても快適,,,ゲ‍ス‍ト,trip_1875102662
false,Google,5,2026-03-14,部屋は新しくはありませんでしたが、広々としていて清潔でした。ホテルのスタッフは親切で、素晴らしいサービスを提供してくれました。JR駅にも近く、立地も便利でした。3泊の滞在としては、料金も非常にお得でした。,,,部屋は新しくはありませんでしたが、広々としていて清潔でした。ホテルのスタッフは親切で、素晴らしいサービスを提供してくれました。JR駅にも近く、立地も便利でした。3泊の滞在としては、料金も非常にお得でした。,,,彭一蘋,google_ChIJy_hLcceRQTURnbO4mkaV_Vs_df05bcddfe54e4813ba580eb0b72df84
false,Trip.com,9,2026-03-14,住宿經驗良好.車站就在正對面逛街美食都不是問題.如果硬要挑剔的話就是早餐的種類不理想.,,,宿泊施設は満足のいくものでした。駅は通りの向かい側にあるので、買い物や食事には全く問題ありません。あえて難点を挙げるとすれば、朝食の種類があまり豊富ではなかったことです。,,,j‍o‍y‍c‍e‍ ‍p‍a‍i,trip_1875769552
false,Google,5,2026-03-14,房間不算新，但是空間算大，也算乾淨。飯店人員親切，服務也很好，地點又離JR站近，交通很方便。這次住了3天，以這個價位，很不錯。,,,部屋は新しくはありませんでしたが、広々としていて清潔でした。ホテルのスタッフは親切で、素晴らしいサービスを提供してくれました。JR駅にも近く、立地も便利でした。3泊の滞在としては、料金も非常にお得でした。,,,彭一蘋,google_ChIJy_hLcceRQTURnbO4mkaV_Vs_cd65f98a9d8237bdaddb844dd3bbf7a7
false,Booking.com,8,2026-03-13,,スタッフの方達が親切で感じがよかったです,ホテル自体はいいですが、設備が少し古くなってきてるように思いました,,スタッフの方達が親切で感じがよかったです,ホテル自体はいいですが、設備が少し古くなってきてるように思いました,Hazuki,bookingcom_622017_2cf6711b40e8be2b6323a3a3f5d37b81
false,Booking.com,8,2026-03-13,,Great location. Lots of room. The staff are so helpful and friendly.,"The laundry facilities were not in a great location. There is a smoking room within the laundry room and it made the laundry room smell like smoke, which I don’t want my clean laundry smelling like cigarettes.",,立地が最高。部屋も広々としている。スタッフの方々もとても親切でフレンドリー。,洗濯施設の場所があまり良くなかった。洗濯室内に喫煙室があり、洗濯室全体がタバコの臭いが充満していた。せっかくきれいに洗った洗濯物にタバコの臭いがつくのは嫌だった。,Shann,bookingcom_622017_c492801434a0a725698d0b8ae87c8032
false,楽天トラベル,4,2026-03-13,博多駅の目の前で、非常に便利です。 夕食も近くのお店で美味しくいただきました。 MAPもおいてあるので、初めての人も安心です。,,,博多駅の目の前で、非常に便利です。 夕食も近くのお店で美味しくいただきました。 MAPもおいてあるので、初めての人も安心です。,,,ねりまさん,rakuten_29211_72793b7558d28e21381177a734c6e6f1
false,楽天トラベル,4,2026-03-13,立地はとても駅近で、セブンも近くにあるし、食事は駅ビルもあれば、単独店舗も近くにあるので、私には贅沢過ぎる立地でした。 少し設備全体は古さを感じますが、綺麗に保たれていると思います。 また、朝食はシンプルですが、美味しかったです。スタッフの方の元気の良い声とテキパキした対応が朝からとても元気をいただけました！！,,,立地はとても駅近で、セブンも近くにあるし、食事は駅ビルもあれば、単独店舗も近くにあるので、私には贅沢過ぎる立地でした。 少し設備全体は古さを感じますが、綺麗に保たれていると思います。 また、朝食はシンプルですが、美味しかったです。スタッフの方の元気の良い声とテキパキした対応が朝からとても元気をいただけました！！,,,ツリーマン,rakuten_29211_1fdf7d2073f6b64b1344f7e20e31c382
false,Trip.com,9,2026-03-12,"화려한 시티호텔은 아니지만 너무 좋은 위치 신호등하나만 건너면 하카타역, 옆에 스벅과 편의점 그리고 조식도 딱 기본인데 맛있었어요  환기가안되서 창문에 습기가 장난아니였지만 전체적으로 좋았어요 걸어서 라피아 캐널시티가능",,,華やかなシティホテルではありませんが、あまりにも良い位置の信号灯が1つだけ渡れば博多駅、横にスバックとコンビニ、そして朝食もちょうど基本なのにおいしかったです。,,,ゲ‍ス‍ト,trip_1873201666
false,Trip.com,10,2026-03-12,เหมาะสมในพัก.,,,休憩所として適している。,,,ゲ‍ス‍ト,trip_1873259636
false,Trip.com,9,2026-03-12,"ที่พักอยู่ใกล้สถานีรถไฟ , bus terminal และจุดขึ้นTaxi  สะดวกสุดๆ และมีร้านค้า ร้านอาหารใกล้ๆ ถึงแม้ที่พักอาจจะไม่ใหม่ แต่สะอาด บริการดี มีบริการทำความสะอาดห้องพักทุกวัน",,,宿泊施設は駅、バスターミナル、タクシー乗り場に非常に近く、大変便利な場所にあります。周辺には商店やレストランも多数あります。建物自体は新しくはありませんが、清潔でサービスも良く、客室清掃は毎日行われます。,,,ゲ‍ス‍ト,trip_1873342124
false,Trip.com,10,2026-03-12,We enjoyed our stay. The staff was very kind and the room was clean. Breakfast was a bit crowded.,,,滞在は快適でした。スタッフはとても親切で、部屋も清潔でした。朝食は少し混雑していました。,,,ゲ‍ス‍ト,trip_1873398338
false,Booking.com,8,2026-03-12,,,,,,,Azama,bookingcom_622017_b86d0d820d89383d3e7e5b02aa08ff5d
false,じゃらん,4,2026-03-12,初めての家族で福岡旅行でお世話になりました。  連泊できてよかった。  もっと子供が食べれる朝食があったらよかっかなぁーと思ったけど、この値段で3泊できてよかったです,,,初めての家族で福岡旅行でお世話になりました。  連泊できてよかった。  もっと子供が食べれる朝食があったらよかっかなぁーと思ったけど、この値段で3泊できてよかったです,,,みかりんさん,jalan_308449_3ee1e850fb101decb1acf494fa57d6e5
false,Booking.com,8,2026-03-11,,駅近で便利　一階のライブラリー　ロッカーが便利 動きやすかった,,,駅近で便利　一階のライブラリー　ロッカーが便利 動きやすかった,,Takahara,bookingcom_622017_bebd26994957e94b288357bcf5ffeb9e
false,Trip.com,8,2026-03-11,location very very good  breakfast very good drink all day  very good checkin and checkout process very good only refrigerator very bad,,,立地はとても良い、朝食もとても良い、終日ドリンクもとても良い、チェックインとチェックアウトの手続きもとても良い、冷蔵庫だけが非常に悪い,,,N‍a‍r‍i‍s‍n‍i‍d‍ ‍N‍a‍r‍i‍s,trip_1872164940
false,Trip.com,8,2026-03-11,荷物も簡単に預かってくれるし駅近で遊びに行きやすいとてもいいホテルでした,,,荷物も簡単に預かってくれるし駅近で遊びに行きやすいとてもいいホテルでした,,,ゲ‍ス‍ト,trip_1872731424
false,Trip.com,9,2026-03-10,酒店位置方便，窗外可望到博多車站，唯因其已建成多年，房間較細及裝横較舊，且部分物業同為辦公室，電梯有時會較擠擁。 考慮其位置的方便及附早餐，亦不失為一個可取的酒店選項。,,,このホテルは、窓から博多駅の景色が望める便利な立地を誇っています。しかし、築年数が古いため、客室はやや狭く、内装も時代遅れです。また、一部の部屋はオフィスとして使用されているため、エレベーターが混雑することもあります。便利な立地と朝食付きであることを考慮すると、依然として魅力的なホテルと言えるでしょう。,,,ゲ‍ス‍ト,trip_1871383702
false,Trip.com,10,2026-03-10,친절해요 조식은 그럭저럭 위치최고,,,フレンドリーな朝食はとても良いです,,,ゲ‍ス‍ト,trip_1871911124
false,Booking.com,7,2026-03-09,,,,,,,Harry,bookingcom_622017_db05833c29e688b5ab54d5e8608a72ec
false,Booking.com,4,2026-03-09,,特別良かった点はこれと言ってない。,トイレが全体的に悪い。便座が暖かくないお尻が冷たい。残念,,特別良かった点はこれと言ってない。,トイレが全体的に悪い。便座が暖かくないお尻が冷たい。残念,Tomohiro,bookingcom_622017_fb71eceb590ed1c6cc6be0ff609536e1
false,じゃらん,4,2026-03-09,今回、初めて宿泊しましたが博多駅の目の前という立地、荷物の預かり当日、帰る日も。  部屋は３人部屋で予約してて、入って見たら四つベッドがあり、広々とした部屋でした。  必要最低限のアメニティ、朝食は無料だったので普通に美味しく食べました。  スタッフの方の対応も良く、気持ちよく過ごせました。  また、利用したいと思いました。,,,今回、初めて宿泊しましたが博多駅の目の前という立地、荷物の預かり当日、帰る日も。  部屋は３人部屋で予約してて、入って見たら四つベッドがあり、広々とした部屋でした。  必要最低限のアメニティ、朝食は無料だったので普通に美味しく食べました。  スタッフの方の対応も良く、気持ちよく過ごせました。  また、利用したいと思いました。,,,くわちゃんさん,jalan_308449_31341cea358c23e3c1f7cefe2d51f5d0
false,Booking.com,6,2026-03-08,,,,,,,Shimotada,bookingcom_622017_936f41f0bd8d8a1f4ea8d15d08500247
false,Trip.com,10,2026-03-08,하카타역 바로앞이라 쇼핑 먹거리 최적지 ᆢ조식 너무알맞게 나오고 직원들 친절해요 방도 청결상태 좋아요 후쿠오카 다시간다면 이곳을 다시묵을거예요,,,博多駅のすぐ前で買い物の食べ物に最適な場所です。朝食がとても適しています。,,,ゲ‍ス‍ト,trip_1869233604
false,Trip.com,9,2026-03-08,하카타역에서 진짜 가까워서 좋음.  시설이 좀 오래되긴 했으나 크개 불편하진 않았음.  조식이 무료 제공되는데 진짜 딱 필요한 것만 실속있게 있는 것 같음. 밥. 빵. 국. 샐러드. 커피. 우유. 쥬스 등등 메뉴도 조금씩 바뀌긴 함.  1층 로비에서 저녁 12시 까지 밖에서 사 온 음식과 맥주 마시면서 보낼 수도 있음. 전자렌지가 있긴하나 1개 뿐이라 조금 아쉬움. 직원들도 친절하고 한국어 할 수 있는 직원이 1명 정도 있는 것 같으나 필요한 게 없어서 특별히 대화를 해보진 않음. 비닐 우산이 비치되어 있어 무료대여가 가능한데 비오면 순식간에 사라짐.,,,博多駅から本物の近くでいい。  施設が少し古くなったが、大きく不便ではなかった。  朝食が無料で提供されますが、本当にぴったりのものだけが失速しているようです。ご飯。パン。局。サラダ。コーヒー。ミルク。ジュースなどメニューも少しずつ変わったハム。  1階ロビーから夕方12時まで外で買ってきた食べ物やビール飲みながら過ごすこともできる。電子レンジがあるのは1つだけなので少し残念。スタッフも親切で韓国語できるスタッフが1人くらいいるようだが必要なものがなくて特に会話をしてみたことはない。ビニール傘が備わっており、無料レンタルが可能ですが、雨が降るとあっという間に消えます。,,,굥‍건‍희‍사‍형,trip_1869260234
false,Booking.com,10,2026-03-08,,"El hotel literalmente está frente a la estación de Hakata, está perfecta la ubicación, el hotel cuenta con haitaciones amplias y bastante comodas. A demás puedes ir caminando a canal city que queda a no más de 15 minutos.",Sin comentarios.,,ホテルは博多駅の真向かいという絶好のロケーションです。客室は広々として快適。さらに、キャナルシティまで徒歩15分以内で行くことができます。,ノーコメント。,Dalia,bookingcom_622017_01c5a43f76dc98a0811f3257a64f774a
false,Google,1,2026-03-08,ここは韓国の80年代の旅館レベルです。 冷蔵庫ベッド完全に来ないでください,,,ここは韓国の80年代の旅館レベルです。 冷蔵庫ベッド完全に来ないでください,,,seunghee Roh,google_ChIJy_hLcceRQTURnbO4mkaV_Vs_ed778c2649954eec114289082e49617b
false,Trip.com,9,2026-03-08,위치가 진짜 너무 깡패라 후쿠오카 가면 여기만 묵으렵니다 직원분들도 다 너무 친절했어요,,,場所が本当にあまりにもカンパラ福岡に行くとここだけ泊まります スタッフの方々もみんなとても親切でした,,,쁘‍미‍짱,trip_1869803604
false,Google,1,2026-03-08,여기는 한국 80년대 여관 수준이네요 냉장고 침대 완전 오지마세요,,,ここは韓国の80年代の旅館レベルですね冷蔵庫ベッド完全に来ないでください,,,seunghee Roh,google_ChIJy_hLcceRQTURnbO4mkaV_Vs_3309ee966da51d5a813d08839385a0d8
false,楽天トラベル,2,2026-03-07,先日、宿泊しました。 お風呂に　何本もの髪の毛やら どこをどう見て清掃されているのか不思議で なりませんでした。 良いのは立地だけでした。,,,先日、宿泊しました。 お風呂に　何本もの髪の毛やら どこをどう見て清掃されているのか不思議で なりませんでした。 良いのは立地だけでした。,,,かずん0415,rakuten_29211_d62d4df8d42c25783fd3ccf9bdb118f8
false,Trip.com,10,2026-03-07,방에서 본 하카타역 뷰입니다. 호텔위치가 정말 너무 좋네요. 아침 조식도 이정도면 훌륭하구요. 후기에 벌레 나왔다는 방도 있어서 걱정했는데 저희 방은 깨끗했습니다.,,,部屋から見た博多駅の眺めです。ホテル位置が本当にとても良いですね。朝の朝食もこれほど良かったです。後期に虫出てきたという部屋もあって心配していましたが、私たちの部屋は綺麗でした。,,,김‍정‍은‍(‍예‍준‍예‍지‍맘‍),trip_1868655180
false,Booking.com,8,2026-03-07,,広かった。,,,広かった。,,Hironobu,bookingcom_622017_78655cec6004ef32b1c4819da1e483db
false,Google,3,2026-03-06,朝食付きの価格良い場所はとても素敵ですが、3日間の滞在中に清掃サービスを利用できないのは少し不便です。,,,朝食付きの価格良い場所はとても素敵ですが、3日間の滞在中に清掃サービスを利用できないのは少し不便です。,,,보리뽈뽈,google_ChIJy_hLcceRQTURnbO4mkaV_Vs_352bfcdd960ddca6b03ec2ec4bf88383
false,Trip.com,8,2026-03-06,2026년 3월 14일부터 17일까지  3박 머무른 솔직한 후기입니다  처음 일반적인 호텔 입구가 아니여서...  스타벅스 오른쪽 10미터정도  입구있어요! 위치는 어딜가던 이동하기는 너무 편해서 좋습니다  청결도는 공기청정기가 있기는한데 개방형 창문이 아니다보니 환기 불편! 생각보다 먼지가 정말 많습니다.  서비스 및 친절도 직원분들 정말 친절합니다 만족!!! 조식도 괜찮습니다!  시설은 좀 오래된 우리나라 관광호텔정도 생각하시면 될것같네요,,,2026年3月14日から17日まで3泊滞在の率直な後期です 初めて一般的なホテル入口ではなくて... スターバックス右10メートルほど入口ありますよ！場所はどこか移動するのはとても楽でいいです 清潔さは空気清浄機があるのに開放型の窓ではないので換気不便！思ったよりほこりが本当に多いです。  サービスとフレンドリーもスタッフの方、本当にフレンドリーです満足！朝食も大丈夫です！  施設はちょっと古い韓国観光ホテルほど考えればいいと思います。,,,ゲ‍ス‍ト,trip_1867647216
false,Booking.com,6,2026-03-06,,,,,,,志律,bookingcom_622017_e34b98c18fd47df701619339011ff3d3
false,Booking.com,9,2026-03-06,,"The hotel location nearby station exit, when you take a train from airport going to Hakata station, just walk 5 min will be arrives.   The hotel walking distance a close to the station, department store, underground shopping street  and more restaurants for chose. Of course, the room price a very good deal.",,,ホテルは駅の出口すぐそばに位置しており、空港から博多駅行きの電車に乗れば、徒歩わずか5分で到着します。駅、デパート、地下街、そして数多くのレストランにも徒歩圏内です。もちろん、宿泊料金も大変お得です。,,Name,bookingcom_622017_d744977b2e1e2b82af4a907a9df8a70e
false,Google,3,2026-03-06,조식포함 가격좋은편 위치가 너무 훌륭함 하지만 3일투숙기간동안 청소서비스를 이용할수없는건 조금불편..,,,朝食付きの価格良い場所はとても素敵ですが、3日間の滞在中に清掃サービスを利用できないのは少し不便です。,,,보리뽈뽈,google_ChIJy_hLcceRQTURnbO4mkaV_Vs_3b98e9e599740bab8d43cf9a3494d358
false,Google,4,2026-03-06,,,,,,,T. S.,google_ChIJy_hLcceRQTURnbO4mkaV_Vs_f5a40d2d4eb6c5e14a8d97eecf176f55
false,Trip.com,7,2026-03-06,"Excellent breakfast and location from Hakata station. However, if if hotel room has more bright lights it will be better.",,,朝食は素晴らしく、博多駅からもアクセス抜群です。ただ、客室の照明がもう少し明るければさらに良かったと思います。,,,S‍a‍t‍o‍r‍u‍ ‍G‍o‍j‍o,trip_1867754558
false,じゃらん,5,2026-03-06,数年前に家族で利用して以来、久しぶりの宿泊でした。  今回は前々日まではシングルでの予約でしたが、うちんのも休みが取れたためシングルキャンセル後のツイン予約でした。  チェックイン時にお伺いしたら、満室だったとのことで、ギリギリの予約で安堵しました。  チェックイン時の受付での対応やチェックアウト時の対応も満足でした。  ホテルのシャンプー・リンス、ボディソープはあまり期待していなかったのですが、二人とも髪がしっとりしたと感じ、気持ちよくシャワーできました。  朝食はもう少し選択肢があればと感じましたが、美味しくいただけたので満足できました。  立地もいいのでまた利用したいホテルの一つになりました。,,,数年前に家族で利用して以来、久しぶりの宿泊でした。  今回は前々日まではシングルでの予約でしたが、うちんのも休みが取れたためシングルキャンセル後のツイン予約でした。  チェックイン時にお伺いしたら、満室だったとのことで、ギリギリの予約で安堵しました。  チェックイン時の受付での対応やチェックアウト時の対応も満足でした。  ホテルのシャンプー・リンス、ボディソープはあまり期待していなかったのですが、二人とも髪がしっとりしたと感じ、気持ちよくシャワーできました。  朝食はもう少し選択肢があればと感じましたが、美味しくいただけたので満足できました。  立地もいいのでまた利用したいホテルの一つになりました。,,,かずさん,jalan_308449_3f6c7a85ca6d783448f5fa995f68af02
false,Booking.com,3,2026-03-05,,,フロントの年配の男性がチェックアウトの際、敬語も使わず非常に横柄な態度で、気分の悪い1日のスタートとなった。,,,フロントの年配の男性がチェックアウトの際、敬語も使わず非常に横柄な態度で、気分の悪い1日のスタートとなった。,Eijiro,bookingcom_622017_04cffae3854a58e342cc63d18267ef99
false,Trip.com,10,2026-03-05,위치가 정말 좋아요!! 1층에 편의점이 있어서 이용하기 편해요,,,場所が本当に良いです！ 1階にコンビニがあり、利用しやすいです。,,,ゲ‍ス‍ト,trip_1866251734
false,Booking.com,3,2026-03-05,,,フロントの年配の男性がチェックアウトの際、敬語も使わず非常に横柄な態度で、気分の悪い1日のスタートとなった。,,,フロントの年配の男性がチェックアウトの際、敬語も使わず非常に横柄な態度で、気分の悪い1日のスタートとなった。,Eijiro,bookingcom_622017_f13592a800889566e757fed6241f0b2f
false,Trip.com,10,2026-03-05,제공되는 식사도 맛있고 직원들도 매우 친절하고 한국어 구사능력이 뛰어나 불편함이 전연 없었습니다. 하카다역과 매우 가까워 근교도시 여행하기에 매우 편리했습니다,,,提供される食事も美味しく、スタッフもとてもフレンドリーで韓国語の駆使能力に優れ、不快感が全然ありませんでした。博多駅と非常に近く、近郊都市への旅行に非常に便利でした。,,,ゲ‍ス‍ト,trip_1866770464
false,じゃらん,4,2026-03-05,部屋の広さや建物の造りや廊下の雰囲気など、かつては立派なホテルだったんだろうなぁという面影が随所に感じられた。確かに経年による老朽感は否めませんが、掃除も行き届いていて設備も丁寧に使われてて、不快な感じは全くありませんでした。利用者が海外の方が多いのでしょうか、朝食メニューがアジアン風のものばかりなのに驚きました。食事さえている方も日本語以外の言語が飛び交っていて、海外旅行に来てる錯覚を覚えました(笑),,,部屋の広さや建物の造りや廊下の雰囲気など、かつては立派なホテルだったんだろうなぁという面影が随所に感じられた。確かに経年による老朽感は否めませんが、掃除も行き届いていて設備も丁寧に使われてて、不快な感じは全くありませんでした。利用者が海外の方が多いのでしょうか、朝食メニューがアジアン風のものばかりなのに驚きました。食事さえている方も日本語以外の言語が飛び交っていて、海外旅行に来てる錯覚を覚えました(笑),,,あんぱんさん,jalan_308449_893ab02558d053616cbef43c42b6f128
false,Trip.com,10,2026-03-04,有免費的早餐可以吃，地點離博多站很近，有直接可以通到車站的地下聯絡道很方便，附近生活機能很棒！,,,無料の朝食が提供され、博多駅から非常に近い場所に位置しており、駅に直結する地下通路もあるので大変便利です。周辺には充実した施設が揃っています。,,,飛‍人‍卡‍特,trip_1865735766
false,Booking.com,7,2026-03-04,,,,,,,Keiko,bookingcom_622017_c2475a27be138e542f115a560bf9c045
false,じゃらん,4,2026-03-04,旅行で利用しました。  駅からすぐ見える距離、迷わずに行けました。  ウェルカムドリンクの種類が豊富で、朝食も種類が多くてとても良かったです。  お部屋も手入れが行き届いており、ゆっくりできました。  また利用したいです。,,,旅行で利用しました。  駅からすぐ見える距離、迷わずに行けました。  ウェルカムドリンクの種類が豊富で、朝食も種類が多くてとても良かったです。  お部屋も手入れが行き届いており、ゆっくりできました。  また利用したいです。,,,スマダさん,jalan_308449_e9bfeb9c85e91526770d29fe3c859af6
false,じゃらん,4,2026-03-04,旅行で利用しました。  駅からすぐ見える距離、迷わずに行けました。  ウェルカムドリンクの種類が豊富で、朝食も種類が多くてとても良かったです。  お部屋も手入れが行き届いており、ゆっくりできました。  また利用したいです。,,,旅行で利用しました。  駅からすぐ見える距離、迷わずに行けました。  ウェルカムドリンクの種類が豊富で、朝食も種類が多くてとても良かったです。  お部屋も手入れが行き届いており、ゆっくりできました。  また利用したいです。,,,スマダさん,jalan_308449_612d9f4deaf55ec09c156acadabbf420
false,Trip.com,10,2026-03-03,"스타벅스와 편의점이 있어 이용하기 편했고 길 건너면 바로 역이고, 버스정류장도 근처에 있어 대중교통이용하기 편했습니다.",,,スターバックスとコンビニがあり、利用しやすく、道を渡るとすぐ駅で、バス停も近くにあり公共交通利用が楽でした。,,,D‍E‍J‍A‍N‍G‍D‍A‍Y,trip_1864230434
false,Trip.com,5,2026-03-03,위치만 깡패 청결도는.. 빨리 나가고 싶었음 로비에서 개큰 바퀴벌레 만남 😵💫,,,場所だけおじいき清潔さは..,,,ゲ‍ス‍ト,trip_1864234198
false,Trip.com,9,2026-03-03,하카타역과의 접근성 만큼은 다른 저가형 호텔과 견주기 힘들정도의 매리트가 있음,,,博多駅とのアクセシビリティだけには他の格安ホテルと比べるのが難しいマリットがある,,,ゲ‍ス‍ト,trip_1864388254
false,Trip.com,10,2026-03-03,가성비 좋아요,,,コスパ比いいね,,,ゲ‍ス‍ト,trip_1864924614
false,Booking.com,10,2026-03-03,,,,,,,Feiqi,bookingcom_622017_c31746d21a46727d7659a5d808e6637b
false,Booking.com,10,2026-03-03,,,,,,,Feiqi,bookingcom_622017_6bda31e9d835b9bef8020f80944c2c9d
false,Trip.com,10,2026-03-02,位置很便利、有免費早餐、晚上12點前提供免費飲料吧,,,立地は非常に便利で、無料の朝食が付いており、深夜0時まで無料の飲み物も利用できます。,,,ゲ‍ス‍ト,trip_1863764798
false,Trip.com,10,2026-03-02,ตั้งอยู่ในทำเลสำหรับเดินทางออกนอกเมืองได้สะดวก พนักงานบริการดีมากมาก มีสิ่งอำนวยความสะดวกมีเครื่องชั่งน้ำหนักกระเป๋าไว้ให้บริการด้วย ☺️  แต่ไม่มีหมวกคลุมผมอาบน้ำและคอตตอนบัทไว้ให้บริการ โรงแรมค่อนข้างเก่าเนื่องจากเปิดบริการมาหลายปีแล้ว,,,市街地から少し離れた場所への観光に便利な立地です。スタッフの方々はとても親切でした。アメニティには荷物用はかりがありましたが、シャワーキャップや綿棒は用意されていませんでした。ホテルは長年営業しているため、かなり古い印象です。,,,匿‍名‍ユ‍ー‍ザ‍ー,trip_1863941808
false,Trip.com,8,2026-03-01,位置非常好 服務人員態度很好 附近也有很多 飯店 便宜也𠕇 貴價 也有 酒店設施比較舊 仍可接受😊☺️,,,立地は最高で、スタッフはとてもフレンドリー、近くにはリーズナブルなものから高級なものまで、たくさんのレストランがあります。ホテルの設備は少し古いですが、それでも十分満足できます。😊☺️,,,ゲ‍ス‍ト,trip_1862065885
false,Booking.com,10,2026-03-01,,スタッフが丁寧な対応で朝食も品数豊富で良かった。 駅の近くで移動が楽でした。,浴室の電気がきれかけてました。,,スタッフが丁寧な対応で朝食も品数豊富で良かった。 駅の近くで移動が楽でした。,浴室の電気がきれかけてました。,Kazumi,bookingcom_622017_16b8557bf61c9ad4e1641daa06c46ff3
false,Booking.com,10,2026-03-01,,,,,,,雄一,bookingcom_622017_9ea69ca6771b20af170bd1161a80ad7a
false,Booking.com,7,2026-04-30,,スタッフが親切で感じが良かった。 お部屋が、少し広く感じた。,,,スタッフが親切で感じが良かった。 お部屋が、少し広く感じた。,,Satomi,bookingcom_622017_362dfcd38ed996bf027c78b192c54443
false,Trip.com,6,2026-04-30,博多駅から近く観光の拠点としてとても便利でした。太宰府やドームへの移動もしやすく、立地の良さを実感しました。お部屋も清潔で、ゆっくり休むことができました。また福岡に来る際は利用したいです,,,博多駅から近く観光の拠点としてとても便利でした。太宰府やドームへの移動もしやすく、立地の良さを実感しました。お部屋も清潔で、ゆっくり休むことができました。また福岡に来る際は利用したいです,,,ゲ‍ス‍ト,trip_1930128030
false,Google,3,2026-04-30,,,,,,,たっくん,google_ChIJy_hLcceRQTURnbO4mkaV_Vs_a7f578d646213d1a07e042525f9d5a99
false,Google,2,2026-04-30,場所は良いです。 朝食は大丈夫です。 客室の状態は最悪です。 外風までひどすぎて夏を除く 季節に宿泊する予定なら、しっかり 準備しなければならないようですね。 部屋の壁の塗装は割れています。 窓のガラスはコーティングがうまく見えます。 ではありません。 どのようにこの部屋の状態でホテル ルームを売っているのか分かりませんね。 旅行をたくさん見て、いくつかの国のホテル 利用してみましたが、ここがルームコンディションは最悪ですね。,,,場所は良いです。 朝食は大丈夫です。 客室の状態は最悪です。 外風までひどすぎて夏を除く 季節に宿泊する予定なら、しっかり 準備しなければならないようですね。 部屋の壁の塗装は割れています。 窓のガラスはコーティングがうまく見えます。 ではありません。 どのようにこの部屋の状態でホテル ルームを売っているのか分かりませんね。 旅行をたくさん見て、いくつかの国のホテル 利用してみましたが、ここがルームコンディションは最悪ですね。,,,Younghoon Yang,google_ChIJy_hLcceRQTURnbO4mkaV_Vs_c26cf812592f6d2b62c6285c34fca052
false,Google,2,2026-04-30,위치는 좋습니다. 조식은 괜찮은편 입니다. 객실 컨디션은 최악입니다. 외풍까지 너무 심해서 여름을 제외한 계절에 숙박하실 계획이시라면 단단하게 준비하셔야 될것같네요. 룸의 벽면 도배지는 갈라져있고 창문의 유리는 코팅이 바래서 잘 보이지도 않습니다. 어떻게 이런 룸컨디션으로 호텔이라고 룸을 판매하는지 이해가 가지 않네요. 여행 많이 다녀봤고 여러 나라 호텔을 이용해 봤지만 이곳이 룸 컨디션은 최악이네요.,,,場所は良いです。朝食は大丈夫です。客室の状態は最悪です。外風までひどすぎて夏を除く季節に宿泊する計画なら、しっかり準備しておかなければならないようですね。部屋の壁面塗装紙は割れており、窓のガラスはコーティングがうまく見えません。どのようにこのようなルームコンディションでホテルだとルームを販売するのか理解できませんね。旅行たくさん行ってみて、いろんな国のホテルを利用してみましたが、ここがルームコンディションは最悪ですね。,,,Younghoon Yang,google_ChIJy_hLcceRQTURnbO4mkaV_Vs_57b49138d305a5e594f2698cf18ec5a5
false,Booking.com,7,2026-04-29,,朝食で、スタッフが座る席を案内して頂き、その対応が良かった。朝食も満足いく物だった。,朝食にもう少し日本のおかずが有れば良かった。部屋は、ツインで予約したが、少し狭く感じた。,,朝食で、スタッフが座る席を案内して頂き、その対応が良かった。朝食も満足いく物だった。,朝食にもう少し日本のおかずが有れば良かった。部屋は、ツインで予約したが、少し狭く感じた。,Hiroyasu,bookingcom_622017_ae28372d0726e1e72a08a138ea3ca34b
false,楽天トラベル,4,2026-04-29,博多駅にめっちゃ近くて最高に便利です。 ビジネスホテルなので余り贅沢言っても仕方ないと思います。 接客は上等かと思います。 また利用させて頂きたいと思います。,,,博多駅にめっちゃ近くて最高に便利です。 ビジネスホテルなので余り贅沢言っても仕方ないと思います。 接客は上等かと思います。 また利用させて頂きたいと思います。,,,だくてん6467,rakuten_29211_61fcdbe6c89d2ad59560ec8761dfea21
false,Trip.com,6,2026-04-29,"Extremely disappointed with the room. We booked 3 rooms for the whole family and all of us WERE BAKED in the room. There is ZERO AIR CONDITIONING even though it was clearly stated in the room description and all of us almost got heat stroke staying in the room. The WINDOWS CANNOT OPEN at all. No idea why nobody reviewed  about this - this is highly red flag.   The only saving grace is that the reception gave us portable fans which are extremely noisy and gave us a brief respite in the heat.   Other than that, the room is clean and the location is great. But I HIGHLY DO NOT RECOMMEND ppl to book this place.",,,部屋には大変がっかりしました。家族全員で3部屋予約したのですが、部屋の中で全員が焼けつくように暑かったです。部屋の説明にはエアコンがあると明記されていたにもかかわらず、エアコンは全くなく、全員が熱中症になりかけました。窓は全く開きません。なぜ誰もこのことをレビューしていないのか理解できません。これは非常に危険信号です。唯一の救いは、フロントが携帯扇風機を貸してくれたことですが、非常にうるさく、暑さを少しだけしのぐことができました。それ以外は、部屋は清潔で立地も素晴らしいです。しかし、このホテルを予約することは絶対にお勧めしません。,,,ゲ‍ス‍ト,trip_1928901560
false,Booking.com,9,2026-04-29,,,,,,,詠惠,bookingcom_622017_49c036790d563dd30e852e23e7b9b63f
false,Trip.com,10,2026-04-29,"地點靠近博多車站，適合買jr pass做放射性旅遊，每天的早餐不錯，衹是變化不多，性價比不錯,房間雖然小，不過乾淨",,,博多駅に近いので、JRパスを利用して日帰り旅行をするのに最適です。朝食は種類は少ないものの、美味しいです。全体的に見て、コストパフォーマンスは良いと思います。部屋は狭いですが清潔です。,,,A‍n‍g‍ ‍M‍a‍y‍h‍u‍i,trip_1929085406
false,Booking.com,6,2026-04-28,,,,,,,Akimi,bookingcom_622017_cd50be9b5716c55933b30dae2ac67400
false,Booking.com,10,2026-04-28,,駅から徒歩1分の立地が良く、古い感じではありましたが清掃がちゃんとされてる感じもあり清潔感はありました。シャワーの出も良くスタッフさんもフレンドリーで親切な方ばかりでした。,浴場にハンドソープが欲しいのと、連泊したので朝食のバリエーションがもっとあるといいなぁと思いました。でも無料でしたのでそう思えば充分ですね！,,駅から徒歩1分の立地が良く、古い感じではありましたが清掃がちゃんとされてる感じもあり清潔感はありました。シャワーの出も良くスタッフさんもフレンドリーで親切な方ばかりでした。,浴場にハンドソープが欲しいのと、連泊したので朝食のバリエーションがもっとあるといいなぁと思いました。でも無料でしたのでそう思えば充分ですね！,Akiko,bookingcom_622017_4aad914600a756d91e1a667ffed47110
false,Booking.com,10,2026-04-28,,"위치가 일단 하카타역에서 길만 건너면 바로여서 최고였습니다. 1분 내외로 1층에 스타벅스랑 편의점도 있고 짐 보관 서비스도 매우 훌륭하고 체계적이었으며, 직원 분들도 다들 친절하고 전문적이셨어요. 방 크기도 일본 호텔들 생각하면 만족스러웠습니다. 다음에 후쿠오카 가게 되면 또 묵을 생각이에요",조식은 그냥 포함되어있어서 먹긴 했는데 굳이 돈주고 신청해서 먹을것 같지는 않은 느낌? 평이했습니다.,,場所がいったん博多駅から道だけを渡ったらすぐなので最高でした。 1分内外で1階にスターバックスとコンビニもあり、荷物保管サービスもとても素晴らしく体系的で、スタッフの方々も皆親切でプロフェッショナルでした。部屋の大きさも日本のホテルたちと思えば満足でした。次に福岡に行ったらまた泊まるつもりです。,朝食はただ含まれていて食べましたが、あえてお金を与えて申請して食べるようには思えない感じ？評価しました。,Ryna,bookingcom_622017_6280037eb3090d4780aa0cf1e8da643b
false,Google,4,2026-04-28,博多駅とバスターミナルが目の前にあり好立地のホテルです。ツインは広々とした部屋で綺麗でしたがバストイレは古めでした。無料の朝食付きで水炊き風スープなど福岡名物を楽しめます。  カフェスペースはチェックイン・アウト前後も利用できて無料ドリンクや充電もあり助かりました。チェックアウト後も荷物を預かってもらえるので最終日も身軽に観光できました。,,,博多駅とバスターミナルが目の前にあり好立地のホテルです。ツインは広々とした部屋で綺麗でしたがバストイレは古めでした。無料の朝食付きで水炊き風スープなど福岡名物を楽しめます。  カフェスペースはチェックイン・アウト前後も利用できて無料ドリンクや充電もあり助かりました。チェックアウト後も荷物を預かってもらえるので最終日も身軽に観光できました。,,,金糸雀,google_ChIJy_hLcceRQTURnbO4mkaV_Vs_8be356219e484f744e3d4e827a1d57f0
false,Trip.com,6,2026-04-28,ライブで使わせてもらったのですが、寝るのとお風呂（シャワー）ぐらいなら充分かなと思います。 従業員の方の対応は良かったと思います。 チェックアウトの後にロッカーを使わせてもらって大変助かりました。　従業員の方も丁寧に対応してもらいました。,,,ライブで使わせてもらったのですが、寝るのとお風呂（シャワー）ぐらいなら充分かなと思います。 従業員の方の対応は良かったと思います。 チェックアウトの後にロッカーを使わせてもらって大変助かりました。　従業員の方も丁寧に対応してもらいました。,,,ゲ‍ス‍ト,trip_1927478520
false,Booking.com,7,2026-04-28,,,,,,,Der,bookingcom_622017_3246ed21a7b73bd0e51e78ca7cf6245a
false,Booking.com,8,2026-04-28,,,,,,,杉山,bookingcom_622017_32d65c81e1ee69bac29c4edea36b1f13
false,Booking.com,6,2026-04-28,,駅近く。地下を通って行けた。朝食無料なので、有料バイキングで食べる時より無理無く食べれた。部屋が広かった。,部屋のトイレの水がチョロチョロと滞在中ずっと聞こえてた（タンク？） ベンザが冷たいくウォシュレットの使い方が面倒くさい（他に無い初めての経験）,,駅近く。地下を通って行けた。朝食無料なので、有料バイキングで食べる時より無理無く食べれた。部屋が広かった。,部屋のトイレの水がチョロチョロと滞在中ずっと聞こえてた（タンク？） ベンザが冷たいくウォシュレットの使い方が面倒くさい（他に無い初めての経験）,Akimi,bookingcom_622017_19f7df8d0cda9a57bc0b7384e5c2871d
false,Trip.com,9,2026-04-27,위치가 정말 좋았습니다만 좀 오래된 호텔이다보니 약간은 꿉꿉한 느낌이 들었고 칭문을 열 수 없어서 답답한 느낌도 들었습니다. 그걸 제외하곤 직원분들도 너무 친절하고 위치가 위치인지라 짱이었어요!! 벌레도 가끔 나온다고 하던데 전 보지 못했습니다!!,,,場所が本当に良かったのですが、ちょっと古いホテルだから少しはすっきりとした感じが聞こえて、玄関を開けられなくて苦しい感じもしました。それを除いてスタッフの方々もとてもフレンドリーで場所が位置なのかとちゃんでした！虫も時々出てくると言っていたが、私は見ませんでした！,,,ゲ‍ス‍ト,trip_1925762232
false,Trip.com,10,2026-04-27,เข้าพักที่นี่ 2 คืนสุดท้ายก่อนจะบินกลับ ห้องสองเตียงที่จองไปมีขนาดที่ใหญ่เหมาะสมกับ 2 คนมาก สิ่งอำนวยความสะดวกในโรงแรมก็ครบครัน พนักงานยิ้มแย้มและดูเต็มใจให้บริการมากๆ สิ่งหนึ่งที่อยากจะให้ปรับปรุงก็คือ Automatic Toilet ควรอัพเกรดให้ดียิ่งๆ ขึ้นไป ถ้ามีโอกาสก็จะกลับไปพักอีก,,,帰国前の最後の2泊をこちらで過ごしました。予約したツインルームは広く、2人で過ごすのに最適でした。ホテルのアメニティは充実しており、スタッフの方々もとても親切で助かりました。改善してほしい点は、自動トイレです。もっと質の良いものに交換していただきたいです。機会があれば、ぜひまた利用したいと思います。,,,ゲ‍ス‍ト,trip_1926112010
false,Booking.com,9,2026-04-27,,"地點很好,在火車站旁,一出又見到  自助早餐",沒希,,立地は最高で、駅のすぐ隣にあり、すぐ外にはビュッフェスタイルの朝食会場が見えます。,希望はない,Mei,bookingcom_622017_da7a9831e82000affa2535af36eac980
false,じゃらん,3,2026-04-27,朝ごはんがあまりなかったのがショック  シャンプー、コンディショナー等も新しくした方がいいと思う  立地的にはいいので改善してほしい,,,朝ごはんがあまりなかったのがショック  シャンプー、コンディショナー等も新しくした方がいいと思う  立地的にはいいので改善してほしい,,,みぃちゃんさん,jalan_308449_1a0f721ef266b03ffc4e72a07bac4cc9
false,Booking.com,8,2026-04-26,,Large twin room to open luggage.,"Breakfast was not stocked well within 30 mins of closing.  On morning of Apr 22, there was no rice for 20 minutes, refilled just 10 minutes before closing. Dozens of esters waited snd then gave up and ate without rice. Miso was too low to scoop for bowl.  3 choices for meat, one was empty and never refilled.",,荷物を広げられる広いツインルーム。,閉店30分前までに朝食の補充が不十分だった。4月22日の朝は、ご飯が20分間なく、閉店10分前にようやく補充された。何十人もの従業員が待ったが諦め、ご飯なしで食事をした。味噌汁も少なすぎて椀に盛れなかった。肉料理は3種類あったが、1種類は空で補充されることもなかった。,Michael,bookingcom_622017_e060c696c09b6c7a2917367f7612db62
false,Trip.com,9,2026-04-26,嵐のライブ参戦のため利用させて頂きました😊 従業員さん達の挨拶や優しいお声かけを頂き、最高な福岡旅行となりました😊またチェックアウト後もスーツケースを無料で置かせて頂けて本当に有難かったです。 朝食も美味しかったです😊 また福岡に来る時には利用させていただきたいです🤗,,,嵐のライブ参戦のため利用させて頂きました😊 従業員さん達の挨拶や優しいお声かけを頂き、最高な福岡旅行となりました😊またチェックアウト後もスーツケースを無料で置かせて頂けて本当に有難かったです。 朝食も美味しかったです😊 また福岡に来る時には利用させていただきたいです🤗,,,ゲ‍ス‍ト,trip_1924039998
false,Trip.com,10,2026-04-26,Location is great,,,立地は最高です,,,ゲ‍ス‍ト,trip_1924126064
false,Google,1,2026-04-26,ホテルは客室のエアコンをつけてくれず、暑さを訴えたら扇風機を持ってきてくれました。非常に不快な滞在でした。部屋は古く、換気も悪く、トイレは90年代の古い日本式のバスタブでした。  立地は便利でスタッフの対応も丁寧でしたが、それ以外に良い点は何もありません。全くお勧めできません。,,,ホテルは客室のエアコンをつけてくれず、暑さを訴えたら扇風機を持ってきてくれました。非常に不快な滞在でした。部屋は古く、換気も悪く、トイレは90年代の古い日本式のバスタブでした。  立地は便利でスタッフの対応も丁寧でしたが、それ以外に良い点は何もありません。全くお勧めできません。,,,Jonathan Chua,google_ChIJy_hLcceRQTURnbO4mkaV_Vs_a01faf1f65f4e21819774f19765e3d37
false,Trip.com,8,2026-04-26,希望早餐可以豐富啲,,,朝食がもっと充実することを願っています,,,S‍a‍m‍0‍1‍0‍7,trip_1925040734
false,Trip.com,8,2026-04-26,設備は古いですが清掃は行き届いており快適に過ごせました。TVのリモコンが埃だらけだったのだけショックでした。無料朝食もありがたいです。,,,設備は古いですが清掃は行き届いており快適に過ごせました。TVのリモコンが埃だらけだったのだけショックでした。無料朝食もありがたいです。,,,ゲ‍ス‍ト,trip_1925187540
false,Google,1,2026-04-26,"Hotel didn’t turn on the aircon in rooms. They provided a fan after we complained about the heat. Was an extremely uncomfortable stay. The room was old, the ventilation was bad and the toilet was the old Japanese bathtub types from the 90s.  The location is convenient and the staff is polite. but there is nothing else to it. I would not recommend this at all.",,,ホテルは客室のエアコンをつけてくれず、暑さを訴えた後、ようやく扇風機を用意してくれました。非常に不快な滞在でした。部屋は古く、換気も悪く、トイレは90年代の古い日本の浴槽タイプでした。立地は便利でスタッフも丁寧でしたが、それ以外に良い点は何もありません。このホテルは全くお勧めできません。,,,Jonathan Chua,google_ChIJy_hLcceRQTURnbO4mkaV_Vs_547734030be72d2050099d9ae40995f6
false,Trip.com,9,2026-04-24,"Good Location & Spacious but then the air-conditioning was centrally controlled at night for the past 6 nights, so the room felt a bit warm.",,,立地も良く広々としているのですが、ここ6日間は夜間のエアコンが集中制御されていたため、部屋が少し暑く感じました。,,,A‍m‍a‍n‍d‍a‍ ‍O‍n‍g‍s‍t,trip_1922550410
false,Booking.com,8,2026-04-23,,,,,,,Tachimoto,bookingcom_622017_32d6134633c9df19c58c36a033889135
false,Trip.com,8,2026-04-23,感覺還良好，舒服的床褥整潔的，早餐十分之多人，還豐富…,,,全体的に快適でした。ベッドは快適で清潔でしたし、朝食もボリューム満点でした。,,,P‍i‍a‍n‍H‍o,trip_1921327128
false,Booking.com,6,2026-04-23,,,非宿泊者が、容易に宿泊階に入ってくる可能性あり。,,,非宿泊者が、容易に宿泊階に入ってくる可能性あり。,Akihiko,bookingcom_622017_cdb27abe36bc307484f7eb6ddd915d16
false,Booking.com,9,2026-04-23,,,,,,,Hsiang-chen,bookingcom_622017_384260792ccb0b928339448bae15d979
false,Booking.com,5,2026-04-23,,"早餐尚可,不算豐盛,但一定能吃飽.  酒店就在博多火車站對面,房間光線充足.  酒店出面就有的士站,方便坐的士去機埸.  有自助洗衣房洗衫,算是方便.  我們是3個人,而房間有3張椅子,一人可坐一張,這點很好,因為好多酒店,就算是2人房,也只有一張椅子.","厠所有洗頭水,護髮素同沖涼液在浴缸上,但沒有洗手液在洗手盤旁邊,每次想洗手也要伸手入浴缸取,很不方便. 而周圍真的好像其他人所說有些黑邊在浴缸和洗手盤等旁邊,感覺不太好.  我住過其他日本酒店,通常會有化妝棉,洗面奶,面霜放在大堂,可以隨便取用,但此間完全沒有.  冷氣機只是裝飾,因為無論調教到20度還是24度,室溫顯示一樣是26度.",,朝食は豪華ではありませんでしたが、お腹いっぱいになるには十分でした。ホテルは博多駅の真向かいにあり、部屋は明るく風通しが良いです。ホテルのすぐ外にタクシー乗り場があるので、空港までタクシーで行くのに便利です。セルフサービスのランドリールームもあり、とても便利でした。私たちは3人で宿泊しましたが、部屋には3人分の椅子があり、一人につき1脚ずつ置くことができました。多くのホテル、特にダブルルームには椅子が1脚しかないことが多いので、これはとてもありがたかったです。,バスルームにはバスタブにシャンプー、コンディショナー、シャワージェルは置いてありましたが、洗面台の横にハンドソープがありませんでした。手を洗うたびにバスタブの中に手を伸ばして取らなければならず、とても不便でした。また、他の方も指摘しているように、バスタブと洗面台の横に黒い縁取りがあり、違和感がありました。これまで泊まった他の日本のホテルでは、ロビーにコットンパッド、洗顔料、フェイスクリームが備え付けられていて自由に使えるのですが、このホテルにはそれらは一切ありませんでした。エアコンは飾りで、20度に設定しても24度に設定しても、室温表示は常に26度でした。,Yau,bookingcom_622017_9d7be05c8014537cb185809b3898ad9f
false,Google,5,2026-04-22,結論から言えば、私にはとても良いだけでした。 宿の写真は撮れませんでしたが！  ⭐️⭐️⭐️チェックイン前後で無料で荷物預けられます!!!!!!  場所は博多駅から徒歩2～3分ほどに位置するとても良い場所で、 日本で公共交通機関のみを使用しているので、場所はとても重要でした。 地下鉄駅とバス停全部近くに位置しています  なんだか福岡有名地はバスでも全部可能なほど博多駅に近いので、移動の難しさや徒歩でも移動が難しくありませんでした。  下にはすぐにスターバックスとセブンイレブン（セブンの中でも多様性がより大きいです。 このため、必要なものはすべて入手できました！  ホテルの衛生状態はレビューを見て心配していました。 私が泊まった部屋は状態がとても良かったです！ 入ってエアコンと除湿機？二つのパンパンにねじれなければ湿った感じがなくなることもありますㅠㅠ雨が来たのでもっとそうでした それ以外は体調が良かったです。 防音も上手です！!!!!  フロントにいたスタッフの方もとても親切で、一人が韓国語を少し話してくれて可愛くて親切でした。  ⭐️朝食はとてもおいしいです。 8時半前に行くことをお勧めします!!!!より多様なときにたくさんお召し上がりください。  あまりにも良いだけだったコンフォートの後にもぜひ利用します。,,,結論から言えば、私にはとても良いだけでした。 宿の写真は撮れませんでしたが！  ⭐️⭐️⭐️チェックイン前後で無料で荷物預けられます!!!!!!  場所は博多駅から徒歩2～3分ほどに位置するとても良い場所で、 日本で公共交通機関のみを使用しているので、場所はとても重要でした。 地下鉄駅とバス停全部近くに位置しています  なんだか福岡有名地はバスでも全部可能なほど博多駅に近いので、移動の難しさや徒歩でも移動が難しくありませんでした。  下にはすぐにスターバックスとセブンイレブン（セブンの中でも多様性がより大きいです。 このため、必要なものはすべて入手できました！  ホテルの衛生状態はレビューを見て心配していました。 私が泊まった部屋は状態がとても良かったです！ 入ってエアコンと除湿機？二つのパンパンにねじれなければ湿った感じがなくなることもありますㅠㅠ雨が来たのでもっとそうでした それ以外は体調が良かったです。 防音も上手です！!!!!  フロントにいたスタッフの方もとても親切で、一人が韓国語を少し話してくれて可愛くて親切でした。  ⭐️朝食はとてもおいしいです。 8時半前に行くことをお勧めします!!!!より多様なときにたくさんお召し上がりください。  あまりにも良いだけだったコンフォートの後にもぜひ利用します。,,,시골똥개,google_ChIJy_hLcceRQTURnbO4mkaV_Vs_8e2625c46a773b300bfc22821e506af8
false,Google,5,2026-04-22,결론부터 얘기하자면 저한테는 참 좋기만 했던 숙소예요 숙소 사진은 찍지 못했지만!  ⭐️⭐️⭐️체크인 전후로 무료로 짐 맡길 수 있습니다!!!!!!  위치는 하카타역에서 걸어서 2-3분 정도에 위치해 있는 아주 좋은 곳이고 일본에서 대중교통만 이용하다 보니 위치가 아주 중요했는데 지하철 역과 버스 정류장 전부 가까이 위치해 있습니다  왠만한 후쿠오카 유명지는 버스로도 다 가능할 정도로 하카타 역과 가까이 있어서 이동의 어려움이나 도보로도 이동이 어려울 게 없었습니다.  아래에는 바로 스타벅스와 세븐일레븐 (세븐 중에서도 다양함이 더 커요 주변에 호텔과 회사가 많아서 그런 거 같습니다) 이 있어서 필요한 건 전부 구할 수 있었어요!!  호텔 위생 상태는 리뷰를 보고 걱정을 많이 했는데 제가 묵었던 방은 상태가 너무 좋았습니다! 들어가서 에어컨이랑 제습기? 두 개 빵빵하게 틀어야 습한 느낌이 없어지는 것도 있어요ㅠㅠ 비가 왔어서 더욱 그랬습니다 그거 말고는 컨디션이 너무 좋았어요 방음도 잘 돼요!!!!!  프런트에 계시던 직원 분들도 너무 친절하시고 한 분이 한국어를 조금 할 줄 아셔서 귀엽고 친절하셨습니다ㅠㅠ  ⭐️조식 매우 맛있습니다. 8시 반 전에 가시는 거 추천 드려요!!!! 더 다양할 때 많이 드시는 걸 추천 드립니다  너무 좋기만 했둔 컴포트 다음에도 꼭 이용할게요,,,結論から話すと私にはとても良いだけだった宿ですよ宿の写真は撮れませんでしたが！  ⭐️⭐️⭐️チェックイン前後で無料で荷物預けられます!!!!!!  場所は博多駅から歩いて2-3分ほどに位置する非常に良い場所で、日本で公共交通機関のみ利用しているので、場所が非常に重要でしたが、地下鉄駅とバス停の全部近くに位置しています。なかった。  下にはすぐにスターバックスとセブンイレブン（セブンの中でも多様性がより大きいです。 周辺にホテルや会社が多くてそんなことのようです）があり、必要なものはすべて求められました！  ホテルの衛生状態はレビューを見て心配をたくさんしましたが、私が泊まった部屋は状態がとても良かったです！入ってエアコンと除湿機？二つのパンパンにねじれなければ湿った感じがなくなることもありますㅠㅠ 雨が来たのでさらにそうしました それだけでは体調がとても良かったです 防音も上手になります！  フロントにいたスタッフの方々もとても親切で、一人が韓国語を少しすることをご存知で、可愛くて親切でしたㅠㅠ⭐️朝食はとてもおいしいです。 8時半前に行くのがおすすめですよ!!!!もっと多様な時にたくさんお召し上がりいただくことをおすすめいたします。,,,시골똥개,google_ChIJy_hLcceRQTURnbO4mkaV_Vs_e8b4ca3ec8e4e9d697f9df92d7a5ffac
false,Google,1,2026-04-21,除了地點的優勢之外，我想不出任何優點！  房內昏暗，異常潮濕、悶熱。 屢次向櫃台反映，但櫃台人員的外語能力不足，態度差勁，我發誓這輩子再也不會再來住這間飯店！,,,立地が良いという点以外に、良い点は何も思いつきません！部屋は暗くて、ひどく湿気がこもっていて、息苦しかったです。フロントに何度も苦情を言いましたが、スタッフの外国語能力は不十分で、態度も最悪でした。二度とこのホテルには泊まりません！,,,Orli Catman,google_ChIJy_hLcceRQTURnbO4mkaV_Vs_cda05ae383718f548d872d5c8840f02e
false,Trip.com,10,2026-04-21,雖然是老飯店，但維持的很好，我選了榻榻米和式房，晚上很好睡，而且飯店就在博多站旁邊，周邊很方便。飯店的早餐很日式，我很喜歡,,,築年数は経っていますが、とてもよく手入れされています。私は畳敷きの和室を選びましたが、夜はぐっすり眠ることができました。ホテルは博多駅のすぐそばという便利な立地です。朝食は本格的な和食で、とても美味しくいただきました。,,,ゲ‍ス‍ト,trip_1919172470
false,Google,1,2026-04-21,立地が良いこと以外に、良い点が全く思いつきません！  部屋は暗く、異常に湿気が多く、蒸し暑かったです。  フロントに何度も苦情を言いましたが、スタッフの外国語能力は不十分で、態度も最悪でした。二度とこのホテルには泊まりません！,,,立地が良いこと以外に、良い点が全く思いつきません！  部屋は暗く、異常に湿気が多く、蒸し暑かったです。  フロントに何度も苦情を言いましたが、スタッフの外国語能力は不十分で、態度も最悪でした。二度とこのホテルには泊まりません！,,,Orli Catman,google_ChIJy_hLcceRQTURnbO4mkaV_Vs_4855ddb930f868ca5545eb11d2591afb
false,Booking.com,2,2026-04-20,,,,,,,Shinjiy,bookingcom_622017_b3a266ab3b7e78e1fd12e99f6820d25c
false,Booking.com,10,2026-04-20,,,,,,,薏慈,bookingcom_622017_b7f4d1bbc15b02e0fb35417c660d3b6b
false,Trip.com,5,2026-04-20,"1. 4월말~5월초여도 특정시간대에는 날씨가 매우 덥고 방안은 더 덥습니다. 게다가 창문도 없어서 더 덥습니다. 그래서 에어컨을 틀어달라 요청을 했으나 아직 에어컨을 가동시킬 시기가 아니라며 안된다고 합니다. 그냥 냉기없이 바람만 나오며 에어컨을 안틀어준다고 합니다. 저 뿐만아니라 옆에 다른 호텔 이용객도 너무 더워서 에어컨을 틀어달라고 했으나 안틀어준다고 합니다,  가족여행으로 부모님을 모시고 왔고 내 돈을 지불하고 호텔을 이용하는데 에어컨도 내마음대로 못트는게 잘못되었다고 생각합니다. 무작정 비판하는것이 아닌 정중하게 요청을 했음에도 이용객이 마음대로 에어컨도 못틀게 하는것이 정상적인 운영이 맞나 싶습니다,   2. 시설이 노후된 부분은 당연히 세월이 지나며 어쩔 수 없다고 생각합니다. 다만 환풍구 같은곳이 청소가 안되어서 먼지가 상당히 많이 쌓여있습니다. 그리고 가구나 옷장에 먼지가 많이 있어서 그 부분은 조금 아쉽습니다. 노후된 부분을 지적하는게 아닙니다. 말그대로 청소상태에 대한 부분입니다,   3. 조식은 훌륭합니다. 단백질과 탄수화물, 채소류가 적절하게 잘 나와서 하루의 시작을 힘이나게 잘 준비해주십니다. 이부분은 매우 좋습니다  4. 직원분들의 친절도 또한 매우 좋습니다,  인사도 종종 해주시고 고객응대시 친절하게 해주십니다 .(다만 에어컨을 안틀어주는 시스템과 운영방침이 이해가 안가고 내돈을 내고 숙박을 하는데 에어컨조차 못틀게 하는게 당황스럽고 다시는 이용하고 싶지 않은 이유입니다)  5.비가올때 우산대여 서비스는 칭찬해주고 싶습니다.",,,1. 4月末～5月初めでも、特定の時間帯には天気が非常に暑く、案はより暑いです。しかも窓もなくて暑いです。だからエアコンを入れて要請したが、まだエアコンを稼働させる時期ではないといえないという。ちょうど冷気なしで風だけ出てエアコンを漂わせてくれるそうです。私だけでなく、隣に他のホテルの利用者も暑すぎてエアコンを入れてほしいと言っていたのですが、安らかにしてくれるそうです。無作為に批判するのではなく丁寧に要請をしたにもかかわらず、利用者が勝手にエアコンも苦手にするのが正常な運営が合いたいと思います。ただし、換気口のような場所は清掃できず、ほこりがかなりたくさん積み上げられています。そして家具やワードローブにほこりがたくさんあり、その部分は少し残念です。老朽化した部分を指摘するわけではありません。文字通り清掃状態の一部です、3.朝食は素晴らしいです。たんぱく質や炭水化物、野菜類が適切に出てきて、一日の始まりを力強く準備してくれます。この部分はとても良いです。したいです。,,,ゲ‍ス‍ト,trip_1916790272
false,Trip.com,8,2026-04-20,위치는 바로 하카타역 건너라서 정말 좋았어요 도착하자 마자 가방 맡기고 나와서 일정 보고 중간 중간 하카타역에서 쇼핑하고 가방 안에다가 쇼핑한거 넣으니까 좋더라구요 체크인은 3시라 늦은편인데 일단 체크인하고 좀 쉬다 나와서 또 주변이 하카타역이라 돌아다니기 넘 좋더라구요  그리고 나오는 날도 짐 맡기는 곳에 락커에 캐리어 걸어두고 왔다 갔다 쇼핑하고 짐 넣고 바로 앞에서 택시타고 공항 오니까 넘 좋았어요  그동안 후쿠오카 여러번 가고 주변 호텔들도 여러개 썼었는데 가격대비 괜찮은것 같습니다  바로 밑에 편의점도 있어서 간식 같은것도 사다 먹기에 좋구요,,,場所はすぐ博多駅を渡ったので本当によかったです。日も荷物預かるところにロッカーにキャリアをかけて来て行った 買い物して荷物入れてすぐ前からタクシー乗り空港に来たので以上良かったです その間福岡何度も行って周辺のホテルもいくつも使ったが価格に比べて大丈夫そうです すぐ下にコンビニもありました,,,C‍h‍o‍i‍8‍0,trip_1917340812
false,Trip.com,10,2026-04-20,我覺得空間算蠻大的，除了地毯黑黑看起來舊舊的，其它我覺得都ok，櫃檯接待很客氣、早餐種類不多但味道是好吃的,,,部屋はかなり広いと思います。暗くて少し古びたカーペットを除けば、他はすべて問題ありませんでした。受付の人はとても丁寧で、朝食の種類は多くはありませんでしたが、料理は美味しかったです。,,,ゲ‍ス‍ト,trip_1917403962
false,Trip.com,10,2026-04-20,Great time there,,,そこで素晴らしい時間を過ごしました。,,,S‍u‍p‍e‍r‍1‍1,trip_1917984886
false,Booking.com,6,2026-04-19,,Location close to station,Breakfast but then again you cannot expect to have full English breakfast in Japan just enough basic stuff to keep you going,,駅に近い立地,朝食はありますが、日本で本格的なイングリッシュブレックファーストを期待することはできません。最低限の基本的な朝食で十分です。,Steven,bookingcom_622017_8b7956a866fb0ad0f3cbf038d7e49b8f
false,Trip.com,8,2026-04-19,Excellent location for travel around North Kyushu area,,,北九州地方への旅行に最適な立地です。,,,ゲ‍ス‍ト,trip_1915837232
false,Google,3,2026-04-19,,,,,,,Naoto Kitajima,google_ChIJy_hLcceRQTURnbO4mkaV_Vs_e7953db615aa5db6384275456a9a0a04
false,Booking.com,7,2026-04-16,,,,,,,Weipyng,bookingcom_622017_33a13d1dd1aa3429bf38810310c92475
false,楽天トラベル,3,2026-04-16,ホテル自体が少し古めで、部屋も少し暗かったです。朝食バイキングは普通に美味しく、パンも次々と色んな種類が出ていました。 駅の目の前にあるので立地はとても便利です！,,,ホテル自体が少し古めで、部屋も少し暗かったです。朝食バイキングは普通に美味しく、パンも次々と色んな種類が出ていました。 駅の目の前にあるので立地はとても便利です！,,,ちゃっぴー1026,rakuten_29211_8b713cbb5b9a4bfa66323b36de5f1cc0
false,Trip.com,7,2026-04-16,位置很不錯,,,立地はとても良いです。,,,ゲ‍ス‍ト,trip_1912103978
false,Trip.com,10,2026-04-16,博多駅から徒歩5分の好立地で、地下には衣食住の有名店が並ぶ場所があり、とても便利です。リーズナブルの割には部屋も綺麗だし、同じ価格のホテルと比べても水回りも整備されています。,,,博多駅から徒歩5分の好立地で、地下には衣食住の有名店が並ぶ場所があり、とても便利です。リーズナブルの割には部屋も綺麗だし、同じ価格のホテルと比べても水回りも整備されています。,,,ラ‍ミ‍ー,trip_1912454708
false,Trip.com,10,2026-04-16,"일단 위치가 너무 좋아서 짐이 많아도 잠깐 두고가기도 편하고 뷰가 너무 이뻐요 진짜,,,,!!! 직원들도 다 너무 친절하고 초밥 사와놓고 젓가락 안가져와서 프론트에 혹시 있나 문의했더니 친절히 다 챙겨주실정도에요!!",,,とりあえず位置が良くて荷物が多くてもしばらく置いていくのも楽でビューがとてもきれいです 本物、、、、！スタッフもみんなとても親切で寿司を沢山置いてお箸を持ってきてフロントにもしているかお問い合わせいただきましたら親切に全部手に入れてくださるくらいです！,,,ゲ‍ス‍ト,trip_1912465286
false,Trip.com,9,2026-04-15,Check in時￼，有遇到會講中文的服務人員，飯店地點走出博多車站過個紅綠燈就到達，距離非常近，是讓人下次還會想再預訂。￼,,,チェックインの際、中国語を話せるスタッフに出会いました。ホテルは博多駅から信号を渡ったすぐの場所にあり、非常に便利なので、ぜひまた利用したいと思います。,,,ゲ‍ス‍ト,trip_1911020688
false,Trip.com,9,2026-04-15,飯店人員很親切，會盡力協助解決問題 地點非常方便，對面就是博多車站 房間算寬敞舒適，29+27吋行李同時全開也沒問題 雖然裝潢不是很時髦嶄新，但是滿乾淨的，只是冰箱真的太舊了XD 唯一的問題真的是隔音較差，救護車、警察的聲音很大聲 早餐是免費的，味道也算不錯，其他時間也可以在餐廳的區域，享用免費的飲料,,,ホテルスタッフはとても親切で、問題解決のために最善を尽くしてくれました。立地は博多駅の真向かいと非常に便利です。部屋は広々として快適で、29インチと27インチのスーツケースをフルに伸ばしても問題ありませんでした。内装は特に流行の最先端というわけではありませんでしたが、清潔感はありました。ただ、冷蔵庫はかなり古かったです（笑）。唯一の難点は防音性の悪さで、救急車やパトカーの音がかなり大きく聞こえました。朝食は無料で、味もなかなか美味しかったです。レストランエリアでは、それ以外の時間帯にも無料のドリンクが提供されていました。,,,ゲ‍ス‍ト,trip_1911272876
false,Trip.com,10,2026-04-15,"I had a wonderful stay at this hotel. The room was spacious and very comfortable, which made it easy to relax after a long day. The location is also very convenient, with easy access to transportation and nearby attractions.",,,このホテルでの滞在は素晴らしかったです。部屋は広々としていてとても快適だったので、長い一日の後、ゆっくりとくつろぐことができました。立地も非常に便利で、交通機関や近隣の観光スポットへのアクセスも容易でした。,,,M‍i‍s‍h‍o‍_‍O,trip_1911340106
false,Trip.com,9,2026-04-15,房間空間不大，設施有點老舊，飯店位置極佳，對面就是博多車站跟巴士總站，到哪都非常方便，生活機能良好，附近百貨商場林立，吃喝選擇性多，因為飯店早餐是免費的，口味與選擇上還算可以接受，比較不滿意的是飯店提供的Wifi不太穩定，有時正常有時不正常，不如使用自己的網路，另外就是浴室的蓮蓬頭水壓不錯，但水溫不太穩定，雖然不至於忽冷忽熱，但溫度確實會上上下下的。,,,部屋は狭く、設備もやや古かった。ホテルの立地は抜群で、博多駅とバスターミナルの真向かいにあり、移動には非常に便利だった。周辺にはデパートが多く、飲食店も豊富で、生活に必要な施設が揃っていた。ホテルの朝食は無料だったので、味と種類は許容範囲だった。残念だったのは、ホテルのWi-Fiが不安定で、繋がったり繋がらなかったりしたため、自分のネットワークを使った方が良かったことだ。また、バスルームのシャワーの水圧は良かったが、水温が安定していなかった。急に熱くなったり冷たくなったりするほどひどくはなかったが、温度が変動した。,,,洪‍俞‍任,trip_1911740202
false,楽天トラベル,4,2026-04-13,コスパ最強！,,,コスパ最強！,,,はなよさくよ,rakuten_29211_d384599239049ec704313f03c3689fbc
false,Trip.com,7,2026-04-13,ทำเลดี อาหารเช้าไม่ดี ห้แงแคบ แอร์ไม่เย็น,,,立地は良かったが、朝食はまずく、部屋は狭く、エアコンも故障していた。,,,R‍o‍n‍g‍n‍a‍j‍a,trip_1908758740
false,Trip.com,8,2026-04-13,직원분들 모두 친절하시고 위치가 굉장히 좋네요 조식도 나름 괜찮았습니다,,,スタッフ全員親切で場所がとても良いですね朝食もそれなり大丈夫でした,,,ゲ‍ス‍ト,trip_1908850316
false,Trip.com,9,2026-04-13,가성비 최고,,,コスパ最高,,,ゲ‍ス‍ト,trip_1908885084
false,Trip.com,10,2026-04-13,位置就在博多車站對面 周邊很多餐廳 火車站大樓就是購物中心 酒店房間乾淨 工作人員友好 早餐簡單但是很有營養 下次去博多一定還會入住這家,,,ホテルは博多駅の真向かいに位置し、周辺には多くの飲食店が立ち並んでいます。駅舎はショッピングセンターとしても利用されています。客室は清潔で、スタッフは親切、朝食はシンプルながら栄養満点でした。次回博多を訪れる際は、必ずまたここに泊まりたいと思います。,,,ゲ‍ス‍ト,trip_1909249769
false,Booking.com,4,2026-04-13,,,,,,,Ping,bookingcom_622017_b85815d04cec053ce6deb8021f2df1b8
false,Trip.com,10,2026-04-13,Ottimo soggiorno!,,,素晴らしい滞在でした！,,,ゲ‍ス‍ト,trip_1909559409
false,Trip.com,9,2026-04-12,여긴 위치가 다한 곳이예요 위치깡패입니다 나름 조식도 갓이예요 하카타역 맞은편이고 1층에는 스벅과 편의점이 가깝고 지하에는 이치란 라멘도 있어요,,,これは場所が尽きたところです。,,,닭‍발‍이,trip_1907545634
false,Trip.com,10,2026-04-12,어디든 편히 다녕옷ㄴ 수 있어서 넘 좋아요,,,どこでもリラックスできます。,,,쿤‍타,trip_1907735918
false,Trip.com,9,2026-04-12,在車站對面，方面第二天一朝早乘坐火車出行。送早餐，雖選擇不多，但足夠。有日式及西式食飯供選擇,,,駅の向かいに位置し、翌朝の電車利用に便利です。朝食も提供しており、種類は限られていますが十分です。和食と洋食が選べます。,,,ゲ‍ス‍ト,trip_1907751434
false,Booking.com,5,2026-04-12,,駅から近かった。,部屋の壁にシールが貼ってあった。 掃除の時に気づかなかったみたい。壁と似た色だから分からなかったのかな。,,駅から近かった。,部屋の壁にシールが貼ってあった。 掃除の時に気づかなかったみたい。壁と似た色だから分からなかったのかな。,いし,bookingcom_622017_86f9bb9b1414c7c945cec8fbd6450497
false,Booking.com,5,2026-04-12,,,,,,,Norie,bookingcom_622017_933281fb9ca15da53dd401cb79883e8b
false,Trip.com,10,2026-04-12,"Close to Hakata Station, lots of restaurants nearby, 7-11 and Starbucks are located right next to the hotel. It is a bit old but for the price is alright. Breakfast was ok, 3 main dishes and salad and soups with sausages and scrambled eggs, free lemon water and tea of the day and coffee between 2pm to midnight. Free night gowns from lobby. Would recommend if you want a hotel close to the station and not too picky about the food choices for breakfast",,,博多駅に近く、周辺にはたくさんのレストランがあり、セブンイレブンとスターバックスはホテルのすぐ隣にあります。少し古いですが、値段を考えれば妥当です。朝食はまあまあで、メイン料理3品とサラダ、ソーセージとスクランブルエッグのスープ、無料のレモンウォーター、日替わり紅茶、午後2時から深夜0時までのコーヒーがありました。ロビーで無料のナイトガウンを借りられます。駅に近いホテルを探していて、朝食の選択肢にあまりこだわりがないならおすすめです。,,,W‍i‍n‍c‍e‍e,trip_1908349614
false,Booking.com,7,2026-04-11,,位置，近車站,房間床頭櫃頂完全冇清潔，滿佈灰塵，需要自己清潔,,駅近くの立地,部屋のベッドサイドテーブルの天板は全く掃除されておらず、埃まみれだったので、自分で掃除する必要があった。,Wai,bookingcom_622017_7298b7c8ce19f79a74185fb13f92f88f
false,Booking.com,5,2026-04-11,,駅近,老朽化と枕の匂い,,駅近,老朽化と枕の匂い,Takafumi,bookingcom_622017_852b724c8c74116fce74ac0ad2b2ba38
false,Booking.com,8,2026-04-11,,,,,,,Dorit,bookingcom_622017_dc987af9692912e2e1d603a5311e854f
false,Google,3,2026-04-11,,,,,,,小池雅之,google_ChIJy_hLcceRQTURnbO4mkaV_Vs_51ed9e60affb45922390bc3b46657d23
false,じゃらん,4,2026-04-11,ホテル自体は古さを感じます、部屋は綺麗にリニューアルされていましたが、ユニットバスは古いままでドアを開けた瞬間少し嫌な臭いがしました。チェックイン前と後にも荷物を預かってもらえて助かりました。本当に駅前の信号を渡るとすぐなので、大変便利です。  無料の朝食も付いていて、食べ過ぎることない適度な種類なので良かったです。  また博多に行く際は、利用したいと思います。,,,ホテル自体は古さを感じます、部屋は綺麗にリニューアルされていましたが、ユニットバスは古いままでドアを開けた瞬間少し嫌な臭いがしました。チェックイン前と後にも荷物を預かってもらえて助かりました。本当に駅前の信号を渡るとすぐなので、大変便利です。  無料の朝食も付いていて、食べ過ぎることない適度な種類なので良かったです。  また博多に行く際は、利用したいと思います。,,,みっちゃんさん,jalan_308449_0e0e597b3d09d4ad2733d05384ce85de
false,Trip.com,9,2026-04-10,"Fue bastante cómoda, a pesar de solo estar 2 noches, la habitación era perfecta aunque el desayuno dejaba un poco que desear. Por lo general todo bien.",,,たった2泊の滞在でしたが、とても快適でした。部屋は完璧でしたが、朝食は少し物足りなさを感じました。全体的には満足です。,,,匿‍名‍ユ‍ー‍ザ‍ー,trip_1905322704
false,Trip.com,10,2026-04-10,"I love this hotel with their sincere hospitality, the location is perfect with just 3 mins walk, right opposite the Hakata Station which makes it easy to travel around. It includes complimentary breakfast although my booking opted out breakfast. Staffs are superb and friendly. Would certainly stay here for my next trip to Fukuoka.",,,このホテルの温かいおもてなしが大好きです。立地も最高で、博多駅の真向かい、徒歩わずか3分なので、移動も楽々です。予約時に朝食はオプションで選びましたが、無料の朝食も付いていました。スタッフの方々は素晴らしく、とても親切でした。福岡にまた来る時は、必ずここに泊まりたいと思います。,,,ゲ‍ス‍ト,trip_1905390720
false,Trip.com,9,2026-04-10,Location good  Breakfast good  Room very clean Beds are comfortable and relax,,,立地が良い、朝食が良い、部屋がとても清潔、ベッドが快適でリラックスできる,,,ゲ‍ス‍ト,trip_1905465496
false,Google,5,2026-04-10,客室はすっきりしており、朝食も十分でした。,,,客室はすっきりしており、朝食も十分でした。,,,강종태,google_ChIJy_hLcceRQTURnbO4mkaV_Vs_3b6f65a6b54578e7e2386948ab3dfd70
false,Google,5,2026-04-10,"객실 깔끔하고, 조식도 충분 했습니다.",,,客室はすっきりと、朝食も十分でした。,,,강종태,google_ChIJy_hLcceRQTURnbO4mkaV_Vs_94cd7a6152411d8aeb510bc432097772
false,Trip.com,9,2026-04-09,Ideal location! The hotel is situated just across Hakata Station. Breakfast was good.,,,最高のロケーション！ホテルは博多駅のすぐ向かいに位置しています。朝食も美味しかったです。,,,ゲ‍ス‍ト,trip_1904463838
false,Trip.com,9,2026-04-09,"Excellent location, just across Hakata Station.  The breakfast was good!",,,博多駅のすぐ向かいという最高のロケーション。朝食も美味しかったです！,,,ゲ‍ス‍ト,trip_1904533814
false,Booking.com,10,2026-04-09,,"Clean, near Hakata Station, free breakfast and adequate room space. No issues with check-in and check-out. Staff was absolutely lovely, helpful, and accommodating.","None, absolutely enjoyed our stay",,清潔で博多駅に近く、無料の朝食付きで部屋も十分な広さでした。チェックインとチェックアウトもスムーズでした。スタッフの方々はとても親切で、親身になって対応してくれました。,いいえ、滞在を心から楽しみました,Caryl,bookingcom_622017_3bdb0d7555299f1b77847385335a6852
false,Trip.com,10,2026-04-09,位置冇得彈，雖然設施有啲年代感，但乾淨企理，應有嘅服務都齊備，係旅行落腳嘅好地方,,,立地は最高で、設備はやや古めですが、清潔で整頓されており、サービスも充実しているので、旅行には良い場所です。,,,h‍i‍n‍a‍9‍4,trip_1905080612
false,Booking.com,10,2026-04-08,,Very clean room and bathroom. The laundry facilities (3x washers & 3x dryers) were also very good.,The breakfast staff were a little eager to close up the breakfast area.,,部屋もバスルームもとても清潔でした。洗濯設備（洗濯機3台、乾燥機3台）も非常に良かったです。,朝食スタッフは、朝食エリアを早く閉めたい様子だった。,Allister,bookingcom_622017_b33f0b7449afd434f4f7193f655ba09e
false,Booking.com,6,2026-04-08,,Proximité de la gare.,Lit petit pour deux personnes. Lit mal posotionné pour personnes âgées.,,駅に近い。,2人用の小さなベッド。高齢者にはベッドの位置が不向き。,Gerard,bookingcom_622017_4204d77532f67d751c115723c66cdbec
false,Google,5,2026-04-08,設備は確かに古いですが、全体的に清潔で非常にリーズナブルです。英語が堪能なフレンドリーなスタッフもいます。博多駅のすぐ向かいにあり、周辺にはたくさんの食料品店があります。朝食は無料で、驚くほど美味しく、福岡の他のホテルの有料朝食よりも美味しいです。,,,設備は確かに古いですが、全体的に清潔で非常にリーズナブルです。英語が堪能なフレンドリーなスタッフもいます。博多駅のすぐ向かいにあり、周辺にはたくさんの食料品店があります。朝食は無料で、驚くほど美味しく、福岡の他のホテルの有料朝食よりも美味しいです。,,,茶ん,google_ChIJy_hLcceRQTURnbO4mkaV_Vs_fd97f7c08c55737d3443b2316162f025
false,Google,5,2026-04-08,"The facilities are on the older side yes, but it is broadly clean and hugely affordable. Friendly staff that speaks good english. Just across the road from Hakata station with a huge range of food stores to choose from. The breakfast is free and surprisingly good, better than some of the paid ones in other hotels in Fukuoka",,,設備は確かに古いですが、全体的に清潔で非常にリーズナブルです。英語が堪能なフレンドリーなスタッフもいます。博多駅のすぐ向かいにあり、周辺にはたくさんの食料品店があります。朝食は無料で、驚くほど美味しく、福岡の他のホテルの有料朝食よりも美味しいです。,,,茶ん,google_ChIJy_hLcceRQTURnbO4mkaV_Vs_9d0face6dfb707aee19aacbb65feefd3
false,Trip.com,9,2026-04-08,Old hotel but good location,,,古いホテルだが立地は良い,,,ゲ‍ス‍ト,trip_1903082384
false,Trip.com,8,2026-04-08,"車站步行不足五分鐘就到、酒店位置方便 , 時間比較長， 房間舒適 , 食野行街方便 , 性價比高，深受商務客歡迎。",,,このホテルは駅から徒歩5分以内という便利な場所に位置し、快適な客室、レストランやショッピング街へのアクセスの良さ、そして優れたコストパフォーマンスを提供しているため、ビジネス旅行者に人気の選択肢となっています。,,,p‍k‍k‍ ‍p‍k‍k,trip_1903159454
false,Trip.com,10,2026-04-08,ทำเลที่ตั้งโรงแรมดีมากๆ ตั้งอยู่ใกล้รถไฟใต้ดิน และตัวสถานี jr  สามารถเดินไปได้เพียง 1-2 นาที ห้องกว้างมาก มีอาหารเช้าฟรีให้บริการ อีกทั้งยังฝากกระเป๋าเดินทางได้ ห้องพักเป็นสไตล์เก่าๆแต่อุปกรณ์เพียบพร้อม,,,ホテルの立地は抜群で、地下鉄駅とJR駅から徒歩わずか1～2分です。客室は非常に広々としており、無料の朝食が付いています。荷物預かりサービスも利用可能です。客室はやや古いスタイルですが、設備は充実しています。,,,匿‍名‍ユ‍ー‍ザ‍ー,trip_1903170934
false,Trip.com,10,2026-04-08,"The facilities are on the older side yes, but it is broadly clean and hugely affordable. Friendly staff that speaks good english. Just across the road from Hakata station with a huge range of food stores to choose from. The breakfast is free and surprisingly good, better than some of the paid ones in other hotels in Fukuoka",,,設備は確かに古いですが、全体的に清潔で非常にリーズナブルです。英語が堪能なフレンドリーなスタッフもいます。博多駅のすぐ向かいにあり、周辺にはたくさんの食料品店があります。朝食は無料で、驚くほど美味しく、福岡の他のホテルの有料朝食よりも美味しいです。,,,ゲ‍ス‍ト,trip_1903289826
false,Trip.com,8,2026-04-08,"Good location with large rooms, friendly staff though decor is dated and breakfast selection is limited. Laundry try and dryer on 14 floor is a plus.",,,立地が良く、部屋も広く、スタッフも親切ですが、内装はやや古く、朝食の種類も限られています。14階に洗濯乾燥機があるのは良い点です。,,,ゲ‍ス‍ト,trip_1903516146
false,Booking.com,5,2026-04-07,,スタッフの対応は良かった。  朝食の時のスタッフがてきぱきと客をゆうどうし、見事です。  スタッフに道を訪ねてもみ皆さん親切に丁寧でした。🙏,朝食の時のスタッフがキレイにテーブルを拭いていなかった。外国の文化と違うのかな？  日本で働いてくれているので有難いのですが、キレイでなく残念でした。  四角テーブルを丸く拭く。  前の方の飲んだコーヒーの後が残っていたなど、残念です。,,スタッフの対応は良かった。  朝食の時のスタッフがてきぱきと客をゆうどうし、見事です。  スタッフに道を訪ねてもみ皆さん親切に丁寧でした。🙏,朝食の時のスタッフがキレイにテーブルを拭いていなかった。外国の文化と違うのかな？  日本で働いてくれているので有難いのですが、キレイでなく残念でした。  四角テーブルを丸く拭く。  前の方の飲んだコーヒーの後が残っていたなど、残念です。,Sueko,bookingcom_622017_29660a94a1de44234d54a01c5d82be8e
false,Booking.com,8,2026-04-07,,位置極佳,裝飾過舊，Wi-Fi 一直斷線,,絶好のロケーション,内装は時代遅れだし、Wi-Fiも頻繁に切断される。,Che,bookingcom_622017_2da4bc56b7774f9a5b17e9efaa22fefb
false,Booking.com,8,2026-04-07,,,,,,,Tobias,bookingcom_622017_2d95188a755067ac95e25f90b6e7c1ab
false,Booking.com,8,2026-04-07,,"무료로 제공되는 조식은 매일 조금씩 변화가 있었고, 종류가 다양하지는 않지만 꼭 필요한 것들은 준비되어 있었습니다. 빵종류 밥종류 국종류 스프 소시지 음료수 커피 등등   로비에 있는 곳에서 식사 시간을 제외하고 편안하게 차를 마시거나 책을 읽거나 밖에서 사 온 음식과 맥주 등을 마실 수 있었습니다.   하카타역 바로 앞이라 이동하기에도 정말 좋습니다.  직원들도 친절합니다.",시설이 약간 오래된 것 같기는 합니다.,,無料で提供される朝食は毎日少しずつ変化があり、種類が多様ではありませんが、必ず必要なものは用意されていました。パンの種類 ご飯の種類 国の種類 スープソーセージ 飲み物 コーヒーなど ロビーにあるところで食事時間を除いて快適にお茶を飲んだり、本を読んだり、外で買ってきた食べ物やビールなどを飲むことができました。   博多駅のすぐ前で移動するのにも大変です。  スタッフも親切です。,施設が少し古いようです。,Woosung,bookingcom_622017_1493f377f9ce80b57a8a6f67addf46f6
false,Booking.com,5,2026-04-07,,,,,,,岡崎,bookingcom_622017_50603eae3301827339c1c0f7922dc7e4
false,Google,4,2026-04-07,飾り気のないホテル。シンプルだけど清潔で実用的、そしてフレンドリー。また利用したい。,,,飾り気のないホテル。シンプルだけど清潔で実用的、そしてフレンドリー。また利用したい。,,,Klaus K.,google_ChIJy_hLcceRQTURnbO4mkaV_Vs_eb738c2c4d177c8e07d1263090492f2b
false,Google,4,2026-04-07,No frills hotel. Basic but clean and practical and friendly. Anytime again,,,飾り気のないホテル。シンプルだけど清潔で実用的、そしてフレンドリー。また利用したい。,,,Klaus K.,google_ChIJy_hLcceRQTURnbO4mkaV_Vs_0841cacaac4100c5b304b8f80312a3ab
false,Google,4,2026-04-07,可能清潔&管理已經有改善，並沒有許多評價那麼的恐怖不堪。房間有年代感，也有使用痕跡，但雙床房空間很大、打掃的也很乾淨。沒有電線外露、衛浴也很乾淨沒有異味。 以這個地點和價位來說還是很不錯的選擇。,,,清掃や管理体制は改善されたようで、多くのレビューで指摘されていたほどひどい状態ではありませんでした。部屋は古びた印象で、使用感はありましたが、ツインルームは広々としていてとても清潔でした。配線がむき出しになっている箇所はなく、バスルームも清潔で無臭でした。立地と価格を考慮すると、今でも非常に良い選択肢だと思います。,,,Mr. Poken,google_ChIJy_hLcceRQTURnbO4mkaV_Vs_db6c26ab054a35d896b065c0ad7a7c0d
false,Google,4,2026-04-07,清掃や管理体制は改善されたようで、多くのレビューで指摘されていたほどひどくはありませんでした。部屋は古さを感じさせ、使用感はありましたが、ツインルームは広々としていてとても清潔でした。配線がむき出しになっている箇所もなく、バスルームも清潔で嫌な臭いもありませんでした。  立地と価格を考慮すると、今でも非常に良い選択肢だと思います。,,,清掃や管理体制は改善されたようで、多くのレビューで指摘されていたほどひどくはありませんでした。部屋は古さを感じさせ、使用感はありましたが、ツインルームは広々としていてとても清潔でした。配線がむき出しになっている箇所もなく、バスルームも清潔で嫌な臭いもありませんでした。  立地と価格を考慮すると、今でも非常に良い選択肢だと思います。,,,Mr. Poken,google_ChIJy_hLcceRQTURnbO4mkaV_Vs_8eac63161bdeb9596da4961aa7501b50
false,Booking.com,7,2026-04-06,,,,,,,麥芳瑜,bookingcom_622017_29c111a0d92b740c0ab81749f12d3e9d
false,Trip.com,10,2026-04-06,호텔이 전체적으로 오래되었지만 청소부분이나 객실상태는 깔끔한편이었고 무엇보다 위치가 하카타역바로앞이라 너무 좋았구요 창이커서 뷰도 좋았습니다,,,ホテルは全体的に古いですが、清掃部分や部屋の状態はきれいでした。,,,ゲ‍ス‍ト,trip_1900011434
false,Trip.com,7,2026-04-06,部屋は広いが浴室が狭かった。ロビーも狭い。ただ荷物を預けやすいようになっていたのは良かった。,,,部屋は広いが浴室が狭かった。ロビーも狭い。ただ荷物を預けやすいようになっていたのは良かった。,,,ゲ‍ス‍ト,trip_1900457600
false,Trip.com,9,2026-04-05,"It's OK for 1 night, very near to train station. Too crowded at the breakfast place!",,,一泊する分には問題ない。駅からもとても近い。朝食会場は混雑しすぎている！,,,ゲ‍ス‍ト,trip_1899067661
false,Trip.com,10,2026-04-05,Hotel is very near to Hakata Station. Friendly staff & room size is fine for us. However the air con temperature was controlled even though there aircon control in the room. The window cannot be open.,,,ホテルは博多駅からとても近いです。スタッフは親切で、部屋の広さも私たちには十分でした。ただ、部屋にエアコンの調節機能があるにもかかわらず、エアコンの温度が制限されていました。窓も開けられませんでした。,,,匿‍名‍ユ‍ー‍ザ‍ー,trip_1899121288
false,Booking.com,8,2026-04-05,,,,,,,Jonathan,bookingcom_622017_c1f80eddea77f14650a2062dda3eb15c
false,Booking.com,9,2026-04-05,,,,,,,子謙,bookingcom_622017_3b1306c375860082f49af33ebb207e26
false,じゃらん,4,2026-04-05,駅を出てすぐなので迷いませんし、便利です。朝食はバラエティ豊かで美味しかったです。伝統料理の水炊き風スープが飲めたのもうれしかったです。チェックインの前後に荷物を預かっていただけたのが助かりました。,,,駅を出てすぐなので迷いませんし、便利です。朝食はバラエティ豊かで美味しかったです。伝統料理の水炊き風スープが飲めたのもうれしかったです。チェックインの前後に荷物を預かっていただけたのが助かりました。,,,みーちゃんさん,jalan_308449_f1a282ba3eb0226ffecc936fc541486c
false,Trip.com,8,2026-04-04,地點相當方便，一出博多站就看到，完全不用擔心迷路 房間大小剛剛好，但設施比較陳舊 地點優於一切！,,,立地はとても便利で、博多駅を出てすぐなので迷う心配はありません。部屋の広さはちょうど良いのですが、設備は少し古めです。一番の魅力は立地の良さです！,,,ゲ‍ス‍ト,trip_1897545682
false,楽天トラベル,5,2026-04-04,子供１人添い寝無料で宿泊。駅、地下鉄、バスターミナル、コンビニ、地下街、スタバ、飲食店。 ホテルから全てが近くて、便利。親はとても楽です。 チェックイン前に荷物を預けて、身軽に遊びに行けました。 宿泊時には子供用にタオルと歯ブラシをいただきました。 お部屋は確かに暗めです。 宿泊箇所が10階以上なので、道路の声や音などは聞こえませんでした。 夜、救急車のサイレンは聞こえました。 朝食の場所は広くはないですが、スタッフさんがしっかり誘導してくれるのでスムーズ。 海外からの観光客、日本の家族連れも多かったですが、全く騒がしくなく静かに食事されてました。 食事は美味しく、子供も喜んでいました。 長期休み中の小学生はホテルや公共の交通機関、施設など安かったり無料な箇所が多く、ありがたいです。 よい旅ができました。,,,子供１人添い寝無料で宿泊。駅、地下鉄、バスターミナル、コンビニ、地下街、スタバ、飲食店。 ホテルから全てが近くて、便利。親はとても楽です。 チェックイン前に荷物を預けて、身軽に遊びに行けました。 宿泊時には子供用にタオルと歯ブラシをいただきました。 お部屋は確かに暗めです。 宿泊箇所が10階以上なので、道路の声や音などは聞こえませんでした。 夜、救急車のサイレンは聞こえました。 朝食の場所は広くはないですが、スタッフさんがしっかり誘導してくれるのでスムーズ。 海外からの観光客、日本の家族連れも多かったですが、全く騒がしくなく静かに食事されてました。 食事は美味しく、子供も喜んでいました。 長期休み中の小学生はホテルや公共の交通機関、施設など安かったり無料な箇所が多く、ありがたいです。 よい旅ができました。,,,kohiyaro,rakuten_29211_e3991c82b787873e5dbe035e0fbd3ce5
false,Trip.com,6,2026-04-03,"The location of the hotel was actually very near to Hakata station, but the hotel facilities seems old. The toilets are not clean as it seems on photos, i even saw a bug on the floor and smells bad when i checked in to the room. The rooms are too tight to even open my luggages.",,,ホテルの立地は博多駅に非常に近かったのですが、ホテルの設備は古びていました。トイレは写真で見るほど清潔ではなく、チェックインした時には床に虫がいて、悪臭もしました。部屋は狭すぎてスーツケースを開けることさえできませんでした。,,,C‍H‍E‍R‍I‍E‍ ‍C‍.,trip_1896800664
false,Trip.com,9,2026-04-03,첫 일본 여행이신 어머니 모시고 갔습니다. 직원분들 매우 친절하시고 호텔 위치는 역 바로 앞이라 이동하기 최상입니다. 짐도 보관 후 쇼핑 관광 가능해서 대만족이네요..,,,初めての日本旅行である母親を迎えに行きました。スタッフの方はとてもフレンドリーで、ホテルの場所は駅のすぐ前で移動するのに最適です。荷物も保管後にショッピング観光可能なので大満足ですね..,,,에‍쎄‍체‍인‍지,trip_1896993040
false,Google,4,2026-04-03,海外の方の利用が多い,,,海外の方の利用が多い,,,小松清廉,google_ChIJy_hLcceRQTURnbO4mkaV_Vs_4b8864a5913bf402fda63b19cfc60a4f
false,Trip.com,10,2026-04-02,"Just opposite hakata station, very strategy location. Not new hotel but very clean, breakfast very nice.",,,博多駅の真向かいという、非常に便利な立地です。新しいホテルではありませんが、とても清潔で、朝食も美味しかったです。,,,S‍h‍a‍n‍e‍L‍e‍a‍n,trip_1895480922
false,Booking.com,7,2026-04-02,,近鐵路站，價錢平，在博多站去邊方便。房間收拾企理 整潔。,早餐地方細，食品不太多，人多補充不到。酒店在圖片最上4層，安排接近尾方，冇景，行長走廊。,,駅に近く、料金も手頃で、博多駅からもアクセス抜群です。部屋は清潔で整頓されていました。,朝食会場は狭く、料理の量も少なく、人数が多いと補充しきれません。ホテルは写真の最上階4フロアにあり、奥まった場所に配置されているため眺望はなく、廊下が長いです。,Carrie,bookingcom_622017_d288050c995c9baa92f777c4739e1b67
false,Trip.com,10,2026-04-02,하카타역 바로 앞이라 이동이 편리.,,,博多駅のすぐ前で移動が便利。,,,ゲ‍ス‍ト,trip_1895775696
false,Trip.com,7,2026-04-01,"Excellent location, right opposite Hakata station. Many shopping and restaurants nearby. Excellent considering the relatively low price. Hotel a bit old but overall quite clean. My room was facing the Hakata station and sound proofing was terrible. Can hear the traffic and noises coming from the outdoor activities/stalls  outside the station.",,,博多駅の真向かいという絶好のロケーション。周辺にはショッピングやレストランが多数あります。比較的低価格であることを考えると、非常に良いホテルです。ホテル自体は少し古いですが、全体的に清潔です。私の部屋は博多駅に面していて、防音性が非常に悪かったです。駅の外の交通騒音や露店の騒音が聞こえました。,,,ゲ‍ス‍ト,trip_1894667132
false,Booking.com,10,2026-04-01,,,,,,,湘蘋,bookingcom_622017_7b34423379da5407b394a99eabc697ce
false,Trip.com,8,2026-04-01,"Great location! The hotel feels a bit old-fashioned, but the staff are incredibly helpful and friendly.",,,立地は最高！ホテル自体は少し古風な感じがするけれど、スタッフは信じられないほど親切でフレンドリーだ。,,,ゲ‍ス‍ト,trip_1894713196
false,じゃらん,3,2026-04-01,駅チカなのか、多数がインバウンドの方々でした。朝食は会場が狭いのもあり、整列できないのか大人、子供もルール違反多く、大変。,,,駅チカなのか、多数がインバウンドの方々でした。朝食は会場が狭いのもあり、整列できないのか大人、子供もルール違反多く、大変。,,,ヨッシーさん,jalan_308449_0f0028fa110b867347afcaf0b7e7c251
false,Trip.com,8,2026-04-01,靠近博多站、步行大概5分鐘 周邊超多晚餐館 附近亦有7仔、Starbucks 門口有的士🚕站 清晨出機場亦非常的近 大概$1700Yen⋯⋯ 勝價比不錯，房間可以望到博多站,,,博多駅から徒歩約5分の場所に位置しています。セブンイレブンやスターバックスなど、周辺には飲食店が多数あります。タクシー乗り場はすぐ目の前にあります。早朝は空港にも非常に近いです。料金は約1700円で、コストパフォーマンスに優れています。部屋からは博多駅の景色が見えます。,,,神‍奇‍女‍俠,trip_1895223098
false,Booking.com,8,2026-05-15,,,朝食のバリエーションを増やしてもらいたい,,,朝食のバリエーションを増やしてもらいたい,Yuki,bookingcom_622017_42fb1279d4b0736ab528f7c586f50863
false,Google,4,2026-05-15,駅近で非常に便利。 部屋(ユニットバス含む)の広さも快適。 アメニティはハミガキのみ。 クシとカミソリはフロント前にある？ タオルとバスタオルは各1枚。 ボディタオル(スポンジ)は無し。 なのでアメニティ持参は必須です！ ベッドの長さが短めな気がした(ベッドの固さは快適です) 枕は2種類あった(低い方の枕、使い心地良き) テレビの大きさも良かった(見やすい) 夜、部屋の外での話し声が微かに聞こえたが気にはならない。  朝食☕🍞🌄はとても美味しかったです😋✨✨✨✨💖 インバウンドの人たちが多くいましたが皆さん静かに食事をしていました。 とても居心地の良い空間です(^^) イチオシは博多水炊き風スープ？　起き抜けの身体に沁みた(o^－^o)💕　まさに五臓六腑にしみわたるです！👍️ 今日はこれで一日頑張ります(o^-')b !✨✨  また利用したいです(^^)🎵,,,駅近で非常に便利。 部屋(ユニットバス含む)の広さも快適。 アメニティはハミガキのみ。 クシとカミソリはフロント前にある？ タオルとバスタオルは各1枚。 ボディタオル(スポンジ)は無し。 なのでアメニティ持参は必須です！ ベッドの長さが短めな気がした(ベッドの固さは快適です) 枕は2種類あった(低い方の枕、使い心地良き) テレビの大きさも良かった(見やすい) 夜、部屋の外での話し声が微かに聞こえたが気にはならない。  朝食☕🍞🌄はとても美味しかったです😋✨✨✨✨💖 インバウンドの人たちが多くいましたが皆さん静かに食事をしていました。 とても居心地の良い空間です(^^) イチオシは博多水炊き風スープ？　起き抜けの身体に沁みた(o^－^o)💕　まさに五臓六腑にしみわたるです！👍️ 今日はこれで一日頑張ります(o^-')b !✨✨  また利用したいです(^^)🎵,,,あべかわきなこ,google_ChIJy_hLcceRQTURnbO4mkaV_Vs_a786ad2aa8c735eb5666ce5f499b4c32
false,Trip.com,9,2026-05-14,位置非常好，就在車站旁邊，逛街或是購物極度方便，設施設為老舊，但有早餐，如果追求便宜Cp值可以選擇，但不要有太高的標準。,,,立地は抜群で、駅のすぐ隣にあるため、買い物や散策に非常に便利です。設備はやや古めですが、朝食は付いています。コストパフォーマンスを重視するなら良い選択肢ですが、過度な期待は禁物です。,,,ゲ‍ス‍ト,trip_1947036100
false,Trip.com,10,2026-05-14,벌써 2번째 이용이지만 여전히 친절했습미다. 비가 올 때 우산도 대여할 수 있고 체크아웃 후에도 짐을 보관할 수 있는 큰 장점이 있습니다. 무엇보다 역 바로 앞에 있다는 점이 최고입니다.,,,もう2回目の利用だが相変らず親切だった。雨が降ると傘もレンタルでき、チェックアウト後も荷物を保管できる大きなメリットがあります。何より駅のすぐ前にあるのが最高です。,,,ゲ‍ス‍ト,trip_1947184816
false,Google,3,2026-05-14,なんといっても立地が良いですね。博多駅すぐそば。スタバにもすぐ行ける。やはりホテルは立地が7割と言えるでしょう。 とても良い滞在ができました。,,,なんといっても立地が良いですね。博多駅すぐそば。スタバにもすぐ行ける。やはりホテルは立地が7割と言えるでしょう。 とても良い滞在ができました。,,,パンダ,google_ChIJy_hLcceRQTURnbO4mkaV_Vs_9280b47447fd3f1422c012620cce9a10
false,Trip.com,9,2026-05-14,位置超正，無論往那裏遊玩都很方便，早餐不錯，前檯和早餐的服務員表現很好，房間的服務員則有點參差，部分日子忘了補充牙膏，整體來說可以接受，有機會會再來居住。,,,立地は抜群で、どこへ行くにも便利です。朝食も美味しく、フロントと朝食スタッフはとても親切です。ただ、ルームサービスの対応はややムラがあり、歯磨き粉の補充を忘れた日もありました。全体的には満足できるホテルで、機会があればまた泊まりたいと思います。,,,ゲ‍ス‍ト,trip_1947412584
false,Trip.com,7,2026-05-13,하카타역과 가까워서 접근성은 정말 좋았습니다. 체크인/아웃 시 서비스도 좋았어요.,,,博多駅に近いのでアクセシビリティは本当によかったです。チェックイン/アウト時のサービスも良かったです。,,,ゲ‍ス‍ト,trip_1945943224
false,Google,3,2026-05-13,旅行の帰りに利用しました。 駅が目の前だったので、迷う事なくホテルまで到着しました。 朝ごはんもついており、よかったってす。 残念な事は、ハンドソープ類が全くなかったので、備え付けのボディソープで洗いました。今まで泊まったホテルでは洗顔料が別に置いてある所しか見たことがなかったので、その辺不便に感じました。,,,旅行の帰りに利用しました。 駅が目の前だったので、迷う事なくホテルまで到着しました。 朝ごはんもついており、よかったってす。 残念な事は、ハンドソープ類が全くなかったので、備え付けのボディソープで洗いました。今まで泊まったホテルでは洗顔料が別に置いてある所しか見たことがなかったので、その辺不便に感じました。,,,でいご,google_ChIJy_hLcceRQTURnbO4mkaV_Vs_08de16101507e6042b5496d4d56d26cb
false,Booking.com,10,2026-05-13,,位置良好，寄放行李，免費早餐,,,立地が良い、荷物預かりサービスあり、朝食無料,,Hui-hsuan,bookingcom_622017_893772791098cad90075b79f7c37e7cb
false,Trip.com,10,2026-05-13,Nice service and connivence to travel,,,素晴らしいサービスと旅行の利便性,,,ゲ‍ス‍ト,trip_1947003182
false,Trip.com,10,2026-05-12,역 바로 앞이라 이동이 정말 편해요,,,駅のすぐ前で移動が本当に楽です。,,,ゲ‍ス‍ト,trip_1945233536
false,楽天トラベル,5,2026-05-12,朝食も大変おいしかったです！部屋も大変きれいでした！とても満足しました！,,,朝食も大変おいしかったです！部屋も大変きれいでした！とても満足しました！,,,ドラえもん、,rakuten_29211_70a140030dd32606db9490d5e6026bb9
false,Trip.com,6,2026-05-12,위치는진짜최고,,,場所は本当に最高です,,,ゲ‍ス‍ト,trip_1945638154
false,Booking.com,8,2026-05-11,,,,,,,Sinbo,bookingcom_622017_6cca6b5cc3dc1430a45b84595777f08a
false,Trip.com,9,2026-05-11,整體上感受非常好👍 CP值高,,,全体的に非常に良い体験でした👍 コストパフォーマンスが高いです,,,ゲ‍ス‍ト,trip_1944843742
false,Trip.com,10,2026-05-10,ห้องกว้างมากกกกก,,,部屋はとても広々としています。,,,ゲ‍ス‍ト,trip_1943012078
false,Trip.com,10,2026-05-10,딸이랑 아빠 둘이서 2박3일로 갔다왔는데 숙소 만족스럽고 조식은 그렇게 먹을것이 많지는 않지만 간단히 조식 먹기에는 좋아요.  1층 식당이 나중에는 휴식공간처럼 되어 편의점에서 간단히 사와서 먹기에 좋아요. 하지만  전자레인지는 있지만 온수가 없어서 라면은 못 먹습니다,,,娘とパパの二人で2泊3日に行ってきましたが、宿に満足して朝食はそんなに食べることが多くはありませんが、簡単に朝食を食べるのにはいいです。  1階の食堂が後は休憩空間のようになり、コンビニで簡単に買って食べるのが好きです。しかし、電子レンジはありますが、お湯がないので、ラーメンは食べられません。,,,ゲ‍ス‍ト,trip_1943605128
false,Google,5,2026-05-10,金土日2泊3日を大人1人子供1人25万ウォンに予約をしました。このように予約できる博多駅前にあるホテルはありません。 朝食はそれほど美味しくはありませんが、また美味しくありません。適しています。周辺に食べることも多く、八方駅もすぐそばにあり、どこに通っているのが大好きです。 この金額にクオリティの高い客室を望むことはできませんが、寝るのにあまり不便を感じませんでした。この価格で行けるのには最高のようです。 スタッフは不親切ではありませんが、また親切ではありません。むしろ、これはより快適です。,,,金土日2泊3日を大人1人子供1人25万ウォンに予約をしました。このように予約できる博多駅前にあるホテルはありません。 朝食はそれほど美味しくはありませんが、また美味しくありません。適しています。周辺に食べることも多く、八方駅もすぐそばにあり、どこに通っているのが大好きです。 この金額にクオリティの高い客室を望むことはできませんが、寝るのにあまり不便を感じませんでした。この価格で行けるのには最高のようです。 スタッフは不親切ではありませんが、また親切ではありません。むしろ、これはより快適です。,,,kwangsik Ko,google_ChIJy_hLcceRQTURnbO4mkaV_Vs_9ca256fc63b5f3d4caebddd0b48f37ee
false,Trip.com,10,2026-05-10,ทำเลดีมาก อยู่ตรงข้ามHakata Station และ Hakata Bus Terminal ข้างๆโรงแรมมีStarbucks และ 7/11 อาหารเช้าอร่อยดี พนักงานดี ทำความสะอาดห้องทุกวัน,,,博多駅と博多バスターミナルの真向かいという絶好のロケーション。ホテルのすぐ隣にはスターバックスとセブンイレブンがあります。朝食は美味しく、スタッフの対応も素晴らしく、部屋は毎日清掃されていました。,,,A‍p‍i‍n‍y‍a‍ ‍P‍o‍r,trip_1943684862
false,Trip.com,9,2026-05-10,"조용한 방을 선택한탓인지, 복도 끝방을 배정받아 의아했는데, 여행내내 소음없이 잘 지낼 수 있었습니다. 창문너머 하카타 역이 바로 보여 전망이 우수했습니다. 다만 화장실이 좁고, 창문이 개폐가 안되어 좀 답답했습니다만, 그 외에는 전부 만족스럽습니다.",,,静かな部屋を選んだせいなのか、廊下の終わりを割り当てられて気になりましたが、旅行中騒音なく元気に過ごせました。窓越しに博多駅がすぐ見え、見通しに優れていました。ただトイレが狭く、窓が開閉できなくなってちょっと苦しくなりましたが、その他は全て満足です。,,,ゲ‍ス‍ト,trip_1943721994
false,Google,5,2026-05-10,금토일 2박3일을 성인 1명 아이 1명 25만원에 예약을 했습니다. 이렇게 예약할 수 있는 하카타 역앞에 있는 호텔은 없어요 조식이 그렇게 맛있지는 않지만 또 맛없지도 않습니다. 적당해요. 주변에 먹을 것도 많고 핫카타 역도 바로 옆에 있어서 어디 다닌지 너무 좋아요. 이 금액에 퀄리티 높은 객실을 바랄 수는 없지만 자는데 그다지 불편함을 못느꼈습니다. 이 가격으로 갈 수 있는 데 중에서는 최고인것 같습니다. 직원들은 불친절하지 않은데 또 친절하지도 않아요. 오히려 이게 더 편할 수도,,,金土日2泊3日を大人1人、子供1人25万ウォンで予約しました。このように予約できる博多駅前にあるホテルはありません。適しています。周辺に食べるものも多く、八方駅もすぐそばにあり、どこに通っているのが大好きです。この金額にクオリティの高い客室を望むことはできませんが、寝るのにあまり不便を感じませんでした。この価格で行けるのには最高のようです。スタッフは不親切ではありませんが、また親切ではありません。むしろ、これはより快適です。,,,kwangsik Ko,google_ChIJy_hLcceRQTURnbO4mkaV_Vs_be34dd9cdda6b11657a662dcc46208b7
false,Trip.com,10,2026-05-09,"Had a pleasant stay at this hotel. The room was clean and comfortable, staff were friendly, and the location was convenient. Check-in was smooth and overall service was good. Would consider staying here again.",,,このホテルでの滞在は快適でした。部屋は清潔で快適、スタッフは親切で、立地も便利でした。チェックインもスムーズで、全体的にサービスも良かったです。また利用したいと思います。,,,D‍e‍x‍t‍e‍r‍y‍q‍k,trip_1942401898
false,じゃらん,4,2026-05-09,博多駅からとても近く便利でよかったです。  部屋は古めで、天井の壁紙などが一部剥がれかかっていることなどがありましたが、広めな部屋で、４人の宿泊で、スーツケースを２個広げても問題ない広さでよかったです。  朝食がもう少し料金を高めにして頂いてでも、品数がもう少し多かったり、ご当地の料理などがあればよかったのですが。また、トレーがなかったり、料理コーナーと飲み物のコーナーが一緒になっていたので、料理の取り待ちの列で、飲み物を取りに行きづらかったりしたのが、ちょっと残念でした。,,,博多駅からとても近く便利でよかったです。  部屋は古めで、天井の壁紙などが一部剥がれかかっていることなどがありましたが、広めな部屋で、４人の宿泊で、スーツケースを２個広げても問題ない広さでよかったです。  朝食がもう少し料金を高めにして頂いてでも、品数がもう少し多かったり、ご当地の料理などがあればよかったのですが。また、トレーがなかったり、料理コーナーと飲み物のコーナーが一緒になっていたので、料理の取り待ちの列で、飲み物を取りに行きづらかったりしたのが、ちょっと残念でした。,,,不明,jalan_308449_334ff40f9aa7832bc90856a3acd98407
false,じゃらん,4,2026-05-09,博多駅からとても近く便利でよかったです。  部屋は古めで、天井の壁紙などが一部剥がれかかっていることなどがありましたが、広めな部屋で、４人の宿泊で、スーツケースを２個広げても問題ない広さでよかったです。  朝食がもう少し料金を高めにして頂いてでも、品数がもう少し多かったり、ご当地の料理などがあればよかったのですが。また、トレーがなかったり、料理コーナーと飲み物のコーナーが一緒になっていたので、料理の取り待ちの列で、飲み物を取りに行きづらかったりしたのが、ちょっと残念でした。,,,博多駅からとても近く便利でよかったです。  部屋は古めで、天井の壁紙などが一部剥がれかかっていることなどがありましたが、広めな部屋で、４人の宿泊で、スーツケースを２個広げても問題ない広さでよかったです。  朝食がもう少し料金を高めにして頂いてでも、品数がもう少し多かったり、ご当地の料理などがあればよかったのですが。また、トレーがなかったり、料理コーナーと飲み物のコーナーが一緒になっていたので、料理の取り待ちの列で、飲み物を取りに行きづらかったりしたのが、ちょっと残念でした。,,,ひのっちさん,jalan_308449_921a84ca4ce02279a91779b2a035ca05
false,Trip.com,9,2026-05-08,酒店位置就在博多車站對面，出行十分方便。酒店樓下有一間7-eleven，週邊有幾個大商場， 無論購物和飲食都十分方便。 酒店房間整潔，以這個價錢定位來說，整體都可以，唯一缺點就係房間的冷氣唔夠凍。,,,ホテルは博多駅の真向かいに位置しており、移動に非常に便利です。ホテルの階下にはセブンイレブンがあり、周辺には大型ショッピングモールがいくつかあるため、買い物や食事にも大変便利です。客室は清潔で整頓されており、この価格帯としては全体的に満足できるレベルですが、唯一の欠点はエアコンの効きが弱いことです。,,,ゲ‍ス‍ト,trip_1940307360
false,Booking.com,6,2026-05-08,,駅に近くてアクセスが良い点。 とは言っても周りにもホテルは沢山ありましたけど。,窓の下の壁を塗り直してたのは分かったのですが、素人の仕事の様な塗り方でした。滞在するのに特に影響は無いのですが・・・。 一番感じたのはトイレのウォシュレットがかなり古めかしい形で今時っみたいな使用方法でした。 その辺りは最新のボタン式の調整機能に変えて欲しいです。,,駅に近くてアクセスが良い点。 とは言っても周りにもホテルは沢山ありましたけど。,窓の下の壁を塗り直してたのは分かったのですが、素人の仕事の様な塗り方でした。滞在するのに特に影響は無いのですが・・・。 一番感じたのはトイレのウォシュレットがかなり古めかしい形で今時っみたいな使用方法でした。 その辺りは最新のボタン式の調整機能に変えて欲しいです。,こう,bookingcom_622017_ed1e19d843908c2610487e99e2e53573
false,Booking.com,6,2026-05-08,,駅からのアクセスが最高です。  スタバ前の地下鉄入口から入れば雨でも濡れずに地下鉄、博多駅まで行けます。,枕カバーにカビ？がついていた。  朝食会場は狭いので8時前だと座れないのと、バイキング形式ですが配置の問題なのか結構並ぶので時間のロスがかなりあります。,,駅からのアクセスが最高です。  スタバ前の地下鉄入口から入れば雨でも濡れずに地下鉄、博多駅まで行けます。,枕カバーにカビ？がついていた。  朝食会場は狭いので8時前だと座れないのと、バイキング形式ですが配置の問題なのか結構並ぶので時間のロスがかなりあります。,Natsumi,bookingcom_622017_0593c23f805c00480520f71b187e1990
false,楽天トラベル,4,2026-05-08,以下の様なメリットとデメリットはありますが、スタッフの方がみなさん良かったので、博多に行く機会があればまた泊まりたいです。 [メリット]博多駅から近い。小学生以下の添い寝無料。朝食サービス。スタッフの方が良い。宿泊費が安い。 [デメリット]ホテルの建物と設備は古い。アメニティの少なさ。,,,以下の様なメリットとデメリットはありますが、スタッフの方がみなさん良かったので、博多に行く機会があればまた泊まりたいです。 [メリット]博多駅から近い。小学生以下の添い寝無料。朝食サービス。スタッフの方が良い。宿泊費が安い。 [デメリット]ホテルの建物と設備は古い。アメニティの少なさ。,,,たらこマン,rakuten_29211_5e14d960260d64a88d14c4f553986558
false,Trip.com,10,2026-05-07,"We had such a wonderful stay at Comfort Hotel Hakata. The service was excellent, and the staff were very attentive. The space in Fukuoka feels bigger compared to other branches, which makes the experience even better. We especially enjoyed spending time in the library — it was relaxing and a great place to unwind. Having a microwave and some available refreshments at night was such a thoughtful touch. Most importantly, the location is very accessible, being close to the station and malls. Overall, we truly loved staying at Comfort and look forward to coming back.",,,コンフォートホテル博多での滞在は本当に素晴らしかったです。サービスは最高で、スタッフの方々もとても親切でした。福岡の店舗は他の支店と比べて広く感じられ、より快適に過ごせました。特にライブラリーで過ごした時間は最高でした。リラックスできて、ゆったりとくつろげる素敵な空間でした。電子レンジや夜に用意された軽食など、細やかな心遣いも嬉しかったです。何より、駅やショッピングモールに近く、アクセス抜群の立地です。全体的に、コンフォートホテルでの滞在は本当に素晴らしく、またぜひ利用したいと思っています。,,,ゲ‍ス‍ト,trip_1939592684
false,Trip.com,8,2026-05-07,雖然比較老舊，位置無敵,,,少し古い建物ではあるが、立地は最高だ。,,,v‍i‍v‍a‍j‍e‍n‍n‍y,trip_1940213373
false,じゃらん,3,2026-05-07,コンビニは目の前にありますが、道が危なく、子どもも怖がって行きたがらなかったので、お土産コーナーで使えるお買い物券付きがありがたく、おつまみ、子どものおやつなど買えて助かりました！  部屋は狭いですが、特に不便はなかったです！,,,コンビニは目の前にありますが、道が危なく、子どもも怖がって行きたがらなかったので、お土産コーナーで使えるお買い物券付きがありがたく、おつまみ、子どものおやつなど買えて助かりました！  部屋は狭いですが、特に不便はなかったです！,,,いもちぃさん,jalan_308449_ef8531cc76c0032ea2f5398320559280
false,Booking.com,8,2026-05-06,,,,,,,Ayano,bookingcom_622017_92460be226edb3374407ddb7422c3d64
false,Trip.com,10,2026-05-06,"Отель удачно расположен, завтрак вкусный. Номер не очень большой, но 1 чемодан разложить можно",,,ホテルは立地が良く、朝食も美味しいです。部屋はそれほど広くはありませんが、スーツケース1個を置くには十分な広さです。,,,匿‍名‍ユ‍ー‍ザ‍ー,trip_1937646026
false,Google,4,2026-05-06,,,,,,,진선미,google_ChIJy_hLcceRQTURnbO4mkaV_Vs_2c560a273999837a457f9e766abf4cd3
false,Trip.com,8,2026-05-06,위치는 정말 좋지만 내부시설이 노후되어 (특히 욕실) 쾌적하지 않아요. 근처에 새로 생긴 곳도 있는데 친구에게 추천하고 싶지 않네요.,,,場所は本当に良いですが、内部施設が老朽化し（特にバスルーム）快適ではありません。近くに新しくできたところもありますが、友達におすすめしたくないですね。,,,ゲ‍ス‍ト,trip_1938114876
false,Trip.com,10,2026-05-06,ห้องพักดีและใกล้สดวกกับการเดินทาง,,,部屋は快適で、交通の便も良い。,,,K‍r‍a‍i‍s‍i‍t‍ ‍S‍r‍i‍b‍u‍n‍s‍o‍m,trip_1938124794
false,Trip.com,9,2026-05-06,"酒店有點舊但勝在夠方便,房間乾淨及寬敞,可開兩個大喼！有免費早餐提供味道蠻好！厠所設施明顯老舊,但水力夠猛算是不錯的酒店！",,,ホテルは少し古いですが、とても便利です。部屋は清潔で広々としており、大きなバスルームが2つも付いています！無料の朝食も提供され、味もなかなか美味しいです！トイレ設備は明らかに時代遅れですが、水圧は十分で、全体的にはまずまずのホテルと言えるでしょう！,,,ゲ‍ス‍ト,trip_1938793152
false,Trip.com,10,2026-05-06,The hotel is very good,,,このホテルはとても良いです,,,ゲ‍ス‍ト,trip_1938814232
false,Trip.com,10,2026-05-06,位置很優秀了，距離博多站步行5分鐘，穿過斑馬線就是公交總站，出行很方便！房間面積在日本還可以，有小冰箱可以放飲料，自來水可以直接飲用。早餐以日式為主，有本地特色食物，早上高峯期可能需排隊，但有工作人員指引，效率很高。箱子可以免費自助密碼寄存，很方便！總,,,立地は抜群で、博多駅から徒歩5分、バスターミナルは横断歩道を渡ったすぐ先にあり、とても便利です！部屋の広さは日本人の好みに合っていて、飲み物用の小型冷蔵庫もあります。水道水は飲用可能です。朝食は主に和食で、地元の特産品も用意されています。朝のラッシュアワーには行列ができることもありますが、スタッフが案内してくれるので安心です。ロッカーの鍵を使って無料で荷物を預けられるのもとても便利です！全体的に見て…,,,ゲ‍ス‍ト,trip_1938889569
false,Trip.com,9,2026-05-06,ห้องใหญ่ ทำเลดีมากกกกกก,,,広い部屋、最高のロケーション！,,,a‍e‍h‍j‍a,trip_1938944736
false,Trip.com,9,2026-05-05,Convenient location very close to Hakata station Cleaning is done regularly in the rooms The staff are helpful and friendly I was not too impressed with the breakfast selection would be one critique,,,博多駅から非常に近い便利な立地。客室の清掃は定期的に行われています。スタッフは親切でフレンドリーです。ただ、朝食の種類があまり豊富ではなかったのが唯一の難点です。,,,ゲ‍ス‍ト,trip_1935821884
false,Trip.com,9,2026-05-05,진짜 위치는 짱이야👍  직원들도 친절합니다 조식도 맛잇고  근데….냉장고 가 안되서 아쉽게생각합니다. 그나머지는 만족해요,,,本物の場所はちゃんだ👍スタッフも親切です朝食も美味しくて…。冷蔵庫ができなくて残念に思います。それは満足です。,,,ゲ‍ス‍ト,trip_1936993832
false,Trip.com,10,2026-05-04,มาเที่ยวฟุกุโอกะครั้งแรกกับภรรยา พักที่โรงแรมนี้เพราะเดินทางสะดวก ใกล้สถานี Hakata แค่เดินออกจากสถานี ข้ามถนนก็ถึงเลย มี Starbucks ใกล้โรงแรม ด้านล่างมี Shopping Street Sun Plaza ร้านอาหาร Yakiniku คือดี มั้งราคาและความอร่อย👍 เดินทางไปเที่ยวที่ต่างๆสะดวกมาก ทั้งรถไฟและรถบัส แหล่งช็อปปิ้งครบจบในที่เดียว แนะนำครับ,,,妻と初めて福岡を訪れました。博多駅に近く、駅から歩いてすぐ、道を渡ったところにある便利な立地だったので、このホテルを選びました。ホテルの近くにはスターバックスがあり、階下にはサンプラザというショッピングストリートがあります。ホテル内の焼肉店は、値段も味も最高でした👍。電車やバスでの移動にも非常に便利で、買い物に必要なものはすべて揃っています。本当におすすめです！,,,ゲ‍ス‍ト,trip_1934342482
false,Trip.com,9,2026-05-04,โรงแรมอยู่ตรงข้ามสถานีสถานีรถไฟแถวนั้นเป็นแหล่งช้อปปิ้งซึ่งมีร้านค้ามากมาย ห้องห้องพักมีขนาดกำลังดีสำหรับห้องพักมีขนาดกำลังดีสำหรับสองคน,,,ホテルは駅の向かいに位置し、周辺は多くのショップが立ち並ぶショッピング街です。客室は広々としており、2名での滞在に最適です。,,,P‍a‍t‍c‍y‍p‍l‍o‍ï,trip_1934763718
false,Trip.com,7,2026-05-03,Old hotel. Feel like travelled back in time. Only good is location,,,古いホテル。まるでタイムスリップしたような気分。唯一良かったのは立地だけ。,,,J‍o‍n‍8‍3‍8‍3,trip_1932812772
false,Booking.com,10,2026-05-03,,Location! Room is spacious and comfortable.,I am neutral about breakfast. There is not variety selection to choose from. The breakfast room is crowded.,,立地が良い！部屋は広々としていて快適です。,朝食については特に何も感じません。選択肢が少なく、朝食会場は混雑しています。,Komkham,bookingcom_622017_9f81f9f242d5fcb2aca4cbb34e73cfd7
false,Booking.com,9,2026-05-03,,立地が最高、安い、部屋が綺麗、スタッフが丁寧、チェックイン前とチェックイン後でも荷物を預けれるので便利,朝食が外国人向け、種類が少ない、白米がなかった。 でも付いてるだけでありがたい。,,立地が最高、安い、部屋が綺麗、スタッフが丁寧、チェックイン前とチェックイン後でも荷物を預けれるので便利,朝食が外国人向け、種類が少ない、白米がなかった。 でも付いてるだけでありがたい。,Mori,bookingcom_622017_66932f2f6dfc757f160419e4c6b09fd1
false,Google,4,2026-05-03,予約時に部屋の写真にベッド2台で見せてお選びいただくと堕落することがあります ベッドが2台かどうか、ぜひホテルまたは予約サイトにご確認ください。 写真だけ見て予約した私のせいだと言って転倒したいのですが、2人の子供とベッド1台で寝ているので、子供たちにも申し訳ありません。 日本のお祝いだと値段も普段に比べて2倍を超えるうえに5泊だからこんなに落ち着くだけです。 朝食は期待しませんでしたが、大丈夫でサービスは4つ星です,,,予約時に部屋の写真にベッド2台で見せてお選びいただくと堕落することがあります ベッドが2台かどうか、ぜひホテルまたは予約サイトにご確認ください。 写真だけ見て予約した私のせいだと言って転倒したいのですが、2人の子供とベッド1台で寝ているので、子供たちにも申し訳ありません。 日本のお祝いだと値段も普段に比べて2倍を超えるうえに5泊だからこんなに落ち着くだけです。 朝食は期待しませんでしたが、大丈夫でサービスは4つ星です,,,hyelim hong (두아이맘),google_ChIJy_hLcceRQTURnbO4mkaV_Vs_90c201fd792175a46956be1d53bd1a83
false,Trip.com,10,2026-05-03,가족 일본여행 첫숙소!!  시내 중앙에 있어 접근성이 너무 좋아요!! 저희가 갔을땐 한국어를 유창하게 하시는분은 안계셨지만 일본직원분들도 너무너무 친절해 체크인하는데 무리 없었습니다~ 주변에 편의점도 많아 고민없이 선택할수 있어요 !!!,,,家族日本旅行初宿!!  市内中心部にあり、アクセシビリティがとても良いです！私たちが行った時は韓国語を流暢にしてくださる方はいらっしゃいましたが、日本職員の方もとても親切でチェックインするのに無理はありませんでした〜周辺にコンビニも多くて悩みなく選べます！,,,ゲ‍ス‍ト,trip_1932861652
false,Trip.com,8,2026-05-03,Old hotel. But rooms are clean and well- maintained. The reception service was friendly and helpful. The free breakfast was an adder. The location is superb for city shopping and sights and for day trips and travel to other prefectures.,,,古いホテルですが、部屋は清潔で手入れが行き届いています。フロントの対応は親切で丁寧でした。無料の朝食は最高でした。立地は市内でのショッピングや観光、日帰り旅行、他県への旅行にも最適です。,,,ゲ‍ス‍ト,trip_1933260308
false,Booking.com,8,2026-05-03,,,,,,,Masaya,bookingcom_622017_e07e6eb83f5f015a24d1e62540856a5f
false,Booking.com,10,2026-05-03,,Great location across the road from Hakata station and lots of shopping and food. The 7 eleven was 2 doors down. Easy access to the JR line. Staff were excellent and very helpful. Coffee and cold drinks and seating area available all day free of charge. Would highly recommend Comfort Hotel,Nothing,,博多駅の向かいという絶好のロケーションで、周辺にはたくさんのお店や飲食店があります。セブンイレブンは2軒隣です。JR線へのアクセスも簡単です。スタッフは素晴らしく、とても親切でした。コーヒーや冷たい飲み物、座席エリアは終日無料で利用できます。コンフォートホテルを強くお勧めします。,何もない,Britton,bookingcom_622017_5b69d717e0fcb05c3c56913a425f44c7
false,Google,4,2026-05-03,예약 시 방 사진에 침대 2개로 보여 선택하시면 낭패일 수 있습니다 침대가 2개인지 꼭 호텔이나 예약사이트에 확인 하시길 바랍니다 사진만 보고 예약한 제 잘못이려니 하고 넘기려는데 2명의 아이와 침대 하나에서 자려니 애들한테도 미안하네요 일본의 명절이라고 가격도 평상시 대비 2배가 넘는데다 5박이라 이래저래 속상함 뿐이에요 조식은 기대 안했는데 괜찮아서 서비스는 별 4개 드립니다,,,予約の際、部屋の写真にベッド2台で見せて選んで頂ければナンパかもしれません。朝食だけでは期待できませんでしたが、大丈夫でサービスは4つ星です,,,hyelim hong (두아이맘),google_ChIJy_hLcceRQTURnbO4mkaV_Vs_fea945cef0bfaf281fa7a42b22e99405
false,Google,4,2026-05-03,予約時に部屋の写真にベッド2台で見せてお選びいただくと堕落することがあります ベッドが2台かどうか、ぜひホテルまたは予約サイトにご確認ください。 写真だけを見て予約した私のせいだと言って転倒したいのですが、2人の子供とベッド1台で寝ているので、子供たちに申し訳ありません。 日本のお祝いだと値段も普段に比べて2倍を超えるうえに5泊だからこんなに落ち着くだけです。 朝食は期待しませんでしたが、大丈夫でサービスは4つ星です,,,予約時に部屋の写真にベッド2台で見せてお選びいただくと堕落することがあります ベッドが2台かどうか、ぜひホテルまたは予約サイトにご確認ください。 写真だけを見て予約した私のせいだと言って転倒したいのですが、2人の子供とベッド1台で寝ているので、子供たちに申し訳ありません。 日本のお祝いだと値段も普段に比べて2倍を超えるうえに5泊だからこんなに落ち着くだけです。 朝食は期待しませんでしたが、大丈夫でサービスは4つ星です,,,hyelim hong (두아이맘),google_ChIJy_hLcceRQTURnbO4mkaV_Vs_2042c6c77dd110729d9e1fc84690ab44
false,Booking.com,8,2026-05-02,,,,,,,Kosuke,bookingcom_622017_07b8c56c84e16fc5683b75be4724cc4a
false,Booking.com,10,2026-05-02,,Everything about Comfort Hotel is Super. Staff are very helpful and courteous.  Rooms are clean and comfortable.. Breakfast is yummy with good spread. Free Flow of tea and coffee from 2pm to 12 am is a Bonus. Use of cafe throughout the day makes my stay enjoyable.  Excellent location  - opposite Hakata Station  and Bus Terminal and Shopping Malls.Superb value !!! Definitely will return  again.,I cant find anything to complain about.,,コンフォートホテルは全てにおいて最高です。スタッフはとても親切で丁寧です。部屋は清潔で快適です。朝食は種類豊富で美味しいです。午後2時から午前0時まで紅茶とコーヒーが飲み放題なのは嬉しい特典です。一日中カフェを利用できるので、滞在がさらに楽しくなります。博多駅、バスターミナル、ショッピングモールに面した絶好のロケーションです。コストパフォーマンスも抜群です！間違いなくまた泊まりに来ます。,不満に思う点は何も見当たりません。,Choon,bookingcom_622017_8061b66e654b682c97e602dc7ad1bce2
false,Trip.com,9,2026-05-02,Very good location.,,,非常に良い立地です。,,,风‍玲‍ ‍（‍M‍a‍l‍a‍y‍s‍i‍a‍),trip_1931743854
false,Booking.com,7,2026-05-01,,朝食が無料だった,施設が少し古めかな,,朝食が無料だった,施設が少し古めかな,佐藤,bookingcom_622017_8895e251fc8c5c9ee44e11dd2104b159
false,Trip.com,7,2026-05-01,"위치는 최고입니다. 조식도 괜찮은편입니다. 다만, 룸 이 최악입니다. 마치 오래된 시골의 여관에 와있는듯한 착각마져 듭니다. 룸 적은거야 일본의 호텔 특성상 이해 합니다만 벽지는 갈라져있고 바닥 카페트는 바퀴벌레를 봤다는 다른분의 후기가 실감 납니다..(저는 바퀴벌레는 못봤음) 외풍이 심해서 4월말인데도 침낭이 필요할 정도인데 룸에 에어콘은 나와도 히터는 안나옵니다. 창문 유리창은 밖의 유리면에 코팅이 오염되어있어서 밖의 풍경은 사진으로 찍을수 조차 없었네요. 교통 편의상 출장으로 남자분 혼자 오신분들은  추천할만 합니다만 부모님을 모시고 오시거나 커플들은 완전 비추입니디.",,,場所は最高です。朝食も大丈夫です。ただし、ルームが最悪です。まるで古い田舎の旅館に来ているような勘違いです。部屋は少ないよ 日本のホテルの特性上理解していますが壁紙は割れていて床カーペットはゴキブリを見たという他の方の後期が実感します。 （私はゴキブリは見られなかった）窓ガラス窓は外のガラス面にコーティングが汚染されていて外の風景は写真で撮ることさえなかったですね。交通の便宜上、出張で男の方一人で来た方はお勧めしますが、両親を迎えに来ていただいたり、カップルは完全に飛び込みます。,,,ゲ‍ス‍ト,trip_1930753174
false,Trip.com,10,2026-05-01,交通便捷，服務親切，早餐豐富營養！,,,便利な交通手段、親切なサービス、そして栄養満点の朝食！,,,ゲ‍ス‍ト,trip_1931176941
false,Trip.com,8,2026-05-01,위치가 너무 좋아요. 방은 시설이 오래됐어요. 그래도 저녁에 조용해서 좋았습니다.,,,場所がとても良いです。部屋は施設が古かったです。それでも夕方に静かでよかったです。,,,ゲ‍ス‍ト,trip_1931204888
false,Trip.com,9,2026-05-01,LOCATION is best. Value for money.,,,立地が最高。価格に見合った価値がある。,,,ゲ‍ス‍ト,trip_1931249106
false,Booking.com,8,2026-05-15,,,朝食のバリエーションを増やしてもらいたい,,,朝食のバリエーションを増やしてもらいたい,Yuki,bookingcom_622017_42fb1279d4b0736ab528f7c586f50863
false,Google,4,2026-05-15,駅近で非常に便利。 部屋(ユニットバス含む)の広さも快適。 アメニティはハミガキのみ。 クシとカミソリはフロント前にある？ タオルとバスタオルは各1枚。 ボディタオル(スポンジ)は無し。 なのでアメニティ持参は必須です！ ベッドの長さが短めな気がした(ベッドの固さは快適です) 枕は2種類あった(低い方の枕、使い心地良き) テレビの大きさも良かった(見やすい) 夜、部屋の外での話し声が微かに聞こえたが気にはならない。  朝食☕🍞🌄はとても美味しかったです😋✨✨✨✨💖 インバウンドの人たちが多くいましたが皆さん静かに食事をしていました。 とても居心地の良い空間です(^^) イチオシは博多水炊き風スープ？　起き抜けの身体に沁みた(o^－^o)💕　まさに五臓六腑にしみわたるです！👍️ 今日はこれで一日頑張ります(o^-')b !✨✨  また利用したいです(^^)🎵,,,駅近で非常に便利。 部屋(ユニットバス含む)の広さも快適。 アメニティはハミガキのみ。 クシとカミソリはフロント前にある？ タオルとバスタオルは各1枚。 ボディタオル(スポンジ)は無し。 なのでアメニティ持参は必須です！ ベッドの長さが短めな気がした(ベッドの固さは快適です) 枕は2種類あった(低い方の枕、使い心地良き) テレビの大きさも良かった(見やすい) 夜、部屋の外での話し声が微かに聞こえたが気にはならない。  朝食☕🍞🌄はとても美味しかったです😋✨✨✨✨💖 インバウンドの人たちが多くいましたが皆さん静かに食事をしていました。 とても居心地の良い空間です(^^) イチオシは博多水炊き風スープ？　起き抜けの身体に沁みた(o^－^o)💕　まさに五臓六腑にしみわたるです！👍️ 今日はこれで一日頑張ります(o^-')b !✨✨  また利用したいです(^^)🎵,,,あべかわきなこ,google_ChIJy_hLcceRQTURnbO4mkaV_Vs_a786ad2aa8c735eb5666ce5f499b4c32
false,Trip.com,9,2026-05-14,位置非常好，就在車站旁邊，逛街或是購物極度方便，設施設為老舊，但有早餐，如果追求便宜Cp值可以選擇，但不要有太高的標準。,,,立地は抜群で、駅のすぐ隣にあるため、買い物や散策に非常に便利です。設備はやや古めですが、朝食は付いています。コストパフォーマンスを重視するなら良い選択肢ですが、過度な期待は禁物です。,,,ゲ‍ス‍ト,trip_1947036100
false,Trip.com,10,2026-05-14,벌써 2번째 이용이지만 여전히 친절했습미다. 비가 올 때 우산도 대여할 수 있고 체크아웃 후에도 짐을 보관할 수 있는 큰 장점이 있습니다. 무엇보다 역 바로 앞에 있다는 점이 최고입니다.,,,もう2回目の利用だが相変らず親切だった。雨が降ると傘もレンタルでき、チェックアウト後も荷物を保管できる大きなメリットがあります。何より駅のすぐ前にあるのが最高です。,,,ゲ‍ス‍ト,trip_1947184816
false,Google,3,2026-05-14,なんといっても立地が良いですね。博多駅すぐそば。スタバにもすぐ行ける。やはりホテルは立地が7割と言えるでしょう。 とても良い滞在ができました。,,,なんといっても立地が良いですね。博多駅すぐそば。スタバにもすぐ行ける。やはりホテルは立地が7割と言えるでしょう。 とても良い滞在ができました。,,,パンダ,google_ChIJy_hLcceRQTURnbO4mkaV_Vs_9280b47447fd3f1422c012620cce9a10
false,Trip.com,9,2026-05-14,位置超正，無論往那裏遊玩都很方便，早餐不錯，前檯和早餐的服務員表現很好，房間的服務員則有點參差，部分日子忘了補充牙膏，整體來說可以接受，有機會會再來居住。,,,立地は抜群で、どこへ行くにも便利です。朝食も美味しく、フロントと朝食スタッフはとても親切です。ただ、ルームサービスの対応はややムラがあり、歯磨き粉の補充を忘れた日もありました。全体的には満足できるホテルで、機会があればまた泊まりたいと思います。,,,ゲ‍ス‍ト,trip_1947412584
false,Trip.com,7,2026-05-13,하카타역과 가까워서 접근성은 정말 좋았습니다. 체크인/아웃 시 서비스도 좋았어요.,,,博多駅に近いのでアクセシビリティは本当によかったです。チェックイン/アウト時のサービスも良かったです。,,,ゲ‍ス‍ト,trip_1945943224
false,Google,3,2026-05-13,旅行の帰りに利用しました。 駅が目の前だったので、迷う事なくホテルまで到着しました。 朝ごはんもついており、よかったってす。 残念な事は、ハンドソープ類が全くなかったので、備え付けのボディソープで洗いました。今まで泊まったホテルでは洗顔料が別に置いてある所しか見たことがなかったので、その辺不便に感じました。,,,旅行の帰りに利用しました。 駅が目の前だったので、迷う事なくホテルまで到着しました。 朝ごはんもついており、よかったってす。 残念な事は、ハンドソープ類が全くなかったので、備え付けのボディソープで洗いました。今まで泊まったホテルでは洗顔料が別に置いてある所しか見たことがなかったので、その辺不便に感じました。,,,でいご,google_ChIJy_hLcceRQTURnbO4mkaV_Vs_08de16101507e6042b5496d4d56d26cb
false,Booking.com,10,2026-05-13,,位置良好，寄放行李，免費早餐,,,立地が良い、荷物預かりサービスあり、朝食無料,,Hui-hsuan,bookingcom_622017_893772791098cad90075b79f7c37e7cb
false,Trip.com,10,2026-05-13,Nice service and connivence to travel,,,素晴らしいサービスと旅行の利便性,,,ゲ‍ス‍ト,trip_1947003182
false,Trip.com,10,2026-05-12,역 바로 앞이라 이동이 정말 편해요,,,駅のすぐ前で移動が本当に楽です。,,,ゲ‍ス‍ト,trip_1945233536
false,楽天トラベル,5,2026-05-12,朝食も大変おいしかったです！部屋も大変きれいでした！とても満足しました！,,,朝食も大変おいしかったです！部屋も大変きれいでした！とても満足しました！,,,ドラえもん、,rakuten_29211_70a140030dd32606db9490d5e6026bb9
false,Trip.com,6,2026-05-12,위치는진짜최고,,,場所は本当に最高です,,,ゲ‍ス‍ト,trip_1945638154
false,Booking.com,8,2026-05-11,,,,,,,Sinbo,bookingcom_622017_6cca6b5cc3dc1430a45b84595777f08a
false,Trip.com,9,2026-05-11,整體上感受非常好👍 CP值高,,,全体的に非常に良い体験でした👍 コストパフォーマンスが高いです,,,ゲ‍ス‍ト,trip_1944843742
false,Trip.com,10,2026-05-10,ห้องกว้างมากกกกก,,,部屋はとても広々としています。,,,ゲ‍ス‍ト,trip_1943012078
false,Trip.com,10,2026-05-10,딸이랑 아빠 둘이서 2박3일로 갔다왔는데 숙소 만족스럽고 조식은 그렇게 먹을것이 많지는 않지만 간단히 조식 먹기에는 좋아요.  1층 식당이 나중에는 휴식공간처럼 되어 편의점에서 간단히 사와서 먹기에 좋아요. 하지만  전자레인지는 있지만 온수가 없어서 라면은 못 먹습니다,,,娘とパパの二人で2泊3日に行ってきましたが、宿に満足して朝食はそんなに食べることが多くはありませんが、簡単に朝食を食べるのにはいいです。  1階の食堂が後は休憩空間のようになり、コンビニで簡単に買って食べるのが好きです。しかし、電子レンジはありますが、お湯がないので、ラーメンは食べられません。,,,ゲ‍ス‍ト,trip_1943605128
false,Google,5,2026-05-10,金土日2泊3日を大人1人子供1人25万ウォンに予約をしました。このように予約できる博多駅前にあるホテルはありません。 朝食はそれほど美味しくはありませんが、また美味しくありません。適しています。周辺に食べることも多く、八方駅もすぐそばにあり、どこに通っているのが大好きです。 この金額にクオリティの高い客室を望むことはできませんが、寝るのにあまり不便を感じませんでした。この価格で行けるのには最高のようです。 スタッフは不親切ではありませんが、また親切ではありません。むしろ、これはより快適です。,,,金土日2泊3日を大人1人子供1人25万ウォンに予約をしました。このように予約できる博多駅前にあるホテルはありません。 朝食はそれほど美味しくはありませんが、また美味しくありません。適しています。周辺に食べることも多く、八方駅もすぐそばにあり、どこに通っているのが大好きです。 この金額にクオリティの高い客室を望むことはできませんが、寝るのにあまり不便を感じませんでした。この価格で行けるのには最高のようです。 スタッフは不親切ではありませんが、また親切ではありません。むしろ、これはより快適です。,,,kwangsik Ko,google_ChIJy_hLcceRQTURnbO4mkaV_Vs_9ca256fc63b5f3d4caebddd0b48f37ee
false,Trip.com,10,2026-05-10,ทำเลดีมาก อยู่ตรงข้ามHakata Station และ Hakata Bus Terminal ข้างๆโรงแรมมีStarbucks และ 7/11 อาหารเช้าอร่อยดี พนักงานดี ทำความสะอาดห้องทุกวัน,,,博多駅と博多バスターミナルの真向かいという絶好のロケーション。ホテルのすぐ隣にはスターバックスとセブンイレブンがあります。朝食は美味しく、スタッフの対応も素晴らしく、部屋は毎日清掃されていました。,,,A‍p‍i‍n‍y‍a‍ ‍P‍o‍r,trip_1943684862
false,Trip.com,9,2026-05-10,"조용한 방을 선택한탓인지, 복도 끝방을 배정받아 의아했는데, 여행내내 소음없이 잘 지낼 수 있었습니다. 창문너머 하카타 역이 바로 보여 전망이 우수했습니다. 다만 화장실이 좁고, 창문이 개폐가 안되어 좀 답답했습니다만, 그 외에는 전부 만족스럽습니다.",,,静かな部屋を選んだせいなのか、廊下の終わりを割り当てられて気になりましたが、旅行中騒音なく元気に過ごせました。窓越しに博多駅がすぐ見え、見通しに優れていました。ただトイレが狭く、窓が開閉できなくなってちょっと苦しくなりましたが、その他は全て満足です。,,,ゲ‍ス‍ト,trip_1943721994
false,Google,5,2026-05-10,금토일 2박3일을 성인 1명 아이 1명 25만원에 예약을 했습니다. 이렇게 예약할 수 있는 하카타 역앞에 있는 호텔은 없어요 조식이 그렇게 맛있지는 않지만 또 맛없지도 않습니다. 적당해요. 주변에 먹을 것도 많고 핫카타 역도 바로 옆에 있어서 어디 다닌지 너무 좋아요. 이 금액에 퀄리티 높은 객실을 바랄 수는 없지만 자는데 그다지 불편함을 못느꼈습니다. 이 가격으로 갈 수 있는 데 중에서는 최고인것 같습니다. 직원들은 불친절하지 않은데 또 친절하지도 않아요. 오히려 이게 더 편할 수도,,,金土日2泊3日を大人1人、子供1人25万ウォンで予約しました。このように予約できる博多駅前にあるホテルはありません。適しています。周辺に食べるものも多く、八方駅もすぐそばにあり、どこに通っているのが大好きです。この金額にクオリティの高い客室を望むことはできませんが、寝るのにあまり不便を感じませんでした。この価格で行けるのには最高のようです。スタッフは不親切ではありませんが、また親切ではありません。むしろ、これはより快適です。,,,kwangsik Ko,google_ChIJy_hLcceRQTURnbO4mkaV_Vs_be34dd9cdda6b11657a662dcc46208b7
false,Trip.com,10,2026-05-09,"Had a pleasant stay at this hotel. The room was clean and comfortable, staff were friendly, and the location was convenient. Check-in was smooth and overall service was good. Would consider staying here again.",,,このホテルでの滞在は快適でした。部屋は清潔で快適、スタッフは親切で、立地も便利でした。チェックインもスムーズで、全体的にサービスも良かったです。また利用したいと思います。,,,D‍e‍x‍t‍e‍r‍y‍q‍k,trip_1942401898
false,じゃらん,4,2026-05-09,博多駅からとても近く便利でよかったです。  部屋は古めで、天井の壁紙などが一部剥がれかかっていることなどがありましたが、広めな部屋で、４人の宿泊で、スーツケースを２個広げても問題ない広さでよかったです。  朝食がもう少し料金を高めにして頂いてでも、品数がもう少し多かったり、ご当地の料理などがあればよかったのですが。また、トレーがなかったり、料理コーナーと飲み物のコーナーが一緒になっていたので、料理の取り待ちの列で、飲み物を取りに行きづらかったりしたのが、ちょっと残念でした。,,,博多駅からとても近く便利でよかったです。  部屋は古めで、天井の壁紙などが一部剥がれかかっていることなどがありましたが、広めな部屋で、４人の宿泊で、スーツケースを２個広げても問題ない広さでよかったです。  朝食がもう少し料金を高めにして頂いてでも、品数がもう少し多かったり、ご当地の料理などがあればよかったのですが。また、トレーがなかったり、料理コーナーと飲み物のコーナーが一緒になっていたので、料理の取り待ちの列で、飲み物を取りに行きづらかったりしたのが、ちょっと残念でした。,,,不明,jalan_308449_334ff40f9aa7832bc90856a3acd98407
false,じゃらん,4,2026-05-09,博多駅からとても近く便利でよかったです。  部屋は古めで、天井の壁紙などが一部剥がれかかっていることなどがありましたが、広めな部屋で、４人の宿泊で、スーツケースを２個広げても問題ない広さでよかったです。  朝食がもう少し料金を高めにして頂いてでも、品数がもう少し多かったり、ご当地の料理などがあればよかったのですが。また、トレーがなかったり、料理コーナーと飲み物のコーナーが一緒になっていたので、料理の取り待ちの列で、飲み物を取りに行きづらかったりしたのが、ちょっと残念でした。,,,博多駅からとても近く便利でよかったです。  部屋は古めで、天井の壁紙などが一部剥がれかかっていることなどがありましたが、広めな部屋で、４人の宿泊で、スーツケースを２個広げても問題ない広さでよかったです。  朝食がもう少し料金を高めにして頂いてでも、品数がもう少し多かったり、ご当地の料理などがあればよかったのですが。また、トレーがなかったり、料理コーナーと飲み物のコーナーが一緒になっていたので、料理の取り待ちの列で、飲み物を取りに行きづらかったりしたのが、ちょっと残念でした。,,,ひのっちさん,jalan_308449_921a84ca4ce02279a91779b2a035ca05
false,Trip.com,9,2026-05-08,酒店位置就在博多車站對面，出行十分方便。酒店樓下有一間7-eleven，週邊有幾個大商場， 無論購物和飲食都十分方便。 酒店房間整潔，以這個價錢定位來說，整體都可以，唯一缺點就係房間的冷氣唔夠凍。,,,ホテルは博多駅の真向かいに位置しており、移動に非常に便利です。ホテルの階下にはセブンイレブンがあり、周辺には大型ショッピングモールがいくつかあるため、買い物や食事にも大変便利です。客室は清潔で整頓されており、この価格帯としては全体的に満足できるレベルですが、唯一の欠点はエアコンの効きが弱いことです。,,,ゲ‍ス‍ト,trip_1940307360
false,Booking.com,6,2026-05-08,,駅に近くてアクセスが良い点。 とは言っても周りにもホテルは沢山ありましたけど。,窓の下の壁を塗り直してたのは分かったのですが、素人の仕事の様な塗り方でした。滞在するのに特に影響は無いのですが・・・。 一番感じたのはトイレのウォシュレットがかなり古めかしい形で今時っみたいな使用方法でした。 その辺りは最新のボタン式の調整機能に変えて欲しいです。,,駅に近くてアクセスが良い点。 とは言っても周りにもホテルは沢山ありましたけど。,窓の下の壁を塗り直してたのは分かったのですが、素人の仕事の様な塗り方でした。滞在するのに特に影響は無いのですが・・・。 一番感じたのはトイレのウォシュレットがかなり古めかしい形で今時っみたいな使用方法でした。 その辺りは最新のボタン式の調整機能に変えて欲しいです。,こう,bookingcom_622017_ed1e19d843908c2610487e99e2e53573
false,Booking.com,6,2026-05-08,,駅からのアクセスが最高です。  スタバ前の地下鉄入口から入れば雨でも濡れずに地下鉄、博多駅まで行けます。,枕カバーにカビ？がついていた。  朝食会場は狭いので8時前だと座れないのと、バイキング形式ですが配置の問題なのか結構並ぶので時間のロスがかなりあります。,,駅からのアクセスが最高です。  スタバ前の地下鉄入口から入れば雨でも濡れずに地下鉄、博多駅まで行けます。,枕カバーにカビ？がついていた。  朝食会場は狭いので8時前だと座れないのと、バイキング形式ですが配置の問題なのか結構並ぶので時間のロスがかなりあります。,Natsumi,bookingcom_622017_0593c23f805c00480520f71b187e1990
false,楽天トラベル,4,2026-05-08,以下の様なメリットとデメリットはありますが、スタッフの方がみなさん良かったので、博多に行く機会があればまた泊まりたいです。 [メリット]博多駅から近い。小学生以下の添い寝無料。朝食サービス。スタッフの方が良い。宿泊費が安い。 [デメリット]ホテルの建物と設備は古い。アメニティの少なさ。,,,以下の様なメリットとデメリットはありますが、スタッフの方がみなさん良かったので、博多に行く機会があればまた泊まりたいです。 [メリット]博多駅から近い。小学生以下の添い寝無料。朝食サービス。スタッフの方が良い。宿泊費が安い。 [デメリット]ホテルの建物と設備は古い。アメニティの少なさ。,,,たらこマン,rakuten_29211_5e14d960260d64a88d14c4f553986558
false,Trip.com,10,2026-05-07,"We had such a wonderful stay at Comfort Hotel Hakata. The service was excellent, and the staff were very attentive. The space in Fukuoka feels bigger compared to other branches, which makes the experience even better. We especially enjoyed spending time in the library — it was relaxing and a great place to unwind. Having a microwave and some available refreshments at night was such a thoughtful touch. Most importantly, the location is very accessible, being close to the station and malls. Overall, we truly loved staying at Comfort and look forward to coming back.",,,コンフォートホテル博多での滞在は本当に素晴らしかったです。サービスは最高で、スタッフの方々もとても親切でした。福岡の店舗は他の支店と比べて広く感じられ、より快適に過ごせました。特にライブラリーで過ごした時間は最高でした。リラックスできて、ゆったりとくつろげる素敵な空間でした。電子レンジや夜に用意された軽食など、細やかな心遣いも嬉しかったです。何より、駅やショッピングモールに近く、アクセス抜群の立地です。全体的に、コンフォートホテルでの滞在は本当に素晴らしく、またぜひ利用したいと思っています。,,,ゲ‍ス‍ト,trip_1939592684
false,Trip.com,8,2026-05-07,雖然比較老舊，位置無敵,,,少し古い建物ではあるが、立地は最高だ。,,,v‍i‍v‍a‍j‍e‍n‍n‍y,trip_1940213373
false,じゃらん,3,2026-05-07,コンビニは目の前にありますが、道が危なく、子どもも怖がって行きたがらなかったので、お土産コーナーで使えるお買い物券付きがありがたく、おつまみ、子どものおやつなど買えて助かりました！  部屋は狭いですが、特に不便はなかったです！,,,コンビニは目の前にありますが、道が危なく、子どもも怖がって行きたがらなかったので、お土産コーナーで使えるお買い物券付きがありがたく、おつまみ、子どものおやつなど買えて助かりました！  部屋は狭いですが、特に不便はなかったです！,,,いもちぃさん,jalan_308449_ef8531cc76c0032ea2f5398320559280
false,Booking.com,8,2026-05-06,,,,,,,Ayano,bookingcom_622017_92460be226edb3374407ddb7422c3d64
false,Trip.com,10,2026-05-06,"Отель удачно расположен, завтрак вкусный. Номер не очень большой, но 1 чемодан разложить можно",,,ホテルは立地が良く、朝食も美味しいです。部屋はそれほど広くはありませんが、スーツケース1個を置くには十分な広さです。,,,匿‍名‍ユ‍ー‍ザ‍ー,trip_1937646026
false,Google,4,2026-05-06,,,,,,,진선미,google_ChIJy_hLcceRQTURnbO4mkaV_Vs_2c560a273999837a457f9e766abf4cd3
false,Trip.com,8,2026-05-06,위치는 정말 좋지만 내부시설이 노후되어 (특히 욕실) 쾌적하지 않아요. 근처에 새로 생긴 곳도 있는데 친구에게 추천하고 싶지 않네요.,,,場所は本当に良いですが、内部施設が老朽化し（特にバスルーム）快適ではありません。近くに新しくできたところもありますが、友達におすすめしたくないですね。,,,ゲ‍ス‍ト,trip_1938114876
false,Trip.com,10,2026-05-06,ห้องพักดีและใกล้สดวกกับการเดินทาง,,,部屋は快適で、交通の便も良い。,,,K‍r‍a‍i‍s‍i‍t‍ ‍S‍r‍i‍b‍u‍n‍s‍o‍m,trip_1938124794
false,Trip.com,9,2026-05-06,"酒店有點舊但勝在夠方便,房間乾淨及寬敞,可開兩個大喼！有免費早餐提供味道蠻好！厠所設施明顯老舊,但水力夠猛算是不錯的酒店！",,,ホテルは少し古いですが、とても便利です。部屋は清潔で広々としており、大きなバスルームが2つも付いています！無料の朝食も提供され、味もなかなか美味しいです！トイレ設備は明らかに時代遅れですが、水圧は十分で、全体的にはまずまずのホテルと言えるでしょう！,,,ゲ‍ス‍ト,trip_1938793152
false,Trip.com,10,2026-05-06,The hotel is very good,,,このホテルはとても良いです,,,ゲ‍ス‍ト,trip_1938814232
false,Trip.com,10,2026-05-06,位置很優秀了，距離博多站步行5分鐘，穿過斑馬線就是公交總站，出行很方便！房間面積在日本還可以，有小冰箱可以放飲料，自來水可以直接飲用。早餐以日式為主，有本地特色食物，早上高峯期可能需排隊，但有工作人員指引，效率很高。箱子可以免費自助密碼寄存，很方便！總,,,立地は抜群で、博多駅から徒歩5分、バスターミナルは横断歩道を渡ったすぐ先にあり、とても便利です！部屋の広さは日本人の好みに合っていて、飲み物用の小型冷蔵庫もあります。水道水は飲用可能です。朝食は主に和食で、地元の特産品も用意されています。朝のラッシュアワーには行列ができることもありますが、スタッフが案内してくれるので安心です。ロッカーの鍵を使って無料で荷物を預けられるのもとても便利です！全体的に見て…,,,ゲ‍ス‍ト,trip_1938889569
false,Trip.com,9,2026-05-06,ห้องใหญ่ ทำเลดีมากกกกกก,,,広い部屋、最高のロケーション！,,,a‍e‍h‍j‍a,trip_1938944736
false,Trip.com,9,2026-05-05,Convenient location very close to Hakata station Cleaning is done regularly in the rooms The staff are helpful and friendly I was not too impressed with the breakfast selection would be one critique,,,博多駅から非常に近い便利な立地。客室の清掃は定期的に行われています。スタッフは親切でフレンドリーです。ただ、朝食の種類があまり豊富ではなかったのが唯一の難点です。,,,ゲ‍ス‍ト,trip_1935821884
false,Trip.com,9,2026-05-05,진짜 위치는 짱이야👍  직원들도 친절합니다 조식도 맛잇고  근데….냉장고 가 안되서 아쉽게생각합니다. 그나머지는 만족해요,,,本物の場所はちゃんだ👍スタッフも親切です朝食も美味しくて…。冷蔵庫ができなくて残念に思います。それは満足です。,,,ゲ‍ス‍ト,trip_1936993832
false,Trip.com,10,2026-05-04,มาเที่ยวฟุกุโอกะครั้งแรกกับภรรยา พักที่โรงแรมนี้เพราะเดินทางสะดวก ใกล้สถานี Hakata แค่เดินออกจากสถานี ข้ามถนนก็ถึงเลย มี Starbucks ใกล้โรงแรม ด้านล่างมี Shopping Street Sun Plaza ร้านอาหาร Yakiniku คือดี มั้งราคาและความอร่อย👍 เดินทางไปเที่ยวที่ต่างๆสะดวกมาก ทั้งรถไฟและรถบัส แหล่งช็อปปิ้งครบจบในที่เดียว แนะนำครับ,,,妻と初めて福岡を訪れました。博多駅に近く、駅から歩いてすぐ、道を渡ったところにある便利な立地だったので、このホテルを選びました。ホテルの近くにはスターバックスがあり、階下にはサンプラザというショッピングストリートがあります。ホテル内の焼肉店は、値段も味も最高でした👍。電車やバスでの移動にも非常に便利で、買い物に必要なものはすべて揃っています。本当におすすめです！,,,ゲ‍ス‍ト,trip_1934342482
false,Trip.com,9,2026-05-04,โรงแรมอยู่ตรงข้ามสถานีสถานีรถไฟแถวนั้นเป็นแหล่งช้อปปิ้งซึ่งมีร้านค้ามากมาย ห้องห้องพักมีขนาดกำลังดีสำหรับห้องพักมีขนาดกำลังดีสำหรับสองคน,,,ホテルは駅の向かいに位置し、周辺は多くのショップが立ち並ぶショッピング街です。客室は広々としており、2名での滞在に最適です。,,,P‍a‍t‍c‍y‍p‍l‍o‍ï,trip_1934763718
false,Trip.com,7,2026-05-03,Old hotel. Feel like travelled back in time. Only good is location,,,古いホテル。まるでタイムスリップしたような気分。唯一良かったのは立地だけ。,,,J‍o‍n‍8‍3‍8‍3,trip_1932812772
false,Booking.com,10,2026-05-03,,Location! Room is spacious and comfortable.,I am neutral about breakfast. There is not variety selection to choose from. The breakfast room is crowded.,,立地が良い！部屋は広々としていて快適です。,朝食については特に何も感じません。選択肢が少なく、朝食会場は混雑しています。,Komkham,bookingcom_622017_9f81f9f242d5fcb2aca4cbb34e73cfd7
false,Booking.com,9,2026-05-03,,立地が最高、安い、部屋が綺麗、スタッフが丁寧、チェックイン前とチェックイン後でも荷物を預けれるので便利,朝食が外国人向け、種類が少ない、白米がなかった。 でも付いてるだけでありがたい。,,立地が最高、安い、部屋が綺麗、スタッフが丁寧、チェックイン前とチェックイン後でも荷物を預けれるので便利,朝食が外国人向け、種類が少ない、白米がなかった。 でも付いてるだけでありがたい。,Mori,bookingcom_622017_66932f2f6dfc757f160419e4c6b09fd1
false,Google,4,2026-05-03,予約時に部屋の写真にベッド2台で見せてお選びいただくと堕落することがあります ベッドが2台かどうか、ぜひホテルまたは予約サイトにご確認ください。 写真だけ見て予約した私のせいだと言って転倒したいのですが、2人の子供とベッド1台で寝ているので、子供たちにも申し訳ありません。 日本のお祝いだと値段も普段に比べて2倍を超えるうえに5泊だからこんなに落ち着くだけです。 朝食は期待しませんでしたが、大丈夫でサービスは4つ星です,,,予約時に部屋の写真にベッド2台で見せてお選びいただくと堕落することがあります ベッドが2台かどうか、ぜひホテルまたは予約サイトにご確認ください。 写真だけ見て予約した私のせいだと言って転倒したいのですが、2人の子供とベッド1台で寝ているので、子供たちにも申し訳ありません。 日本のお祝いだと値段も普段に比べて2倍を超えるうえに5泊だからこんなに落ち着くだけです。 朝食は期待しませんでしたが、大丈夫でサービスは4つ星です,,,hyelim hong (두아이맘),google_ChIJy_hLcceRQTURnbO4mkaV_Vs_90c201fd792175a46956be1d53bd1a83
false,Trip.com,10,2026-05-03,가족 일본여행 첫숙소!!  시내 중앙에 있어 접근성이 너무 좋아요!! 저희가 갔을땐 한국어를 유창하게 하시는분은 안계셨지만 일본직원분들도 너무너무 친절해 체크인하는데 무리 없었습니다~ 주변에 편의점도 많아 고민없이 선택할수 있어요 !!!,,,家族日本旅行初宿!!  市内中心部にあり、アクセシビリティがとても良いです！私たちが行った時は韓国語を流暢にしてくださる方はいらっしゃいましたが、日本職員の方もとても親切でチェックインするのに無理はありませんでした〜周辺にコンビニも多くて悩みなく選べます！,,,ゲ‍ス‍ト,trip_1932861652
false,Trip.com,8,2026-05-03,Old hotel. But rooms are clean and well- maintained. The reception service was friendly and helpful. The free breakfast was an adder. The location is superb for city shopping and sights and for day trips and travel to other prefectures.,,,古いホテルですが、部屋は清潔で手入れが行き届いています。フロントの対応は親切で丁寧でした。無料の朝食は最高でした。立地は市内でのショッピングや観光、日帰り旅行、他県への旅行にも最適です。,,,ゲ‍ス‍ト,trip_1933260308
false,Booking.com,8,2026-05-03,,,,,,,Masaya,bookingcom_622017_e07e6eb83f5f015a24d1e62540856a5f
false,Booking.com,10,2026-05-03,,Great location across the road from Hakata station and lots of shopping and food. The 7 eleven was 2 doors down. Easy access to the JR line. Staff were excellent and very helpful. Coffee and cold drinks and seating area available all day free of charge. Would highly recommend Comfort Hotel,Nothing,,博多駅の向かいという絶好のロケーションで、周辺にはたくさんのお店や飲食店があります。セブンイレブンは2軒隣です。JR線へのアクセスも簡単です。スタッフは素晴らしく、とても親切でした。コーヒーや冷たい飲み物、座席エリアは終日無料で利用できます。コンフォートホテルを強くお勧めします。,何もない,Britton,bookingcom_622017_5b69d717e0fcb05c3c56913a425f44c7
false,Google,4,2026-05-03,예약 시 방 사진에 침대 2개로 보여 선택하시면 낭패일 수 있습니다 침대가 2개인지 꼭 호텔이나 예약사이트에 확인 하시길 바랍니다 사진만 보고 예약한 제 잘못이려니 하고 넘기려는데 2명의 아이와 침대 하나에서 자려니 애들한테도 미안하네요 일본의 명절이라고 가격도 평상시 대비 2배가 넘는데다 5박이라 이래저래 속상함 뿐이에요 조식은 기대 안했는데 괜찮아서 서비스는 별 4개 드립니다,,,予約の際、部屋の写真にベッド2台で見せて選んで頂ければナンパかもしれません。朝食だけでは期待できませんでしたが、大丈夫でサービスは4つ星です,,,hyelim hong (두아이맘),google_ChIJy_hLcceRQTURnbO4mkaV_Vs_fea945cef0bfaf281fa7a42b22e99405
false,Google,4,2026-05-03,予約時に部屋の写真にベッド2台で見せてお選びいただくと堕落することがあります ベッドが2台かどうか、ぜひホテルまたは予約サイトにご確認ください。 写真だけを見て予約した私のせいだと言って転倒したいのですが、2人の子供とベッド1台で寝ているので、子供たちに申し訳ありません。 日本のお祝いだと値段も普段に比べて2倍を超えるうえに5泊だからこんなに落ち着くだけです。 朝食は期待しませんでしたが、大丈夫でサービスは4つ星です,,,予約時に部屋の写真にベッド2台で見せてお選びいただくと堕落することがあります ベッドが2台かどうか、ぜひホテルまたは予約サイトにご確認ください。 写真だけを見て予約した私のせいだと言って転倒したいのですが、2人の子供とベッド1台で寝ているので、子供たちに申し訳ありません。 日本のお祝いだと値段も普段に比べて2倍を超えるうえに5泊だからこんなに落ち着くだけです。 朝食は期待しませんでしたが、大丈夫でサービスは4つ星です,,,hyelim hong (두아이맘),google_ChIJy_hLcceRQTURnbO4mkaV_Vs_2042c6c77dd110729d9e1fc84690ab44
false,Booking.com,8,2026-05-02,,,,,,,Kosuke,bookingcom_622017_07b8c56c84e16fc5683b75be4724cc4a
false,Booking.com,10,2026-05-02,,Everything about Comfort Hotel is Super. Staff are very helpful and courteous.  Rooms are clean and comfortable.. Breakfast is yummy with good spread. Free Flow of tea and coffee from 2pm to 12 am is a Bonus. Use of cafe throughout the day makes my stay enjoyable.  Excellent location  - opposite Hakata Station  and Bus Terminal and Shopping Malls.Superb value !!! Definitely will return  again.,I cant find anything to complain about.,,コンフォートホテルは全てにおいて最高です。スタッフはとても親切で丁寧です。部屋は清潔で快適です。朝食は種類豊富で美味しいです。午後2時から午前0時まで紅茶とコーヒーが飲み放題なのは嬉しい特典です。一日中カフェを利用できるので、滞在がさらに楽しくなります。博多駅、バスターミナル、ショッピングモールに面した絶好のロケーションです。コストパフォーマンスも抜群です！間違いなくまた泊まりに来ます。,不満に思う点は何も見当たりません。,Choon,bookingcom_622017_8061b66e654b682c97e602dc7ad1bce2
false,Trip.com,9,2026-05-02,Very good location.,,,非常に良い立地です。,,,风‍玲‍ ‍（‍M‍a‍l‍a‍y‍s‍i‍a‍),trip_1931743854
false,Booking.com,7,2026-05-01,,朝食が無料だった,施設が少し古めかな,,朝食が無料だった,施設が少し古めかな,佐藤,bookingcom_622017_8895e251fc8c5c9ee44e11dd2104b159
false,Trip.com,7,2026-05-01,"위치는 최고입니다. 조식도 괜찮은편입니다. 다만, 룸 이 최악입니다. 마치 오래된 시골의 여관에 와있는듯한 착각마져 듭니다. 룸 적은거야 일본의 호텔 특성상 이해 합니다만 벽지는 갈라져있고 바닥 카페트는 바퀴벌레를 봤다는 다른분의 후기가 실감 납니다..(저는 바퀴벌레는 못봤음) 외풍이 심해서 4월말인데도 침낭이 필요할 정도인데 룸에 에어콘은 나와도 히터는 안나옵니다. 창문 유리창은 밖의 유리면에 코팅이 오염되어있어서 밖의 풍경은 사진으로 찍을수 조차 없었네요. 교통 편의상 출장으로 남자분 혼자 오신분들은  추천할만 합니다만 부모님을 모시고 오시거나 커플들은 완전 비추입니디.",,,場所は最高です。朝食も大丈夫です。ただし、ルームが最悪です。まるで古い田舎の旅館に来ているような勘違いです。部屋は少ないよ 日本のホテルの特性上理解していますが壁紙は割れていて床カーペットはゴキブリを見たという他の方の後期が実感します。 （私はゴキブリは見られなかった）窓ガラス窓は外のガラス面にコーティングが汚染されていて外の風景は写真で撮ることさえなかったですね。交通の便宜上、出張で男の方一人で来た方はお勧めしますが、両親を迎えに来ていただいたり、カップルは完全に飛び込みます。,,,ゲ‍ス‍ト,trip_1930753174
false,Trip.com,10,2026-05-01,交通便捷，服務親切，早餐豐富營養！,,,便利な交通手段、親切なサービス、そして栄養満点の朝食！,,,ゲ‍ス‍ト,trip_1931176941
false,Trip.com,8,2026-05-01,위치가 너무 좋아요. 방은 시설이 오래됐어요. 그래도 저녁에 조용해서 좋았습니다.,,,場所がとても良いです。部屋は施設が古かったです。それでも夕方に静かでよかったです。,,,ゲ‍ス‍ト,trip_1931204888
false,Trip.com,9,2026-05-01,LOCATION is best. Value for money.,,,立地が最高。価格に見合った価値がある。,,,ゲ‍ス‍ト,trip_1931249106
false,Booking.com,8,2026-05-15,,,朝食のバリエーションを増やしてもらいたい,,,朝食のバリエーションを増やしてもらいたい,Yuki,bookingcom_622017_42fb1279d4b0736ab528f7c586f50863
false,Google,4,2026-05-15,駅近で非常に便利。 部屋(ユニットバス含む)の広さも快適。 アメニティはハミガキのみ。 クシとカミソリはフロント前にある？ タオルとバスタオルは各1枚。 ボディタオル(スポンジ)は無し。 なのでアメニティ持参は必須です！ ベッドの長さが短めな気がした(ベッドの固さは快適です) 枕は2種類あった(低い方の枕、使い心地良き) テレビの大きさも良かった(見やすい) 夜、部屋の外での話し声が微かに聞こえたが気にはならない。  朝食☕🍞🌄はとても美味しかったです😋✨✨✨✨💖 インバウンドの人たちが多くいましたが皆さん静かに食事をしていました。 とても居心地の良い空間です(^^) イチオシは博多水炊き風スープ？　起き抜けの身体に沁みた(o^－^o)💕　まさに五臓六腑にしみわたるです！👍️ 今日はこれで一日頑張ります(o^-')b !✨✨  また利用したいです(^^)🎵,,,駅近で非常に便利。 部屋(ユニットバス含む)の広さも快適。 アメニティはハミガキのみ。 クシとカミソリはフロント前にある？ タオルとバスタオルは各1枚。 ボディタオル(スポンジ)は無し。 なのでアメニティ持参は必須です！ ベッドの長さが短めな気がした(ベッドの固さは快適です) 枕は2種類あった(低い方の枕、使い心地良き) テレビの大きさも良かった(見やすい) 夜、部屋の外での話し声が微かに聞こえたが気にはならない。  朝食☕🍞🌄はとても美味しかったです😋✨✨✨✨💖 インバウンドの人たちが多くいましたが皆さん静かに食事をしていました。 とても居心地の良い空間です(^^) イチオシは博多水炊き風スープ？　起き抜けの身体に沁みた(o^－^o)💕　まさに五臓六腑にしみわたるです！👍️ 今日はこれで一日頑張ります(o^-')b !✨✨  また利用したいです(^^)🎵,,,あべかわきなこ,google_ChIJy_hLcceRQTURnbO4mkaV_Vs_a786ad2aa8c735eb5666ce5f499b4c32
false,Trip.com,9,2026-05-14,位置非常好，就在車站旁邊，逛街或是購物極度方便，設施設為老舊，但有早餐，如果追求便宜Cp值可以選擇，但不要有太高的標準。,,,立地は抜群で、駅のすぐ隣にあるため、買い物や散策に非常に便利です。設備はやや古めですが、朝食は付いています。コストパフォーマンスを重視するなら良い選択肢ですが、過度な期待は禁物です。,,,ゲ‍ス‍ト,trip_1947036100
false,Trip.com,10,2026-05-14,벌써 2번째 이용이지만 여전히 친절했습미다. 비가 올 때 우산도 대여할 수 있고 체크아웃 후에도 짐을 보관할 수 있는 큰 장점이 있습니다. 무엇보다 역 바로 앞에 있다는 점이 최고입니다.,,,もう2回目の利用だが相変らず親切だった。雨が降ると傘もレンタルでき、チェックアウト後も荷物を保管できる大きなメリットがあります。何より駅のすぐ前にあるのが最高です。,,,ゲ‍ス‍ト,trip_1947184816
false,Google,3,2026-05-14,なんといっても立地が良いですね。博多駅すぐそば。スタバにもすぐ行ける。やはりホテルは立地が7割と言えるでしょう。 とても良い滞在ができました。,,,なんといっても立地が良いですね。博多駅すぐそば。スタバにもすぐ行ける。やはりホテルは立地が7割と言えるでしょう。 とても良い滞在ができました。,,,パンダ,google_ChIJy_hLcceRQTURnbO4mkaV_Vs_9280b47447fd3f1422c012620cce9a10
false,Trip.com,9,2026-05-14,位置超正，無論往那裏遊玩都很方便，早餐不錯，前檯和早餐的服務員表現很好，房間的服務員則有點參差，部分日子忘了補充牙膏，整體來說可以接受，有機會會再來居住。,,,立地は抜群で、どこへ行くにも便利です。朝食も美味しく、フロントと朝食スタッフはとても親切です。ただ、ルームサービスの対応はややムラがあり、歯磨き粉の補充を忘れた日もありました。全体的には満足できるホテルで、機会があればまた泊まりたいと思います。,,,ゲ‍ス‍ト,trip_1947412584
false,Trip.com,7,2026-05-13,하카타역과 가까워서 접근성은 정말 좋았습니다. 체크인/아웃 시 서비스도 좋았어요.,,,博多駅に近いのでアクセシビリティは本当によかったです。チェックイン/アウト時のサービスも良かったです。,,,ゲ‍ス‍ト,trip_1945943224
false,Google,3,2026-05-13,旅行の帰りに利用しました。 駅が目の前だったので、迷う事なくホテルまで到着しました。 朝ごはんもついており、よかったってす。 残念な事は、ハンドソープ類が全くなかったので、備え付けのボディソープで洗いました。今まで泊まったホテルでは洗顔料が別に置いてある所しか見たことがなかったので、その辺不便に感じました。,,,旅行の帰りに利用しました。 駅が目の前だったので、迷う事なくホテルまで到着しました。 朝ごはんもついており、よかったってす。 残念な事は、ハンドソープ類が全くなかったので、備え付けのボディソープで洗いました。今まで泊まったホテルでは洗顔料が別に置いてある所しか見たことがなかったので、その辺不便に感じました。,,,でいご,google_ChIJy_hLcceRQTURnbO4mkaV_Vs_08de16101507e6042b5496d4d56d26cb
false,Booking.com,10,2026-05-13,,位置良好，寄放行李，免費早餐,,,立地が良い、荷物預かりサービスあり、朝食無料,,Hui-hsuan,bookingcom_622017_893772791098cad90075b79f7c37e7cb
false,Trip.com,10,2026-05-13,Nice service and connivence to travel,,,素晴らしいサービスと旅行の利便性,,,ゲ‍ス‍ト,trip_1947003182
false,Trip.com,10,2026-05-12,역 바로 앞이라 이동이 정말 편해요,,,駅のすぐ前で移動が本当に楽です。,,,ゲ‍ス‍ト,trip_1945233536
false,楽天トラベル,5,2026-05-12,朝食も大変おいしかったです！部屋も大変きれいでした！とても満足しました！,,,朝食も大変おいしかったです！部屋も大変きれいでした！とても満足しました！,,,ドラえもん、,rakuten_29211_70a140030dd32606db9490d5e6026bb9
false,Trip.com,6,2026-05-12,위치는진짜최고,,,場所は本当に最高です,,,ゲ‍ス‍ト,trip_1945638154
false,Booking.com,8,2026-05-11,,,,,,,Sinbo,bookingcom_622017_6cca6b5cc3dc1430a45b84595777f08a
false,Trip.com,9,2026-05-11,整體上感受非常好👍 CP值高,,,全体的に非常に良い体験でした👍 コストパフォーマンスが高いです,,,ゲ‍ス‍ト,trip_1944843742
false,Trip.com,10,2026-05-10,ห้องกว้างมากกกกก,,,部屋はとても広々としています。,,,ゲ‍ス‍ト,trip_1943012078
false,Trip.com,10,2026-05-10,딸이랑 아빠 둘이서 2박3일로 갔다왔는데 숙소 만족스럽고 조식은 그렇게 먹을것이 많지는 않지만 간단히 조식 먹기에는 좋아요.  1층 식당이 나중에는 휴식공간처럼 되어 편의점에서 간단히 사와서 먹기에 좋아요. 하지만  전자레인지는 있지만 온수가 없어서 라면은 못 먹습니다,,,娘とパパの二人で2泊3日に行ってきましたが、宿に満足して朝食はそんなに食べることが多くはありませんが、簡単に朝食を食べるのにはいいです。  1階の食堂が後は休憩空間のようになり、コンビニで簡単に買って食べるのが好きです。しかし、電子レンジはありますが、お湯がないので、ラーメンは食べられません。,,,ゲ‍ス‍ト,trip_1943605128
false,Google,5,2026-05-10,金土日2泊3日を大人1人子供1人25万ウォンに予約をしました。このように予約できる博多駅前にあるホテルはありません。 朝食はそれほど美味しくはありませんが、また美味しくありません。適しています。周辺に食べることも多く、八方駅もすぐそばにあり、どこに通っているのが大好きです。 この金額にクオリティの高い客室を望むことはできませんが、寝るのにあまり不便を感じませんでした。この価格で行けるのには最高のようです。 スタッフは不親切ではありませんが、また親切ではありません。むしろ、これはより快適です。,,,金土日2泊3日を大人1人子供1人25万ウォンに予約をしました。このように予約できる博多駅前にあるホテルはありません。 朝食はそれほど美味しくはありませんが、また美味しくありません。適しています。周辺に食べることも多く、八方駅もすぐそばにあり、どこに通っているのが大好きです。 この金額にクオリティの高い客室を望むことはできませんが、寝るのにあまり不便を感じませんでした。この価格で行けるのには最高のようです。 スタッフは不親切ではありませんが、また親切ではありません。むしろ、これはより快適です。,,,kwangsik Ko,google_ChIJy_hLcceRQTURnbO4mkaV_Vs_9ca256fc63b5f3d4caebddd0b48f37ee
false,Trip.com,10,2026-05-10,ทำเลดีมาก อยู่ตรงข้ามHakata Station และ Hakata Bus Terminal ข้างๆโรงแรมมีStarbucks และ 7/11 อาหารเช้าอร่อยดี พนักงานดี ทำความสะอาดห้องทุกวัน,,,博多駅と博多バスターミナルの真向かいという絶好のロケーション。ホテルのすぐ隣にはスターバックスとセブンイレブンがあります。朝食は美味しく、スタッフの対応も素晴らしく、部屋は毎日清掃されていました。,,,A‍p‍i‍n‍y‍a‍ ‍P‍o‍r,trip_1943684862
false,Trip.com,9,2026-05-10,"조용한 방을 선택한탓인지, 복도 끝방을 배정받아 의아했는데, 여행내내 소음없이 잘 지낼 수 있었습니다. 창문너머 하카타 역이 바로 보여 전망이 우수했습니다. 다만 화장실이 좁고, 창문이 개폐가 안되어 좀 답답했습니다만, 그 외에는 전부 만족스럽습니다.",,,静かな部屋を選んだせいなのか、廊下の終わりを割り当てられて気になりましたが、旅行中騒音なく元気に過ごせました。窓越しに博多駅がすぐ見え、見通しに優れていました。ただトイレが狭く、窓が開閉できなくなってちょっと苦しくなりましたが、その他は全て満足です。,,,ゲ‍ス‍ト,trip_1943721994
false,Google,5,2026-05-10,금토일 2박3일을 성인 1명 아이 1명 25만원에 예약을 했습니다. 이렇게 예약할 수 있는 하카타 역앞에 있는 호텔은 없어요 조식이 그렇게 맛있지는 않지만 또 맛없지도 않습니다. 적당해요. 주변에 먹을 것도 많고 핫카타 역도 바로 옆에 있어서 어디 다닌지 너무 좋아요. 이 금액에 퀄리티 높은 객실을 바랄 수는 없지만 자는데 그다지 불편함을 못느꼈습니다. 이 가격으로 갈 수 있는 데 중에서는 최고인것 같습니다. 직원들은 불친절하지 않은데 또 친절하지도 않아요. 오히려 이게 더 편할 수도,,,金土日2泊3日を大人1人、子供1人25万ウォンで予約しました。このように予約できる博多駅前にあるホテルはありません。適しています。周辺に食べるものも多く、八方駅もすぐそばにあり、どこに通っているのが大好きです。この金額にクオリティの高い客室を望むことはできませんが、寝るのにあまり不便を感じませんでした。この価格で行けるのには最高のようです。スタッフは不親切ではありませんが、また親切ではありません。むしろ、これはより快適です。,,,kwangsik Ko,google_ChIJy_hLcceRQTURnbO4mkaV_Vs_be34dd9cdda6b11657a662dcc46208b7
false,Trip.com,10,2026-05-09,"Had a pleasant stay at this hotel. The room was clean and comfortable, staff were friendly, and the location was convenient. Check-in was smooth and overall service was good. Would consider staying here again.",,,このホテルでの滞在は快適でした。部屋は清潔で快適、スタッフは親切で、立地も便利でした。チェックインもスムーズで、全体的にサービスも良かったです。また利用したいと思います。,,,D‍e‍x‍t‍e‍r‍y‍q‍k,trip_1942401898
false,じゃらん,4,2026-05-09,博多駅からとても近く便利でよかったです。  部屋は古めで、天井の壁紙などが一部剥がれかかっていることなどがありましたが、広めな部屋で、４人の宿泊で、スーツケースを２個広げても問題ない広さでよかったです。  朝食がもう少し料金を高めにして頂いてでも、品数がもう少し多かったり、ご当地の料理などがあればよかったのですが。また、トレーがなかったり、料理コーナーと飲み物のコーナーが一緒になっていたので、料理の取り待ちの列で、飲み物を取りに行きづらかったりしたのが、ちょっと残念でした。,,,博多駅からとても近く便利でよかったです。  部屋は古めで、天井の壁紙などが一部剥がれかかっていることなどがありましたが、広めな部屋で、４人の宿泊で、スーツケースを２個広げても問題ない広さでよかったです。  朝食がもう少し料金を高めにして頂いてでも、品数がもう少し多かったり、ご当地の料理などがあればよかったのですが。また、トレーがなかったり、料理コーナーと飲み物のコーナーが一緒になっていたので、料理の取り待ちの列で、飲み物を取りに行きづらかったりしたのが、ちょっと残念でした。,,,不明,jalan_308449_334ff40f9aa7832bc90856a3acd98407
false,じゃらん,4,2026-05-09,博多駅からとても近く便利でよかったです。  部屋は古めで、天井の壁紙などが一部剥がれかかっていることなどがありましたが、広めな部屋で、４人の宿泊で、スーツケースを２個広げても問題ない広さでよかったです。  朝食がもう少し料金を高めにして頂いてでも、品数がもう少し多かったり、ご当地の料理などがあればよかったのですが。また、トレーがなかったり、料理コーナーと飲み物のコーナーが一緒になっていたので、料理の取り待ちの列で、飲み物を取りに行きづらかったりしたのが、ちょっと残念でした。,,,博多駅からとても近く便利でよかったです。  部屋は古めで、天井の壁紙などが一部剥がれかかっていることなどがありましたが、広めな部屋で、４人の宿泊で、スーツケースを２個広げても問題ない広さでよかったです。  朝食がもう少し料金を高めにして頂いてでも、品数がもう少し多かったり、ご当地の料理などがあればよかったのですが。また、トレーがなかったり、料理コーナーと飲み物のコーナーが一緒になっていたので、料理の取り待ちの列で、飲み物を取りに行きづらかったりしたのが、ちょっと残念でした。,,,ひのっちさん,jalan_308449_921a84ca4ce02279a91779b2a035ca05
false,Trip.com,9,2026-05-08,酒店位置就在博多車站對面，出行十分方便。酒店樓下有一間7-eleven，週邊有幾個大商場， 無論購物和飲食都十分方便。 酒店房間整潔，以這個價錢定位來說，整體都可以，唯一缺點就係房間的冷氣唔夠凍。,,,ホテルは博多駅の真向かいに位置しており、移動に非常に便利です。ホテルの階下にはセブンイレブンがあり、周辺には大型ショッピングモールがいくつかあるため、買い物や食事にも大変便利です。客室は清潔で整頓されており、この価格帯としては全体的に満足できるレベルですが、唯一の欠点はエアコンの効きが弱いことです。,,,ゲ‍ス‍ト,trip_1940307360
false,Booking.com,6,2026-05-08,,駅に近くてアクセスが良い点。 とは言っても周りにもホテルは沢山ありましたけど。,窓の下の壁を塗り直してたのは分かったのですが、素人の仕事の様な塗り方でした。滞在するのに特に影響は無いのですが・・・。 一番感じたのはトイレのウォシュレットがかなり古めかしい形で今時っみたいな使用方法でした。 その辺りは最新のボタン式の調整機能に変えて欲しいです。,,駅に近くてアクセスが良い点。 とは言っても周りにもホテルは沢山ありましたけど。,窓の下の壁を塗り直してたのは分かったのですが、素人の仕事の様な塗り方でした。滞在するのに特に影響は無いのですが・・・。 一番感じたのはトイレのウォシュレットがかなり古めかしい形で今時っみたいな使用方法でした。 その辺りは最新のボタン式の調整機能に変えて欲しいです。,こう,bookingcom_622017_ed1e19d843908c2610487e99e2e53573
false,Booking.com,6,2026-05-08,,駅からのアクセスが最高です。  スタバ前の地下鉄入口から入れば雨でも濡れずに地下鉄、博多駅まで行けます。,枕カバーにカビ？がついていた。  朝食会場は狭いので8時前だと座れないのと、バイキング形式ですが配置の問題なのか結構並ぶので時間のロスがかなりあります。,,駅からのアクセスが最高です。  スタバ前の地下鉄入口から入れば雨でも濡れずに地下鉄、博多駅まで行けます。,枕カバーにカビ？がついていた。  朝食会場は狭いので8時前だと座れないのと、バイキング形式ですが配置の問題なのか結構並ぶので時間のロスがかなりあります。,Natsumi,bookingcom_622017_0593c23f805c00480520f71b187e1990
false,楽天トラベル,4,2026-05-08,以下の様なメリットとデメリットはありますが、スタッフの方がみなさん良かったので、博多に行く機会があればまた泊まりたいです。 [メリット]博多駅から近い。小学生以下の添い寝無料。朝食サービス。スタッフの方が良い。宿泊費が安い。 [デメリット]ホテルの建物と設備は古い。アメニティの少なさ。,,,以下の様なメリットとデメリットはありますが、スタッフの方がみなさん良かったので、博多に行く機会があればまた泊まりたいです。 [メリット]博多駅から近い。小学生以下の添い寝無料。朝食サービス。スタッフの方が良い。宿泊費が安い。 [デメリット]ホテルの建物と設備は古い。アメニティの少なさ。,,,たらこマン,rakuten_29211_5e14d960260d64a88d14c4f553986558
false,Trip.com,10,2026-05-07,"We had such a wonderful stay at Comfort Hotel Hakata. The service was excellent, and the staff were very attentive. The space in Fukuoka feels bigger compared to other branches, which makes the experience even better. We especially enjoyed spending time in the library — it was relaxing and a great place to unwind. Having a microwave and some available refreshments at night was such a thoughtful touch. Most importantly, the location is very accessible, being close to the station and malls. Overall, we truly loved staying at Comfort and look forward to coming back.",,,コンフォートホテル博多での滞在は本当に素晴らしかったです。サービスは最高で、スタッフの方々もとても親切でした。福岡の店舗は他の支店と比べて広く感じられ、より快適に過ごせました。特にライブラリーで過ごした時間は最高でした。リラックスできて、ゆったりとくつろげる素敵な空間でした。電子レンジや夜に用意された軽食など、細やかな心遣いも嬉しかったです。何より、駅やショッピングモールに近く、アクセス抜群の立地です。全体的に、コンフォートホテルでの滞在は本当に素晴らしく、またぜひ利用したいと思っています。,,,ゲ‍ス‍ト,trip_1939592684
false,Trip.com,8,2026-05-07,雖然比較老舊，位置無敵,,,少し古い建物ではあるが、立地は最高だ。,,,v‍i‍v‍a‍j‍e‍n‍n‍y,trip_1940213373
false,じゃらん,3,2026-05-07,コンビニは目の前にありますが、道が危なく、子どもも怖がって行きたがらなかったので、お土産コーナーで使えるお買い物券付きがありがたく、おつまみ、子どものおやつなど買えて助かりました！  部屋は狭いですが、特に不便はなかったです！,,,コンビニは目の前にありますが、道が危なく、子どもも怖がって行きたがらなかったので、お土産コーナーで使えるお買い物券付きがありがたく、おつまみ、子どものおやつなど買えて助かりました！  部屋は狭いですが、特に不便はなかったです！,,,いもちぃさん,jalan_308449_ef8531cc76c0032ea2f5398320559280
false,Booking.com,8,2026-05-06,,,,,,,Ayano,bookingcom_622017_92460be226edb3374407ddb7422c3d64
false,Trip.com,10,2026-05-06,"Отель удачно расположен, завтрак вкусный. Номер не очень большой, но 1 чемодан разложить можно",,,ホテルは立地が良く、朝食も美味しいです。部屋はそれほど広くはありませんが、スーツケース1個を置くには十分な広さです。,,,匿‍名‍ユ‍ー‍ザ‍ー,trip_1937646026
false,Google,4,2026-05-06,,,,,,,진선미,google_ChIJy_hLcceRQTURnbO4mkaV_Vs_2c560a273999837a457f9e766abf4cd3
false,Trip.com,8,2026-05-06,위치는 정말 좋지만 내부시설이 노후되어 (특히 욕실) 쾌적하지 않아요. 근처에 새로 생긴 곳도 있는데 친구에게 추천하고 싶지 않네요.,,,場所は本当に良いですが、内部施設が老朽化し（特にバスルーム）快適ではありません。近くに新しくできたところもありますが、友達におすすめしたくないですね。,,,ゲ‍ス‍ト,trip_1938114876
false,Trip.com,10,2026-05-06,ห้องพักดีและใกล้สดวกกับการเดินทาง,,,部屋は快適で、交通の便も良い。,,,K‍r‍a‍i‍s‍i‍t‍ ‍S‍r‍i‍b‍u‍n‍s‍o‍m,trip_1938124794
false,Trip.com,9,2026-05-06,"酒店有點舊但勝在夠方便,房間乾淨及寬敞,可開兩個大喼！有免費早餐提供味道蠻好！厠所設施明顯老舊,但水力夠猛算是不錯的酒店！",,,ホテルは少し古いですが、とても便利です。部屋は清潔で広々としており、大きなバスルームが2つも付いています！無料の朝食も提供され、味もなかなか美味しいです！トイレ設備は明らかに時代遅れですが、水圧は十分で、全体的にはまずまずのホテルと言えるでしょう！,,,ゲ‍ス‍ト,trip_1938793152
false,Trip.com,10,2026-05-06,The hotel is very good,,,このホテルはとても良いです,,,ゲ‍ス‍ト,trip_1938814232
false,Trip.com,10,2026-05-06,位置很優秀了，距離博多站步行5分鐘，穿過斑馬線就是公交總站，出行很方便！房間面積在日本還可以，有小冰箱可以放飲料，自來水可以直接飲用。早餐以日式為主，有本地特色食物，早上高峯期可能需排隊，但有工作人員指引，效率很高。箱子可以免費自助密碼寄存，很方便！總,,,立地は抜群で、博多駅から徒歩5分、バスターミナルは横断歩道を渡ったすぐ先にあり、とても便利です！部屋の広さは日本人の好みに合っていて、飲み物用の小型冷蔵庫もあります。水道水は飲用可能です。朝食は主に和食で、地元の特産品も用意されています。朝のラッシュアワーには行列ができることもありますが、スタッフが案内してくれるので安心です。ロッカーの鍵を使って無料で荷物を預けられるのもとても便利です！全体的に見て…,,,ゲ‍ス‍ト,trip_1938889569
false,Trip.com,9,2026-05-06,ห้องใหญ่ ทำเลดีมากกกกกก,,,広い部屋、最高のロケーション！,,,a‍e‍h‍j‍a,trip_1938944736
false,Trip.com,9,2026-05-05,Convenient location very close to Hakata station Cleaning is done regularly in the rooms The staff are helpful and friendly I was not too impressed with the breakfast selection would be one critique,,,博多駅から非常に近い便利な立地。客室の清掃は定期的に行われています。スタッフは親切でフレンドリーです。ただ、朝食の種類があまり豊富ではなかったのが唯一の難点です。,,,ゲ‍ス‍ト,trip_1935821884
false,Trip.com,9,2026-05-05,진짜 위치는 짱이야👍  직원들도 친절합니다 조식도 맛잇고  근데….냉장고 가 안되서 아쉽게생각합니다. 그나머지는 만족해요,,,本物の場所はちゃんだ👍スタッフも親切です朝食も美味しくて…。冷蔵庫ができなくて残念に思います。それは満足です。,,,ゲ‍ス‍ト,trip_1936993832
false,Trip.com,10,2026-05-04,มาเที่ยวฟุกุโอกะครั้งแรกกับภรรยา พักที่โรงแรมนี้เพราะเดินทางสะดวก ใกล้สถานี Hakata แค่เดินออกจากสถานี ข้ามถนนก็ถึงเลย มี Starbucks ใกล้โรงแรม ด้านล่างมี Shopping Street Sun Plaza ร้านอาหาร Yakiniku คือดี มั้งราคาและความอร่อย👍 เดินทางไปเที่ยวที่ต่างๆสะดวกมาก ทั้งรถไฟและรถบัส แหล่งช็อปปิ้งครบจบในที่เดียว แนะนำครับ,,,妻と初めて福岡を訪れました。博多駅に近く、駅から歩いてすぐ、道を渡ったところにある便利な立地だったので、このホテルを選びました。ホテルの近くにはスターバックスがあり、階下にはサンプラザというショッピングストリートがあります。ホテル内の焼肉店は、値段も味も最高でした👍。電車やバスでの移動にも非常に便利で、買い物に必要なものはすべて揃っています。本当におすすめです！,,,ゲ‍ス‍ト,trip_1934342482
false,Trip.com,9,2026-05-04,โรงแรมอยู่ตรงข้ามสถานีสถานีรถไฟแถวนั้นเป็นแหล่งช้อปปิ้งซึ่งมีร้านค้ามากมาย ห้องห้องพักมีขนาดกำลังดีสำหรับห้องพักมีขนาดกำลังดีสำหรับสองคน,,,ホテルは駅の向かいに位置し、周辺は多くのショップが立ち並ぶショッピング街です。客室は広々としており、2名での滞在に最適です。,,,P‍a‍t‍c‍y‍p‍l‍o‍ï,trip_1934763718
false,Trip.com,7,2026-05-03,Old hotel. Feel like travelled back in time. Only good is location,,,古いホテル。まるでタイムスリップしたような気分。唯一良かったのは立地だけ。,,,J‍o‍n‍8‍3‍8‍3,trip_1932812772
false,Booking.com,10,2026-05-03,,Location! Room is spacious and comfortable.,I am neutral about breakfast. There is not variety selection to choose from. The breakfast room is crowded.,,立地が良い！部屋は広々としていて快適です。,朝食については特に何も感じません。選択肢が少なく、朝食会場は混雑しています。,Komkham,bookingcom_622017_9f81f9f242d5fcb2aca4cbb34e73cfd7
false,Booking.com,9,2026-05-03,,立地が最高、安い、部屋が綺麗、スタッフが丁寧、チェックイン前とチェックイン後でも荷物を預けれるので便利,朝食が外国人向け、種類が少ない、白米がなかった。 でも付いてるだけでありがたい。,,立地が最高、安い、部屋が綺麗、スタッフが丁寧、チェックイン前とチェックイン後でも荷物を預けれるので便利,朝食が外国人向け、種類が少ない、白米がなかった。 でも付いてるだけでありがたい。,Mori,bookingcom_622017_66932f2f6dfc757f160419e4c6b09fd1
false,Google,4,2026-05-03,予約時に部屋の写真にベッド2台で見せてお選びいただくと堕落することがあります ベッドが2台かどうか、ぜひホテルまたは予約サイトにご確認ください。 写真だけ見て予約した私のせいだと言って転倒したいのですが、2人の子供とベッド1台で寝ているので、子供たちにも申し訳ありません。 日本のお祝いだと値段も普段に比べて2倍を超えるうえに5泊だからこんなに落ち着くだけです。 朝食は期待しませんでしたが、大丈夫でサービスは4つ星です,,,予約時に部屋の写真にベッド2台で見せてお選びいただくと堕落することがあります ベッドが2台かどうか、ぜひホテルまたは予約サイトにご確認ください。 写真だけ見て予約した私のせいだと言って転倒したいのですが、2人の子供とベッド1台で寝ているので、子供たちにも申し訳ありません。 日本のお祝いだと値段も普段に比べて2倍を超えるうえに5泊だからこんなに落ち着くだけです。 朝食は期待しませんでしたが、大丈夫でサービスは4つ星です,,,hyelim hong (두아이맘),google_ChIJy_hLcceRQTURnbO4mkaV_Vs_90c201fd792175a46956be1d53bd1a83
false,Trip.com,10,2026-05-03,가족 일본여행 첫숙소!!  시내 중앙에 있어 접근성이 너무 좋아요!! 저희가 갔을땐 한국어를 유창하게 하시는분은 안계셨지만 일본직원분들도 너무너무 친절해 체크인하는데 무리 없었습니다~ 주변에 편의점도 많아 고민없이 선택할수 있어요 !!!,,,家族日本旅行初宿!!  市内中心部にあり、アクセシビリティがとても良いです！私たちが行った時は韓国語を流暢にしてくださる方はいらっしゃいましたが、日本職員の方もとても親切でチェックインするのに無理はありませんでした〜周辺にコンビニも多くて悩みなく選べます！,,,ゲ‍ス‍ト,trip_1932861652
false,Trip.com,8,2026-05-03,Old hotel. But rooms are clean and well- maintained. The reception service was friendly and helpful. The free breakfast was an adder. The location is superb for city shopping and sights and for day trips and travel to other prefectures.,,,古いホテルですが、部屋は清潔で手入れが行き届いています。フロントの対応は親切で丁寧でした。無料の朝食は最高でした。立地は市内でのショッピングや観光、日帰り旅行、他県への旅行にも最適です。,,,ゲ‍ス‍ト,trip_1933260308
false,Booking.com,8,2026-05-03,,,,,,,Masaya,bookingcom_622017_e07e6eb83f5f015a24d1e62540856a5f
false,Booking.com,10,2026-05-03,,Great location across the road from Hakata station and lots of shopping and food. The 7 eleven was 2 doors down. Easy access to the JR line. Staff were excellent and very helpful. Coffee and cold drinks and seating area available all day free of charge. Would highly recommend Comfort Hotel,Nothing,,博多駅の向かいという絶好のロケーションで、周辺にはたくさんのお店や飲食店があります。セブンイレブンは2軒隣です。JR線へのアクセスも簡単です。スタッフは素晴らしく、とても親切でした。コーヒーや冷たい飲み物、座席エリアは終日無料で利用できます。コンフォートホテルを強くお勧めします。,何もない,Britton,bookingcom_622017_5b69d717e0fcb05c3c56913a425f44c7
false,Google,4,2026-05-03,예약 시 방 사진에 침대 2개로 보여 선택하시면 낭패일 수 있습니다 침대가 2개인지 꼭 호텔이나 예약사이트에 확인 하시길 바랍니다 사진만 보고 예약한 제 잘못이려니 하고 넘기려는데 2명의 아이와 침대 하나에서 자려니 애들한테도 미안하네요 일본의 명절이라고 가격도 평상시 대비 2배가 넘는데다 5박이라 이래저래 속상함 뿐이에요 조식은 기대 안했는데 괜찮아서 서비스는 별 4개 드립니다,,,予約の際、部屋の写真にベッド2台で見せて選んで頂ければナンパかもしれません。朝食だけでは期待できませんでしたが、大丈夫でサービスは4つ星です,,,hyelim hong (두아이맘),google_ChIJy_hLcceRQTURnbO4mkaV_Vs_fea945cef0bfaf281fa7a42b22e99405
false,Google,4,2026-05-03,予約時に部屋の写真にベッド2台で見せてお選びいただくと堕落することがあります ベッドが2台かどうか、ぜひホテルまたは予約サイトにご確認ください。 写真だけを見て予約した私のせいだと言って転倒したいのですが、2人の子供とベッド1台で寝ているので、子供たちに申し訳ありません。 日本のお祝いだと値段も普段に比べて2倍を超えるうえに5泊だからこんなに落ち着くだけです。 朝食は期待しませんでしたが、大丈夫でサービスは4つ星です,,,予約時に部屋の写真にベッド2台で見せてお選びいただくと堕落することがあります ベッドが2台かどうか、ぜひホテルまたは予約サイトにご確認ください。 写真だけを見て予約した私のせいだと言って転倒したいのですが、2人の子供とベッド1台で寝ているので、子供たちに申し訳ありません。 日本のお祝いだと値段も普段に比べて2倍を超えるうえに5泊だからこんなに落ち着くだけです。 朝食は期待しませんでしたが、大丈夫でサービスは4つ星です,,,hyelim hong (두아이맘),google_ChIJy_hLcceRQTURnbO4mkaV_Vs_2042c6c77dd110729d9e1fc84690ab44
false,Booking.com,8,2026-05-02,,,,,,,Kosuke,bookingcom_622017_07b8c56c84e16fc5683b75be4724cc4a
false,Booking.com,10,2026-05-02,,Everything about Comfort Hotel is Super. Staff are very helpful and courteous.  Rooms are clean and comfortable.. Breakfast is yummy with good spread. Free Flow of tea and coffee from 2pm to 12 am is a Bonus. Use of cafe throughout the day makes my stay enjoyable.  Excellent location  - opposite Hakata Station  and Bus Terminal and Shopping Malls.Superb value !!! Definitely will return  again.,I cant find anything to complain about.,,コンフォートホテルは全てにおいて最高です。スタッフはとても親切で丁寧です。部屋は清潔で快適です。朝食は種類豊富で美味しいです。午後2時から午前0時まで紅茶とコーヒーが飲み放題なのは嬉しい特典です。一日中カフェを利用できるので、滞在がさらに楽しくなります。博多駅、バスターミナル、ショッピングモールに面した絶好のロケーションです。コストパフォーマンスも抜群です！間違いなくまた泊まりに来ます。,不満に思う点は何も見当たりません。,Choon,bookingcom_622017_8061b66e654b682c97e602dc7ad1bce2
false,Trip.com,9,2026-05-02,Very good location.,,,非常に良い立地です。,,,风‍玲‍ ‍（‍M‍a‍l‍a‍y‍s‍i‍a‍),trip_1931743854
false,Booking.com,7,2026-05-01,,朝食が無料だった,施設が少し古めかな,,朝食が無料だった,施設が少し古めかな,佐藤,bookingcom_622017_8895e251fc8c5c9ee44e11dd2104b159
false,Trip.com,7,2026-05-01,"위치는 최고입니다. 조식도 괜찮은편입니다. 다만, 룸 이 최악입니다. 마치 오래된 시골의 여관에 와있는듯한 착각마져 듭니다. 룸 적은거야 일본의 호텔 특성상 이해 합니다만 벽지는 갈라져있고 바닥 카페트는 바퀴벌레를 봤다는 다른분의 후기가 실감 납니다..(저는 바퀴벌레는 못봤음) 외풍이 심해서 4월말인데도 침낭이 필요할 정도인데 룸에 에어콘은 나와도 히터는 안나옵니다. 창문 유리창은 밖의 유리면에 코팅이 오염되어있어서 밖의 풍경은 사진으로 찍을수 조차 없었네요. 교통 편의상 출장으로 남자분 혼자 오신분들은  추천할만 합니다만 부모님을 모시고 오시거나 커플들은 완전 비추입니디.",,,場所は最高です。朝食も大丈夫です。ただし、ルームが最悪です。まるで古い田舎の旅館に来ているような勘違いです。部屋は少ないよ 日本のホテルの特性上理解していますが壁紙は割れていて床カーペットはゴキブリを見たという他の方の後期が実感します。 （私はゴキブリは見られなかった）窓ガラス窓は外のガラス面にコーティングが汚染されていて外の風景は写真で撮ることさえなかったですね。交通の便宜上、出張で男の方一人で来た方はお勧めしますが、両親を迎えに来ていただいたり、カップルは完全に飛び込みます。,,,ゲ‍ス‍ト,trip_1930753174
false,Trip.com,10,2026-05-01,交通便捷，服務親切，早餐豐富營養！,,,便利な交通手段、親切なサービス、そして栄養満点の朝食！,,,ゲ‍ス‍ト,trip_1931176941
false,Trip.com,8,2026-05-01,위치가 너무 좋아요. 방은 시설이 오래됐어요. 그래도 저녁에 조용해서 좋았습니다.,,,場所がとても良いです。部屋は施設が古かったです。それでも夕方に静かでよかったです。,,,ゲ‍ス‍ト,trip_1931204888
false,Trip.com,9,2026-05-01,LOCATION is best. Value for money.,,,立地が最高。価格に見合った価値がある。,,,ゲ‍ス‍ト,trip_1931249106
false,Booking.com,8,2026-05-15,,,朝食のバリエーションを増やしてもらいたい,,,朝食のバリエーションを増やしてもらいたい,Yuki,bookingcom_622017_42fb1279d4b0736ab528f7c586f50863
false,Google,4,2026-05-15,駅近で非常に便利。 部屋(ユニットバス含む)の広さも快適。 アメニティはハミガキのみ。 クシとカミソリはフロント前にある？ タオルとバスタオルは各1枚。 ボディタオル(スポンジ)は無し。 なのでアメニティ持参は必須です！ ベッドの長さが短めな気がした(ベッドの固さは快適です) 枕は2種類あった(低い方の枕、使い心地良き) テレビの大きさも良かった(見やすい) 夜、部屋の外での話し声が微かに聞こえたが気にはならない。  朝食☕🍞🌄はとても美味しかったです😋✨✨✨✨💖 インバウンドの人たちが多くいましたが皆さん静かに食事をしていました。 とても居心地の良い空間です(^^) イチオシは博多水炊き風スープ？　起き抜けの身体に沁みた(o^－^o)💕　まさに五臓六腑にしみわたるです！👍️ 今日はこれで一日頑張ります(o^-')b !✨✨  また利用したいです(^^)🎵,,,駅近で非常に便利。 部屋(ユニットバス含む)の広さも快適。 アメニティはハミガキのみ。 クシとカミソリはフロント前にある？ タオルとバスタオルは各1枚。 ボディタオル(スポンジ)は無し。 なのでアメニティ持参は必須です！ ベッドの長さが短めな気がした(ベッドの固さは快適です) 枕は2種類あった(低い方の枕、使い心地良き) テレビの大きさも良かった(見やすい) 夜、部屋の外での話し声が微かに聞こえたが気にはならない。  朝食☕🍞🌄はとても美味しかったです😋✨✨✨✨💖 インバウンドの人たちが多くいましたが皆さん静かに食事をしていました。 とても居心地の良い空間です(^^) イチオシは博多水炊き風スープ？　起き抜けの身体に沁みた(o^－^o)💕　まさに五臓六腑にしみわたるです！👍️ 今日はこれで一日頑張ります(o^-')b !✨✨  また利用したいです(^^)🎵,,,あべかわきなこ,google_ChIJy_hLcceRQTURnbO4mkaV_Vs_a786ad2aa8c735eb5666ce5f499b4c32
false,Trip.com,9,2026-05-14,位置非常好，就在車站旁邊，逛街或是購物極度方便，設施設為老舊，但有早餐，如果追求便宜Cp值可以選擇，但不要有太高的標準。,,,立地は抜群で、駅のすぐ隣にあるため、買い物や散策に非常に便利です。設備はやや古めですが、朝食は付いています。コストパフォーマンスを重視するなら良い選択肢ですが、過度な期待は禁物です。,,,ゲ‍ス‍ト,trip_1947036100
false,Trip.com,10,2026-05-14,벌써 2번째 이용이지만 여전히 친절했습미다. 비가 올 때 우산도 대여할 수 있고 체크아웃 후에도 짐을 보관할 수 있는 큰 장점이 있습니다. 무엇보다 역 바로 앞에 있다는 점이 최고입니다.,,,もう2回目の利用だが相変らず親切だった。雨が降ると傘もレンタルでき、チェックアウト後も荷物を保管できる大きなメリットがあります。何より駅のすぐ前にあるのが最高です。,,,ゲ‍ス‍ト,trip_1947184816
false,Google,3,2026-05-14,なんといっても立地が良いですね。博多駅すぐそば。スタバにもすぐ行ける。やはりホテルは立地が7割と言えるでしょう。 とても良い滞在ができました。,,,なんといっても立地が良いですね。博多駅すぐそば。スタバにもすぐ行ける。やはりホテルは立地が7割と言えるでしょう。 とても良い滞在ができました。,,,パンダ,google_ChIJy_hLcceRQTURnbO4mkaV_Vs_9280b47447fd3f1422c012620cce9a10
false,Trip.com,9,2026-05-14,位置超正，無論往那裏遊玩都很方便，早餐不錯，前檯和早餐的服務員表現很好，房間的服務員則有點參差，部分日子忘了補充牙膏，整體來說可以接受，有機會會再來居住。,,,立地は抜群で、どこへ行くにも便利です。朝食も美味しく、フロントと朝食スタッフはとても親切です。ただ、ルームサービスの対応はややムラがあり、歯磨き粉の補充を忘れた日もありました。全体的には満足できるホテルで、機会があればまた泊まりたいと思います。,,,ゲ‍ス‍ト,trip_1947412584
false,Trip.com,7,2026-05-13,하카타역과 가까워서 접근성은 정말 좋았습니다. 체크인/아웃 시 서비스도 좋았어요.,,,博多駅に近いのでアクセシビリティは本当によかったです。チェックイン/アウト時のサービスも良かったです。,,,ゲ‍ス‍ト,trip_1945943224
false,Google,3,2026-05-13,旅行の帰りに利用しました。 駅が目の前だったので、迷う事なくホテルまで到着しました。 朝ごはんもついており、よかったってす。 残念な事は、ハンドソープ類が全くなかったので、備え付けのボディソープで洗いました。今まで泊まったホテルでは洗顔料が別に置いてある所しか見たことがなかったので、その辺不便に感じました。,,,旅行の帰りに利用しました。 駅が目の前だったので、迷う事なくホテルまで到着しました。 朝ごはんもついており、よかったってす。 残念な事は、ハンドソープ類が全くなかったので、備え付けのボディソープで洗いました。今まで泊まったホテルでは洗顔料が別に置いてある所しか見たことがなかったので、その辺不便に感じました。,,,でいご,google_ChIJy_hLcceRQTURnbO4mkaV_Vs_08de16101507e6042b5496d4d56d26cb
false,Booking.com,10,2026-05-13,,位置良好，寄放行李，免費早餐,,,立地が良い、荷物預かりサービスあり、朝食無料,,Hui-hsuan,bookingcom_622017_893772791098cad90075b79f7c37e7cb
false,Trip.com,10,2026-05-13,Nice service and connivence to travel,,,素晴らしいサービスと旅行の利便性,,,ゲ‍ス‍ト,trip_1947003182
false,Trip.com,10,2026-05-12,역 바로 앞이라 이동이 정말 편해요,,,駅のすぐ前で移動が本当に楽です。,,,ゲ‍ス‍ト,trip_1945233536
false,楽天トラベル,5,2026-05-12,朝食も大変おいしかったです！部屋も大変きれいでした！とても満足しました！,,,朝食も大変おいしかったです！部屋も大変きれいでした！とても満足しました！,,,ドラえもん、,rakuten_29211_70a140030dd32606db9490d5e6026bb9
false,Trip.com,6,2026-05-12,위치는진짜최고,,,場所は本当に最高です,,,ゲ‍ス‍ト,trip_1945638154
false,Booking.com,8,2026-05-11,,,,,,,Sinbo,bookingcom_622017_6cca6b5cc3dc1430a45b84595777f08a
false,Trip.com,9,2026-05-11,整體上感受非常好👍 CP值高,,,全体的に非常に良い体験でした👍 コストパフォーマンスが高いです,,,ゲ‍ス‍ト,trip_1944843742
false,Trip.com,10,2026-05-10,ห้องกว้างมากกกกก,,,部屋はとても広々としています。,,,ゲ‍ス‍ト,trip_1943012078
false,Trip.com,10,2026-05-10,딸이랑 아빠 둘이서 2박3일로 갔다왔는데 숙소 만족스럽고 조식은 그렇게 먹을것이 많지는 않지만 간단히 조식 먹기에는 좋아요.  1층 식당이 나중에는 휴식공간처럼 되어 편의점에서 간단히 사와서 먹기에 좋아요. 하지만  전자레인지는 있지만 온수가 없어서 라면은 못 먹습니다,,,娘とパパの二人で2泊3日に行ってきましたが、宿に満足して朝食はそんなに食べることが多くはありませんが、簡単に朝食を食べるのにはいいです。  1階の食堂が後は休憩空間のようになり、コンビニで簡単に買って食べるのが好きです。しかし、電子レンジはありますが、お湯がないので、ラーメンは食べられません。,,,ゲ‍ス‍ト,trip_1943605128
false,Google,5,2026-05-10,金土日2泊3日を大人1人子供1人25万ウォンに予約をしました。このように予約できる博多駅前にあるホテルはありません。 朝食はそれほど美味しくはありませんが、また美味しくありません。適しています。周辺に食べることも多く、八方駅もすぐそばにあり、どこに通っているのが大好きです。 この金額にクオリティの高い客室を望むことはできませんが、寝るのにあまり不便を感じませんでした。この価格で行けるのには最高のようです。 スタッフは不親切ではありませんが、また親切ではありません。むしろ、これはより快適です。,,,金土日2泊3日を大人1人子供1人25万ウォンに予約をしました。このように予約できる博多駅前にあるホテルはありません。 朝食はそれほど美味しくはありませんが、また美味しくありません。適しています。周辺に食べることも多く、八方駅もすぐそばにあり、どこに通っているのが大好きです。 この金額にクオリティの高い客室を望むことはできませんが、寝るのにあまり不便を感じませんでした。この価格で行けるのには最高のようです。 スタッフは不親切ではありませんが、また親切ではありません。むしろ、これはより快適です。,,,kwangsik Ko,google_ChIJy_hLcceRQTURnbO4mkaV_Vs_9ca256fc63b5f3d4caebddd0b48f37ee
false,Trip.com,10,2026-05-10,ทำเลดีมาก อยู่ตรงข้ามHakata Station และ Hakata Bus Terminal ข้างๆโรงแรมมีStarbucks และ 7/11 อาหารเช้าอร่อยดี พนักงานดี ทำความสะอาดห้องทุกวัน,,,博多駅と博多バスターミナルの真向かいという絶好のロケーション。ホテルのすぐ隣にはスターバックスとセブンイレブンがあります。朝食は美味しく、スタッフの対応も素晴らしく、部屋は毎日清掃されていました。,,,A‍p‍i‍n‍y‍a‍ ‍P‍o‍r,trip_1943684862
false,Trip.com,9,2026-05-10,"조용한 방을 선택한탓인지, 복도 끝방을 배정받아 의아했는데, 여행내내 소음없이 잘 지낼 수 있었습니다. 창문너머 하카타 역이 바로 보여 전망이 우수했습니다. 다만 화장실이 좁고, 창문이 개폐가 안되어 좀 답답했습니다만, 그 외에는 전부 만족스럽습니다.",,,静かな部屋を選んだせいなのか、廊下の終わりを割り当てられて疑わしかったのですが、旅行中に騒音なくうまく過ごせました。窓越しに博多駅がすぐ見え、見通しに優れていました。ただ、トイレが狭く、窓が開閉できなくなってちょっと苦労しましたが、その他は全て満足です。,,,ゲ‍ス‍ト,trip_1943721994
false,Google,5,2026-05-10,금토일 2박3일을 성인 1명 아이 1명 25만원에 예약을 했습니다. 이렇게 예약할 수 있는 하카타 역앞에 있는 호텔은 없어요 조식이 그렇게 맛있지는 않지만 또 맛없지도 않습니다. 적당해요. 주변에 먹을 것도 많고 핫카타 역도 바로 옆에 있어서 어디 다닌지 너무 좋아요. 이 금액에 퀄리티 높은 객실을 바랄 수는 없지만 자는데 그다지 불편함을 못느꼈습니다. 이 가격으로 갈 수 있는 데 중에서는 최고인것 같습니다. 직원들은 불친절하지 않은데 또 친절하지도 않아요. 오히려 이게 더 편할 수도,,,金土日2泊3日を大人1人、子供1人25万ウォンで予約しました。このように予約できる博多駅前にあるホテルはありません。適しています。周辺に食べるものも多く、八方駅もすぐそばにあり、どこに通っているのが大好きです。この金額にクオリティの高い客室を望むことはできませんが、寝るのにあまり不便を感じませんでした。この価格で行けるのには最高のようです。スタッフは不親切ではありませんが、また親切ではありません。むしろ、これはより快適です。,,,kwangsik Ko,google_ChIJy_hLcceRQTURnbO4mkaV_Vs_be34dd9cdda6b11657a662dcc46208b7
false,Trip.com,10,2026-05-09,"Had a pleasant stay at this hotel. The room was clean and comfortable, staff were friendly, and the location was convenient. Check-in was smooth and overall service was good. Would consider staying here again.",,,このホテルでの滞在は快適でした。部屋は清潔で快適、スタッフは親切で、立地も便利でした。チェックインもスムーズで、全体的にサービスも良かったです。また利用したいと思います。,,,D‍e‍x‍t‍e‍r‍y‍q‍k,trip_1942401898
false,じゃらん,4,2026-05-09,博多駅からとても近く便利でよかったです。  部屋は古めで、天井の壁紙などが一部剥がれかかっていることなどがありましたが、広めな部屋で、４人の宿泊で、スーツケースを２個広げても問題ない広さでよかったです。  朝食がもう少し料金を高めにして頂いてでも、品数がもう少し多かったり、ご当地の料理などがあればよかったのですが。また、トレーがなかったり、料理コーナーと飲み物のコーナーが一緒になっていたので、料理の取り待ちの列で、飲み物を取りに行きづらかったりしたのが、ちょっと残念でした。,,,博多駅からとても近く便利でよかったです。  部屋は古めで、天井の壁紙などが一部剥がれかかっていることなどがありましたが、広めな部屋で、４人の宿泊で、スーツケースを２個広げても問題ない広さでよかったです。  朝食がもう少し料金を高めにして頂いてでも、品数がもう少し多かったり、ご当地の料理などがあればよかったのですが。また、トレーがなかったり、料理コーナーと飲み物のコーナーが一緒になっていたので、料理の取り待ちの列で、飲み物を取りに行きづらかったりしたのが、ちょっと残念でした。,,,不明,jalan_308449_334ff40f9aa7832bc90856a3acd98407
false,じゃらん,4,2026-05-09,博多駅からとても近く便利でよかったです。  部屋は古めで、天井の壁紙などが一部剥がれかかっていることなどがありましたが、広めな部屋で、４人の宿泊で、スーツケースを２個広げても問題ない広さでよかったです。  朝食がもう少し料金を高めにして頂いてでも、品数がもう少し多かったり、ご当地の料理などがあればよかったのですが。また、トレーがなかったり、料理コーナーと飲み物のコーナーが一緒になっていたので、料理の取り待ちの列で、飲み物を取りに行きづらかったりしたのが、ちょっと残念でした。,,,博多駅からとても近く便利でよかったです。  部屋は古めで、天井の壁紙などが一部剥がれかかっていることなどがありましたが、広めな部屋で、４人の宿泊で、スーツケースを２個広げても問題ない広さでよかったです。  朝食がもう少し料金を高めにして頂いてでも、品数がもう少し多かったり、ご当地の料理などがあればよかったのですが。また、トレーがなかったり、料理コーナーと飲み物のコーナーが一緒になっていたので、料理の取り待ちの列で、飲み物を取りに行きづらかったりしたのが、ちょっと残念でした。,,,ひのっちさん,jalan_308449_921a84ca4ce02279a91779b2a035ca05
false,Trip.com,9,2026-05-08,酒店位置就在博多車站對面，出行十分方便。酒店樓下有一間7-eleven，週邊有幾個大商場， 無論購物和飲食都十分方便。 酒店房間整潔，以這個價錢定位來說，整體都可以，唯一缺點就係房間的冷氣唔夠凍。,,,ホテルは博多駅の真向かいに位置しており、移動に非常に便利です。ホテルの階下にはセブンイレブンがあり、周辺には大型ショッピングモールがいくつかあるため、買い物や食事にも大変便利です。客室は清潔で整頓されており、この価格帯としては全体的に満足できるレベルですが、唯一の欠点はエアコンの効きが弱いことです。,,,ゲ‍ス‍ト,trip_1940307360
false,Booking.com,6,2026-05-08,,駅に近くてアクセスが良い点。 とは言っても周りにもホテルは沢山ありましたけど。,窓の下の壁を塗り直してたのは分かったのですが、素人の仕事の様な塗り方でした。滞在するのに特に影響は無いのですが・・・。 一番感じたのはトイレのウォシュレットがかなり古めかしい形で今時っみたいな使用方法でした。 その辺りは最新のボタン式の調整機能に変えて欲しいです。,,駅に近くてアクセスが良い点。 とは言っても周りにもホテルは沢山ありましたけど。,窓の下の壁を塗り直してたのは分かったのですが、素人の仕事の様な塗り方でした。滞在するのに特に影響は無いのですが・・・。 一番感じたのはトイレのウォシュレットがかなり古めかしい形で今時っみたいな使用方法でした。 その辺りは最新のボタン式の調整機能に変えて欲しいです。,こう,bookingcom_622017_ed1e19d843908c2610487e99e2e53573
false,Booking.com,6,2026-05-08,,駅からのアクセスが最高です。  スタバ前の地下鉄入口から入れば雨でも濡れずに地下鉄、博多駅まで行けます。,枕カバーにカビ？がついていた。  朝食会場は狭いので8時前だと座れないのと、バイキング形式ですが配置の問題なのか結構並ぶので時間のロスがかなりあります。,,駅からのアクセスが最高です。  スタバ前の地下鉄入口から入れば雨でも濡れずに地下鉄、博多駅まで行けます。,枕カバーにカビ？がついていた。  朝食会場は狭いので8時前だと座れないのと、バイキング形式ですが配置の問題なのか結構並ぶので時間のロスがかなりあります。,Natsumi,bookingcom_622017_0593c23f805c00480520f71b187e1990
false,楽天トラベル,4,2026-05-08,以下の様なメリットとデメリットはありますが、スタッフの方がみなさん良かったので、博多に行く機会があればまた泊まりたいです。 [メリット]博多駅から近い。小学生以下の添い寝無料。朝食サービス。スタッフの方が良い。宿泊費が安い。 [デメリット]ホテルの建物と設備は古い。アメニティの少なさ。,,,以下の様なメリットとデメリットはありますが、スタッフの方がみなさん良かったので、博多に行く機会があればまた泊まりたいです。 [メリット]博多駅から近い。小学生以下の添い寝無料。朝食サービス。スタッフの方が良い。宿泊費が安い。 [デメリット]ホテルの建物と設備は古い。アメニティの少なさ。,,,たらこマン,rakuten_29211_5e14d960260d64a88d14c4f553986558
false,Trip.com,10,2026-05-07,"We had such a wonderful stay at Comfort Hotel Hakata. The service was excellent, and the staff were very attentive. The space in Fukuoka feels bigger compared to other branches, which makes the experience even better. We especially enjoyed spending time in the library — it was relaxing and a great place to unwind. Having a microwave and some available refreshments at night was such a thoughtful touch. Most importantly, the location is very accessible, being close to the station and malls. Overall, we truly loved staying at Comfort and look forward to coming back.",,,コンフォートホテル博多での滞在は本当に素晴らしかったです。サービスは最高で、スタッフの方々もとても親切でした。福岡の店舗は他の支店と比べて広く感じられ、より快適に過ごせました。特にライブラリーで過ごした時間は最高でした。リラックスできて、ゆったりとくつろげる素敵な空間でした。電子レンジや夜に用意された軽食など、細やかな心遣いも嬉しかったです。何より、駅やショッピングモールに近く、アクセス抜群の立地です。全体的に、コンフォートホテルでの滞在は本当に素晴らしく、またぜひ利用したいと思っています。,,,ゲ‍ス‍ト,trip_1939592684
false,Trip.com,8,2026-05-07,雖然比較老舊，位置無敵,,,少し古い建物ではあるが、立地は最高だ。,,,v‍i‍v‍a‍j‍e‍n‍n‍y,trip_1940213373
false,じゃらん,3,2026-05-07,コンビニは目の前にありますが、道が危なく、子どもも怖がって行きたがらなかったので、お土産コーナーで使えるお買い物券付きがありがたく、おつまみ、子どものおやつなど買えて助かりました！  部屋は狭いですが、特に不便はなかったです！,,,コンビニは目の前にありますが、道が危なく、子どもも怖がって行きたがらなかったので、お土産コーナーで使えるお買い物券付きがありがたく、おつまみ、子どものおやつなど買えて助かりました！  部屋は狭いですが、特に不便はなかったです！,,,いもちぃさん,jalan_308449_ef8531cc76c0032ea2f5398320559280
false,Booking.com,8,2026-05-06,,,,,,,Ayano,bookingcom_622017_92460be226edb3374407ddb7422c3d64
false,Trip.com,10,2026-05-06,"Отель удачно расположен, завтрак вкусный. Номер не очень большой, но 1 чемодан разложить можно",,,ホテルは立地が良く、朝食も美味しいです。部屋はそれほど広くはありませんが、スーツケース1個を置くには十分な広さです。,,,匿‍名‍ユ‍ー‍ザ‍ー,trip_1937646026
false,Google,4,2026-05-06,,,,,,,진선미,google_ChIJy_hLcceRQTURnbO4mkaV_Vs_2c560a273999837a457f9e766abf4cd3
false,Trip.com,8,2026-05-06,위치는 정말 좋지만 내부시설이 노후되어 (특히 욕실) 쾌적하지 않아요. 근처에 새로 생긴 곳도 있는데 친구에게 추천하고 싶지 않네요.,,,場所は本当に良いですが、内部施設が老朽化し（特にバスルーム）快適ではありません。近くに新しくできたところもありますが、友達におすすめしたくないですね。,,,ゲ‍ス‍ト,trip_1938114876
false,Trip.com,10,2026-05-06,ห้องพักดีและใกล้สดวกกับการเดินทาง,,,部屋は快適で、交通の便も良い。,,,K‍r‍a‍i‍s‍i‍t‍ ‍S‍r‍i‍b‍u‍n‍s‍o‍m,trip_1938124794
false,Trip.com,9,2026-05-06,"酒店有點舊但勝在夠方便,房間乾淨及寬敞,可開兩個大喼！有免費早餐提供味道蠻好！厠所設施明顯老舊,但水力夠猛算是不錯的酒店！",,,ホテルは少し古いですが、とても便利です。部屋は清潔で広々としており、大きなバスルームが2つも付いています！無料の朝食も提供され、味もなかなか美味しいです！トイレ設備は明らかに時代遅れですが、水圧は十分で、全体的にはまずまずのホテルと言えるでしょう！,,,ゲ‍ス‍ト,trip_1938793152
false,Trip.com,10,2026-05-06,The hotel is very good,,,このホテルはとても良いです,,,ゲ‍ス‍ト,trip_1938814232
false,Trip.com,10,2026-05-06,位置很優秀了，距離博多站步行5分鐘，穿過斑馬線就是公交總站，出行很方便！房間面積在日本還可以，有小冰箱可以放飲料，自來水可以直接飲用。早餐以日式為主，有本地特色食物，早上高峯期可能需排隊，但有工作人員指引，效率很高。箱子可以免費自助密碼寄存，很方便！總,,,立地は抜群で、博多駅から徒歩5分、バスターミナルは横断歩道を渡ったすぐ先にあり、とても便利です！部屋の広さは日本人の好みに合っていて、飲み物用の小型冷蔵庫も備え付けられています。水道水は飲用可能です。朝食は主に和食で、地元の特産品も用意されています。朝のラッシュアワーには行列ができることもありますが、スタッフが案内してくれるので安心です。ロッカーの鍵を使って無料で荷物を預けられるのも非常に便利です！全体的に見て、,,,ゲ‍ス‍ト,trip_1938889569
false,Trip.com,9,2026-05-06,ห้องใหญ่ ทำเลดีมากกกกกก,,,広い部屋、最高のロケーション！,,,a‍e‍h‍j‍a,trip_1938944736
false,Trip.com,9,2026-05-05,Convenient location very close to Hakata station Cleaning is done regularly in the rooms The staff are helpful and friendly I was not too impressed with the breakfast selection would be one critique,,,博多駅から非常に近い便利な立地。客室の清掃は定期的に行われています。スタッフは親切でフレンドリーです。ただ、朝食の種類があまり豊富ではなかったのが唯一の難点です。,,,ゲ‍ス‍ト,trip_1935821884
false,Trip.com,9,2026-05-05,진짜 위치는 짱이야👍  직원들도 친절합니다 조식도 맛잇고  근데….냉장고 가 안되서 아쉽게생각합니다. 그나머지는 만족해요,,,本物の場所はちゃんだ👍スタッフも親切です朝食も美味しくて…。冷蔵庫ができなくて残念に思います。それは満足です。,,,ゲ‍ス‍ト,trip_1936993832
false,Trip.com,10,2026-05-04,มาเที่ยวฟุกุโอกะครั้งแรกกับภรรยา พักที่โรงแรมนี้เพราะเดินทางสะดวก ใกล้สถานี Hakata แค่เดินออกจากสถานี ข้ามถนนก็ถึงเลย มี Starbucks ใกล้โรงแรม ด้านล่างมี Shopping Street Sun Plaza ร้านอาหาร Yakiniku คือดี มั้งราคาและความอร่อย👍 เดินทางไปเที่ยวที่ต่างๆสะดวกมาก ทั้งรถไฟและรถบัส แหล่งช็อปปิ้งครบจบในที่เดียว แนะนำครับ,,,妻と初めて福岡を訪れました。博多駅に近く、駅から歩いてすぐ、道を渡ったところにある便利な立地だったので、このホテルを選びました。ホテルの近くにはスターバックスがあり、階下にはサンプラザというショッピングストリートがあります。ホテル内の焼肉店は、値段も味も最高でした👍。電車やバスでの移動にも非常に便利で、買い物に必要なものはすべて揃っています。本当におすすめです！,,,ゲ‍ス‍ト,trip_1934342482
false,Trip.com,9,2026-05-04,โรงแรมอยู่ตรงข้ามสถานีสถานีรถไฟแถวนั้นเป็นแหล่งช้อปปิ้งซึ่งมีร้านค้ามากมาย ห้องห้องพักมีขนาดกำลังดีสำหรับห้องพักมีขนาดกำลังดีสำหรับสองคน,,,ホテルは駅の向かいに位置し、周辺は多くのショップが立ち並ぶショッピング街です。客室は広々としており、2名での滞在に最適です。,,,P‍a‍t‍c‍y‍p‍l‍o‍ï,trip_1934763718
false,Trip.com,7,2026-05-03,Old hotel. Feel like travelled back in time. Only good is location,,,古いホテル。まるでタイムスリップしたような気分。唯一良かったのは立地だけ。,,,J‍o‍n‍8‍3‍8‍3,trip_1932812772
false,Booking.com,10,2026-05-03,,Location! Room is spacious and comfortable.,I am neutral about breakfast. There is not variety selection to choose from. The breakfast room is crowded.,,立地が良い！部屋は広々としていて快適です。,朝食については特に何も感じません。選択肢が少なく、朝食会場は混雑しています。,Komkham,bookingcom_622017_9f81f9f242d5fcb2aca4cbb34e73cfd7
false,Booking.com,9,2026-05-03,,立地が最高、安い、部屋が綺麗、スタッフが丁寧、チェックイン前とチェックイン後でも荷物を預けれるので便利,朝食が外国人向け、種類が少ない、白米がなかった。 でも付いてるだけでありがたい。,,立地が最高、安い、部屋が綺麗、スタッフが丁寧、チェックイン前とチェックイン後でも荷物を預けれるので便利,朝食が外国人向け、種類が少ない、白米がなかった。 でも付いてるだけでありがたい。,Mori,bookingcom_622017_66932f2f6dfc757f160419e4c6b09fd1
false,Google,4,2026-05-03,予約時に部屋の写真にベッド2台で見せてお選びいただくと堕落することがあります ベッドが2台かどうか、ぜひホテルまたは予約サイトにご確認ください。 写真だけ見て予約した私のせいだと言って転倒したいのですが、2人の子供とベッド1台で寝ているので、子供たちにも申し訳ありません。 日本のお祝いだと値段も普段に比べて2倍を超えるうえに5泊だからこんなに落ち着くだけです。 朝食は期待しませんでしたが、大丈夫でサービスは4つ星です,,,予約時に部屋の写真にベッド2台で見せてお選びいただくと堕落することがあります ベッドが2台かどうか、ぜひホテルまたは予約サイトにご確認ください。 写真だけ見て予約した私のせいだと言って転倒したいのですが、2人の子供とベッド1台で寝ているので、子供たちにも申し訳ありません。 日本のお祝いだと値段も普段に比べて2倍を超えるうえに5泊だからこんなに落ち着くだけです。 朝食は期待しませんでしたが、大丈夫でサービスは4つ星です,,,hyelim hong (두아이맘),google_ChIJy_hLcceRQTURnbO4mkaV_Vs_90c201fd792175a46956be1d53bd1a83
false,Trip.com,10,2026-05-03,가족 일본여행 첫숙소!!  시내 중앙에 있어 접근성이 너무 좋아요!! 저희가 갔을땐 한국어를 유창하게 하시는분은 안계셨지만 일본직원분들도 너무너무 친절해 체크인하는데 무리 없었습니다~ 주변에 편의점도 많아 고민없이 선택할수 있어요 !!!,,,家族日本旅行初宿!!  市内中心部にあり、アクセシビリティがとても良いです！私たちが行った時は韓国語を流暢にしてくださる方はいらっしゃいましたが、日本職員の方もとても親切でチェックインするのに無理はありませんでした〜周辺にコンビニも多くて悩みなく選べます！,,,ゲ‍ス‍ト,trip_1932861652
false,Trip.com,8,2026-05-03,Old hotel. But rooms are clean and well- maintained. The reception service was friendly and helpful. The free breakfast was an adder. The location is superb for city shopping and sights and for day trips and travel to other prefectures.,,,古いホテルですが、部屋は清潔で手入れが行き届いています。フロントの対応は親切で丁寧でした。無料の朝食は最高でした。立地は市内でのショッピングや観光、日帰り旅行、他県への旅行にも最適です。,,,ゲ‍ス‍ト,trip_1933260308
false,Booking.com,8,2026-05-03,,,,,,,Masaya,bookingcom_622017_e07e6eb83f5f015a24d1e62540856a5f
false,Booking.com,10,2026-05-03,,Great location across the road from Hakata station and lots of shopping and food. The 7 eleven was 2 doors down. Easy access to the JR line. Staff were excellent and very helpful. Coffee and cold drinks and seating area available all day free of charge. Would highly recommend Comfort Hotel,Nothing,,博多駅の向かいという絶好のロケーションで、周辺にはたくさんのお店や飲食店があります。セブンイレブンは2軒隣です。JR線へのアクセスも簡単です。スタッフは素晴らしく、とても親切でした。コーヒーや冷たい飲み物、座席エリアは終日無料で利用できます。コンフォートホテルを強くお勧めします。,何もない,Britton,bookingcom_622017_5b69d717e0fcb05c3c56913a425f44c7
false,Google,4,2026-05-03,예약 시 방 사진에 침대 2개로 보여 선택하시면 낭패일 수 있습니다 침대가 2개인지 꼭 호텔이나 예약사이트에 확인 하시길 바랍니다 사진만 보고 예약한 제 잘못이려니 하고 넘기려는데 2명의 아이와 침대 하나에서 자려니 애들한테도 미안하네요 일본의 명절이라고 가격도 평상시 대비 2배가 넘는데다 5박이라 이래저래 속상함 뿐이에요 조식은 기대 안했는데 괜찮아서 서비스는 별 4개 드립니다,,,予約の際、部屋の写真にベッド2台で見せて選んで頂ければナンパかもしれません。朝食だけでは期待できませんでしたが、大丈夫でサービスは4つ星です,,,hyelim hong (두아이맘),google_ChIJy_hLcceRQTURnbO4mkaV_Vs_fea945cef0bfaf281fa7a42b22e99405
false,Google,4,2026-05-03,予約時に部屋の写真にベッド2台で見せてお選びいただくと堕落することがあります ベッドが2台かどうか、ぜひホテルまたは予約サイトにご確認ください。 写真だけを見て予約した私のせいだと言って転倒したいのですが、2人の子供とベッド1台で寝ているので、子供たちに申し訳ありません。 日本のお祝いだと値段も普段に比べて2倍を超えるうえに5泊だからこんなに落ち着くだけです。 朝食は期待しませんでしたが、大丈夫でサービスは4つ星です,,,予約時に部屋の写真にベッド2台で見せてお選びいただくと堕落することがあります ベッドが2台かどうか、ぜひホテルまたは予約サイトにご確認ください。 写真だけを見て予約した私のせいだと言って転倒したいのですが、2人の子供とベッド1台で寝ているので、子供たちに申し訳ありません。 日本のお祝いだと値段も普段に比べて2倍を超えるうえに5泊だからこんなに落ち着くだけです。 朝食は期待しませんでしたが、大丈夫でサービスは4つ星です,,,hyelim hong (두아이맘),google_ChIJy_hLcceRQTURnbO4mkaV_Vs_2042c6c77dd110729d9e1fc84690ab44
false,Booking.com,8,2026-05-02,,,,,,,Kosuke,bookingcom_622017_07b8c56c84e16fc5683b75be4724cc4a
false,Booking.com,10,2026-05-02,,Everything about Comfort Hotel is Super. Staff are very helpful and courteous.  Rooms are clean and comfortable.. Breakfast is yummy with good spread. Free Flow of tea and coffee from 2pm to 12 am is a Bonus. Use of cafe throughout the day makes my stay enjoyable.  Excellent location  - opposite Hakata Station  and Bus Terminal and Shopping Malls.Superb value !!! Definitely will return  again.,I cant find anything to complain about.,,コンフォートホテルは全てにおいて最高です。スタッフはとても親切で丁寧です。部屋は清潔で快適です。朝食は種類豊富で美味しいです。午後2時から午前0時まで紅茶とコーヒーが飲み放題なのは嬉しい特典です。一日中カフェを利用できるので、滞在がさらに楽しくなります。博多駅、バスターミナル、ショッピングモールに面した絶好のロケーションです。コストパフォーマンスも抜群です！間違いなくまた泊まりに来ます。,不満に思う点は何も見当たりません。,Choon,bookingcom_622017_8061b66e654b682c97e602dc7ad1bce2
false,Trip.com,9,2026-05-02,Very good location.,,,非常に良い立地です。,,,风‍玲‍ ‍（‍M‍a‍l‍a‍y‍s‍i‍a‍),trip_1931743854
false,Booking.com,7,2026-05-01,,朝食が無料だった,施設が少し古めかな,,朝食が無料だった,施設が少し古めかな,佐藤,bookingcom_622017_8895e251fc8c5c9ee44e11dd2104b159
false,Trip.com,7,2026-05-01,"위치는 최고입니다. 조식도 괜찮은편입니다. 다만, 룸 이 최악입니다. 마치 오래된 시골의 여관에 와있는듯한 착각마져 듭니다. 룸 적은거야 일본의 호텔 특성상 이해 합니다만 벽지는 갈라져있고 바닥 카페트는 바퀴벌레를 봤다는 다른분의 후기가 실감 납니다..(저는 바퀴벌레는 못봤음) 외풍이 심해서 4월말인데도 침낭이 필요할 정도인데 룸에 에어콘은 나와도 히터는 안나옵니다. 창문 유리창은 밖의 유리면에 코팅이 오염되어있어서 밖의 풍경은 사진으로 찍을수 조차 없었네요. 교통 편의상 출장으로 남자분 혼자 오신분들은  추천할만 합니다만 부모님을 모시고 오시거나 커플들은 완전 비추입니디.",,,場所は最高です。朝食も大丈夫です。ただし、ルームが最悪です。まるで古い田舎の旅館に来ているような勘違いです。部屋は少ないよ 日本のホテルの特性上理解していますが壁紙は割れていて床カーペットはゴキブリを見たという他の方の後期が実感します。 （私はゴキブリは見られなかった）窓ガラス窓は外のガラス面にコーティングが汚染されていて外の風景は写真で撮ることさえなかったですね。交通の便宜上、出張で男の方一人で来た方はお勧めしますが、両親を迎えに来ていただいたり、カップルは完全に飛び込みます。,,,ゲ‍ス‍ト,trip_1930753174
false,Trip.com,10,2026-05-01,交通便捷，服務親切，早餐豐富營養！,,,便利な交通手段、親切なサービス、そして栄養満点の朝食！,,,ゲ‍ス‍ト,trip_1931176941
false,Trip.com,8,2026-05-01,위치가 너무 좋아요. 방은 시설이 오래됐어요. 그래도 저녁에 조용해서 좋았습니다.,,,場所がとても良いです。部屋は施設が古かったです。それでも夕方に静かでよかったです。,,,ゲ‍ス‍ト,trip_1931204888
false,Trip.com,9,2026-05-01,LOCATION is best. Value for money.,,,立地が最高。価格に見合った価値がある。,,,ゲ‍ス‍ト,trip_1931249106
false,Booking.com,8,2026-05-15,,,朝食のバリエーションを増やしてもらいたい,,,朝食のバリエーションを増やしてもらいたい,Yuki,bookingcom_622017_42fb1279d4b0736ab528f7c586f50863
false,Google,4,2026-05-15,駅近で非常に便利。 部屋(ユニットバス含む)の広さも快適。 アメニティはハミガキのみ。 クシとカミソリはフロント前にある？ タオルとバスタオルは各1枚。 ボディタオル(スポンジ)は無し。 なのでアメニティ持参は必須です！ ベッドの長さが短めな気がした(ベッドの固さは快適です) 枕は2種類あった(低い方の枕、使い心地良き) テレビの大きさも良かった(見やすい) 夜、部屋の外での話し声が微かに聞こえたが気にはならない。  朝食☕🍞🌄はとても美味しかったです😋✨✨✨✨💖 インバウンドの人たちが多くいましたが皆さん静かに食事をしていました。 とても居心地の良い空間です(^^) イチオシは博多水炊き風スープ？　起き抜けの身体に沁みた(o^－^o)💕　まさに五臓六腑にしみわたるです！👍️ 今日はこれで一日頑張ります(o^-')b !✨✨  また利用したいです(^^)🎵,,,駅近で非常に便利。 部屋(ユニットバス含む)の広さも快適。 アメニティはハミガキのみ。 クシとカミソリはフロント前にある？ タオルとバスタオルは各1枚。 ボディタオル(スポンジ)は無し。 なのでアメニティ持参は必須です！ ベッドの長さが短めな気がした(ベッドの固さは快適です) 枕は2種類あった(低い方の枕、使い心地良き) テレビの大きさも良かった(見やすい) 夜、部屋の外での話し声が微かに聞こえたが気にはならない。  朝食☕🍞🌄はとても美味しかったです😋✨✨✨✨💖 インバウンドの人たちが多くいましたが皆さん静かに食事をしていました。 とても居心地の良い空間です(^^) イチオシは博多水炊き風スープ？　起き抜けの身体に沁みた(o^－^o)💕　まさに五臓六腑にしみわたるです！👍️ 今日はこれで一日頑張ります(o^-')b !✨✨  また利用したいです(^^)🎵,,,あべかわきなこ,google_ChIJy_hLcceRQTURnbO4mkaV_Vs_a786ad2aa8c735eb5666ce5f499b4c32
false,Trip.com,9,2026-05-14,位置非常好，就在車站旁邊，逛街或是購物極度方便，設施設為老舊，但有早餐，如果追求便宜Cp值可以選擇，但不要有太高的標準。,,,立地は抜群で、駅のすぐ隣にあるため、買い物や散策に非常に便利です。設備はやや古めですが、朝食は付いています。コストパフォーマンスを重視するなら良い選択肢ですが、過度な期待は禁物です。,,,ゲ‍ス‍ト,trip_1947036100
false,Trip.com,10,2026-05-14,벌써 2번째 이용이지만 여전히 친절했습미다. 비가 올 때 우산도 대여할 수 있고 체크아웃 후에도 짐을 보관할 수 있는 큰 장점이 있습니다. 무엇보다 역 바로 앞에 있다는 점이 최고입니다.,,,もう2回目の利用だが相変らず親切だった。雨が降ると傘もレンタルでき、チェックアウト後も荷物を保管できる大きなメリットがあります。何より駅のすぐ前にあるのが最高です。,,,ゲ‍ス‍ト,trip_1947184816
false,Google,3,2026-05-14,なんといっても立地が良いですね。博多駅すぐそば。スタバにもすぐ行ける。やはりホテルは立地が7割と言えるでしょう。 とても良い滞在ができました。,,,なんといっても立地が良いですね。博多駅すぐそば。スタバにもすぐ行ける。やはりホテルは立地が7割と言えるでしょう。 とても良い滞在ができました。,,,パンダ,google_ChIJy_hLcceRQTURnbO4mkaV_Vs_9280b47447fd3f1422c012620cce9a10
false,Trip.com,9,2026-05-14,位置超正，無論往那裏遊玩都很方便，早餐不錯，前檯和早餐的服務員表現很好，房間的服務員則有點參差，部分日子忘了補充牙膏，整體來說可以接受，有機會會再來居住。,,,立地は抜群で、どこへ行くにも便利です。朝食も美味しく、フロントと朝食スタッフはとても親切です。ただ、ルームサービスの対応はややムラがあり、歯磨き粉の補充を忘れた日もありました。全体的には満足できるホテルで、機会があればまた泊まりたいと思います。,,,ゲ‍ス‍ト,trip_1947412584
false,Trip.com,7,2026-05-13,하카타역과 가까워서 접근성은 정말 좋았습니다. 체크인/아웃 시 서비스도 좋았어요.,,,博多駅に近いのでアクセシビリティは本当によかったです。チェックイン/アウト時のサービスも良かったです。,,,ゲ‍ス‍ト,trip_1945943224
false,Google,3,2026-05-13,旅行の帰りに利用しました。 駅が目の前だったので、迷う事なくホテルまで到着しました。 朝ごはんもついており、よかったってす。 残念な事は、ハンドソープ類が全くなかったので、備え付けのボディソープで洗いました。今まで泊まったホテルでは洗顔料が別に置いてある所しか見たことがなかったので、その辺不便に感じました。,,,旅行の帰りに利用しました。 駅が目の前だったので、迷う事なくホテルまで到着しました。 朝ごはんもついており、よかったってす。 残念な事は、ハンドソープ類が全くなかったので、備え付けのボディソープで洗いました。今まで泊まったホテルでは洗顔料が別に置いてある所しか見たことがなかったので、その辺不便に感じました。,,,でいご,google_ChIJy_hLcceRQTURnbO4mkaV_Vs_08de16101507e6042b5496d4d56d26cb
false,Booking.com,10,2026-05-13,,位置良好，寄放行李，免費早餐,,,立地が良い、荷物預かりサービスあり、朝食無料,,Hui-hsuan,bookingcom_622017_893772791098cad90075b79f7c37e7cb
false,Trip.com,10,2026-05-13,Nice service and connivence to travel,,,素晴らしいサービスと旅行の利便性,,,ゲ‍ス‍ト,trip_1947003182
false,Trip.com,10,2026-05-12,역 바로 앞이라 이동이 정말 편해요,,,駅のすぐ前で移動が本当に楽です。,,,ゲ‍ス‍ト,trip_1945233536
false,楽天トラベル,5,2026-05-12,朝食も大変おいしかったです！部屋も大変きれいでした！とても満足しました！,,,朝食も大変おいしかったです！部屋も大変きれいでした！とても満足しました！,,,ドラえもん、,rakuten_29211_70a140030dd32606db9490d5e6026bb9
false,Trip.com,6,2026-05-12,위치는진짜최고,,,場所は本当に最高です,,,ゲ‍ス‍ト,trip_1945638154
false,Booking.com,8,2026-05-11,,,,,,,Sinbo,bookingcom_622017_6cca6b5cc3dc1430a45b84595777f08a
false,Trip.com,9,2026-05-11,整體上感受非常好👍 CP值高,,,全体的に非常に良い体験でした👍 コストパフォーマンスが高いです,,,ゲ‍ス‍ト,trip_1944843742
false,Trip.com,10,2026-05-10,ห้องกว้างมากกกกก,,,部屋はとても広々としています。,,,ゲ‍ス‍ト,trip_1943012078
false,Trip.com,10,2026-05-10,딸이랑 아빠 둘이서 2박3일로 갔다왔는데 숙소 만족스럽고 조식은 그렇게 먹을것이 많지는 않지만 간단히 조식 먹기에는 좋아요.  1층 식당이 나중에는 휴식공간처럼 되어 편의점에서 간단히 사와서 먹기에 좋아요. 하지만  전자레인지는 있지만 온수가 없어서 라면은 못 먹습니다,,,娘とパパの二人で2泊3日に行ってきましたが、宿に満足して朝食はそんなに食べることが多くはありませんが、簡単に朝食を食べるのにはいいです。  1階の食堂が後は休憩空間のようになり、コンビニで簡単に買って食べるのが好きです。しかし、電子レンジはありますが、お湯がないので、ラーメンは食べられません。,,,ゲ‍ス‍ト,trip_1943605128
false,Google,5,2026-05-10,金土日2泊3日を大人1人子供1人25万ウォンに予約をしました。このように予約できる博多駅前にあるホテルはありません。 朝食はそれほど美味しくはありませんが、また美味しくありません。適しています。周辺に食べることも多く、八方駅もすぐそばにあり、どこに通っているのが大好きです。 この金額にクオリティの高い客室を望むことはできませんが、寝るのにあまり不便を感じませんでした。この価格で行けるのには最高のようです。 スタッフは不親切ではありませんが、また親切ではありません。むしろ、これはより快適です。,,,金土日2泊3日を大人1人子供1人25万ウォンに予約をしました。このように予約できる博多駅前にあるホテルはありません。 朝食はそれほど美味しくはありませんが、また美味しくありません。適しています。周辺に食べることも多く、八方駅もすぐそばにあり、どこに通っているのが大好きです。 この金額にクオリティの高い客室を望むことはできませんが、寝るのにあまり不便を感じませんでした。この価格で行けるのには最高のようです。 スタッフは不親切ではありませんが、また親切ではありません。むしろ、これはより快適です。,,,kwangsik Ko,google_ChIJy_hLcceRQTURnbO4mkaV_Vs_9ca256fc63b5f3d4caebddd0b48f37ee
false,Trip.com,10,2026-05-10,ทำเลดีมาก อยู่ตรงข้ามHakata Station และ Hakata Bus Terminal ข้างๆโรงแรมมีStarbucks และ 7/11 อาหารเช้าอร่อยดี พนักงานดี ทำความสะอาดห้องทุกวัน,,,博多駅と博多バスターミナルの真向かいという絶好のロケーション。ホテルのすぐ隣にはスターバックスとセブンイレブンがあります。朝食は美味しく、スタッフの対応も素晴らしく、部屋は毎日清掃されていました。,,,A‍p‍i‍n‍y‍a‍ ‍P‍o‍r,trip_1943684862
false,Trip.com,9,2026-05-10,"조용한 방을 선택한탓인지, 복도 끝방을 배정받아 의아했는데, 여행내내 소음없이 잘 지낼 수 있었습니다. 창문너머 하카타 역이 바로 보여 전망이 우수했습니다. 다만 화장실이 좁고, 창문이 개폐가 안되어 좀 답답했습니다만, 그 외에는 전부 만족스럽습니다.",,,静かな部屋を選んだせいなのか、廊下の終わりを割り当てられて疑わしかったのですが、旅行中に騒音なくうまく過ごせました。窓越しに博多駅がすぐ見え、見通しに優れていました。ただ、トイレが狭く、窓が開閉できなくなってちょっと苦労しましたが、その他は全て満足です。,,,ゲ‍ス‍ト,trip_1943721994
false,Google,5,2026-05-10,금토일 2박3일을 성인 1명 아이 1명 25만원에 예약을 했습니다. 이렇게 예약할 수 있는 하카타 역앞에 있는 호텔은 없어요 조식이 그렇게 맛있지는 않지만 또 맛없지도 않습니다. 적당해요. 주변에 먹을 것도 많고 핫카타 역도 바로 옆에 있어서 어디 다닌지 너무 좋아요. 이 금액에 퀄리티 높은 객실을 바랄 수는 없지만 자는데 그다지 불편함을 못느꼈습니다. 이 가격으로 갈 수 있는 데 중에서는 최고인것 같습니다. 직원들은 불친절하지 않은데 또 친절하지도 않아요. 오히려 이게 더 편할 수도,,,金土日2泊3日を大人1人、子供1人25万ウォンで予約しました。このように予約できる博多駅前にあるホテルはありません。適しています。周辺に食べるものも多く、八方駅もすぐそばにあり、どこに通っているのが大好きです。この金額にクオリティの高い客室を望むことはできませんが、寝るのにあまり不便を感じませんでした。この価格で行けるのには最高のようです。スタッフは不親切ではありませんが、また親切ではありません。むしろ、これはより快適です。,,,kwangsik Ko,google_ChIJy_hLcceRQTURnbO4mkaV_Vs_be34dd9cdda6b11657a662dcc46208b7
false,Trip.com,10,2026-05-09,"Had a pleasant stay at this hotel. The room was clean and comfortable, staff were friendly, and the location was convenient. Check-in was smooth and overall service was good. Would consider staying here again.",,,このホテルでの滞在は快適でした。部屋は清潔で快適、スタッフは親切で、立地も便利でした。チェックインもスムーズで、全体的にサービスも良かったです。また利用したいと思います。,,,D‍e‍x‍t‍e‍r‍y‍q‍k,trip_1942401898
false,じゃらん,4,2026-05-09,博多駅からとても近く便利でよかったです。  部屋は古めで、天井の壁紙などが一部剥がれかかっていることなどがありましたが、広めな部屋で、４人の宿泊で、スーツケースを２個広げても問題ない広さでよかったです。  朝食がもう少し料金を高めにして頂いてでも、品数がもう少し多かったり、ご当地の料理などがあればよかったのですが。また、トレーがなかったり、料理コーナーと飲み物のコーナーが一緒になっていたので、料理の取り待ちの列で、飲み物を取りに行きづらかったりしたのが、ちょっと残念でした。,,,博多駅からとても近く便利でよかったです。  部屋は古めで、天井の壁紙などが一部剥がれかかっていることなどがありましたが、広めな部屋で、４人の宿泊で、スーツケースを２個広げても問題ない広さでよかったです。  朝食がもう少し料金を高めにして頂いてでも、品数がもう少し多かったり、ご当地の料理などがあればよかったのですが。また、トレーがなかったり、料理コーナーと飲み物のコーナーが一緒になっていたので、料理の取り待ちの列で、飲み物を取りに行きづらかったりしたのが、ちょっと残念でした。,,,不明,jalan_308449_334ff40f9aa7832bc90856a3acd98407
false,じゃらん,4,2026-05-09,博多駅からとても近く便利でよかったです。  部屋は古めで、天井の壁紙などが一部剥がれかかっていることなどがありましたが、広めな部屋で、４人の宿泊で、スーツケースを２個広げても問題ない広さでよかったです。  朝食がもう少し料金を高めにして頂いてでも、品数がもう少し多かったり、ご当地の料理などがあればよかったのですが。また、トレーがなかったり、料理コーナーと飲み物のコーナーが一緒になっていたので、料理の取り待ちの列で、飲み物を取りに行きづらかったりしたのが、ちょっと残念でした。,,,博多駅からとても近く便利でよかったです。  部屋は古めで、天井の壁紙などが一部剥がれかかっていることなどがありましたが、広めな部屋で、４人の宿泊で、スーツケースを２個広げても問題ない広さでよかったです。  朝食がもう少し料金を高めにして頂いてでも、品数がもう少し多かったり、ご当地の料理などがあればよかったのですが。また、トレーがなかったり、料理コーナーと飲み物のコーナーが一緒になっていたので、料理の取り待ちの列で、飲み物を取りに行きづらかったりしたのが、ちょっと残念でした。,,,ひのっちさん,jalan_308449_921a84ca4ce02279a91779b2a035ca05
false,Trip.com,9,2026-05-08,酒店位置就在博多車站對面，出行十分方便。酒店樓下有一間7-eleven，週邊有幾個大商場， 無論購物和飲食都十分方便。 酒店房間整潔，以這個價錢定位來說，整體都可以，唯一缺點就係房間的冷氣唔夠凍。,,,ホテルは博多駅の真向かいに位置しており、移動に非常に便利です。ホテルの階下にはセブンイレブンがあり、周辺には大型ショッピングモールがいくつかあるため、買い物や食事にも大変便利です。客室は清潔で整頓されており、この価格帯としては全体的に満足できるレベルですが、唯一の欠点はエアコンの効きが弱いことです。,,,ゲ‍ス‍ト,trip_1940307360
false,Booking.com,6,2026-05-08,,駅に近くてアクセスが良い点。 とは言っても周りにもホテルは沢山ありましたけど。,窓の下の壁を塗り直してたのは分かったのですが、素人の仕事の様な塗り方でした。滞在するのに特に影響は無いのですが・・・。 一番感じたのはトイレのウォシュレットがかなり古めかしい形で今時っみたいな使用方法でした。 その辺りは最新のボタン式の調整機能に変えて欲しいです。,,駅に近くてアクセスが良い点。 とは言っても周りにもホテルは沢山ありましたけど。,窓の下の壁を塗り直してたのは分かったのですが、素人の仕事の様な塗り方でした。滞在するのに特に影響は無いのですが・・・。 一番感じたのはトイレのウォシュレットがかなり古めかしい形で今時っみたいな使用方法でした。 その辺りは最新のボタン式の調整機能に変えて欲しいです。,こう,bookingcom_622017_ed1e19d843908c2610487e99e2e53573
false,Booking.com,6,2026-05-08,,駅からのアクセスが最高です。  スタバ前の地下鉄入口から入れば雨でも濡れずに地下鉄、博多駅まで行けます。,枕カバーにカビ？がついていた。  朝食会場は狭いので8時前だと座れないのと、バイキング形式ですが配置の問題なのか結構並ぶので時間のロスがかなりあります。,,駅からのアクセスが最高です。  スタバ前の地下鉄入口から入れば雨でも濡れずに地下鉄、博多駅まで行けます。,枕カバーにカビ？がついていた。  朝食会場は狭いので8時前だと座れないのと、バイキング形式ですが配置の問題なのか結構並ぶので時間のロスがかなりあります。,Natsumi,bookingcom_622017_0593c23f805c00480520f71b187e1990
false,楽天トラベル,4,2026-05-08,以下の様なメリットとデメリットはありますが、スタッフの方がみなさん良かったので、博多に行く機会があればまた泊まりたいです。 [メリット]博多駅から近い。小学生以下の添い寝無料。朝食サービス。スタッフの方が良い。宿泊費が安い。 [デメリット]ホテルの建物と設備は古い。アメニティの少なさ。,,,以下の様なメリットとデメリットはありますが、スタッフの方がみなさん良かったので、博多に行く機会があればまた泊まりたいです。 [メリット]博多駅から近い。小学生以下の添い寝無料。朝食サービス。スタッフの方が良い。宿泊費が安い。 [デメリット]ホテルの建物と設備は古い。アメニティの少なさ。,,,たらこマン,rakuten_29211_5e14d960260d64a88d14c4f553986558
false,Trip.com,10,2026-05-07,"We had such a wonderful stay at Comfort Hotel Hakata. The service was excellent, and the staff were very attentive. The space in Fukuoka feels bigger compared to other branches, which makes the experience even better. We especially enjoyed spending time in the library — it was relaxing and a great place to unwind. Having a microwave and some available refreshments at night was such a thoughtful touch. Most importantly, the location is very accessible, being close to the station and malls. Overall, we truly loved staying at Comfort and look forward to coming back.",,,コンフォートホテル博多での滞在は本当に素晴らしかったです。サービスは最高で、スタッフの方々もとても親切でした。福岡の店舗は他の支店と比べて広く感じられ、より快適に過ごせました。特にライブラリーで過ごした時間は最高でした。リラックスできて、ゆったりとくつろげる素敵な空間でした。電子レンジや夜に用意された軽食など、細やかな心遣いも嬉しかったです。何より、駅やショッピングモールに近く、アクセス抜群の立地です。全体的に、コンフォートホテルでの滞在は本当に素晴らしく、またぜひ利用したいと思っています。,,,ゲ‍ス‍ト,trip_1939592684
false,Trip.com,8,2026-05-07,雖然比較老舊，位置無敵,,,少し古い建物ではあるが、立地は最高だ。,,,v‍i‍v‍a‍j‍e‍n‍n‍y,trip_1940213373
false,じゃらん,3,2026-05-07,コンビニは目の前にありますが、道が危なく、子どもも怖がって行きたがらなかったので、お土産コーナーで使えるお買い物券付きがありがたく、おつまみ、子どものおやつなど買えて助かりました！  部屋は狭いですが、特に不便はなかったです！,,,コンビニは目の前にありますが、道が危なく、子どもも怖がって行きたがらなかったので、お土産コーナーで使えるお買い物券付きがありがたく、おつまみ、子どものおやつなど買えて助かりました！  部屋は狭いですが、特に不便はなかったです！,,,いもちぃさん,jalan_308449_ef8531cc76c0032ea2f5398320559280
false,Booking.com,8,2026-05-06,,,,,,,Ayano,bookingcom_622017_92460be226edb3374407ddb7422c3d64
false,Trip.com,10,2026-05-06,"Отель удачно расположен, завтрак вкусный. Номер не очень большой, но 1 чемодан разложить можно",,,ホテルは立地が良く、朝食も美味しいです。部屋はそれほど広くはありませんが、スーツケース1個を置くには十分な広さです。,,,匿‍名‍ユ‍ー‍ザ‍ー,trip_1937646026
false,Google,4,2026-05-06,,,,,,,진선미,google_ChIJy_hLcceRQTURnbO4mkaV_Vs_2c560a273999837a457f9e766abf4cd3
false,Trip.com,8,2026-05-06,위치는 정말 좋지만 내부시설이 노후되어 (특히 욕실) 쾌적하지 않아요. 근처에 새로 생긴 곳도 있는데 친구에게 추천하고 싶지 않네요.,,,場所は本当に良いですが、内部施設が老朽化し（特にバスルーム）快適ではありません。近くに新しくできたところもありますが、友達におすすめしたくないですね。,,,ゲ‍ス‍ト,trip_1938114876
false,Trip.com,10,2026-05-06,ห้องพักดีและใกล้สดวกกับการเดินทาง,,,部屋は快適で、交通の便も良い。,,,K‍r‍a‍i‍s‍i‍t‍ ‍S‍r‍i‍b‍u‍n‍s‍o‍m,trip_1938124794
false,Trip.com,9,2026-05-06,"酒店有點舊但勝在夠方便,房間乾淨及寬敞,可開兩個大喼！有免費早餐提供味道蠻好！厠所設施明顯老舊,但水力夠猛算是不錯的酒店！",,,ホテルは少し古いですが、とても便利です。部屋は清潔で広々としており、大きなバスルームが2つも付いています！無料の朝食も提供され、味もなかなか美味しいです！トイレ設備は明らかに時代遅れですが、水圧は十分で、全体的にはまずまずのホテルと言えるでしょう！,,,ゲ‍ス‍ト,trip_1938793152
false,Trip.com,10,2026-05-06,The hotel is very good,,,このホテルはとても良いです,,,ゲ‍ス‍ト,trip_1938814232
false,Trip.com,10,2026-05-06,位置很優秀了，距離博多站步行5分鐘，穿過斑馬線就是公交總站，出行很方便！房間面積在日本還可以，有小冰箱可以放飲料，自來水可以直接飲用。早餐以日式為主，有本地特色食物，早上高峯期可能需排隊，但有工作人員指引，效率很高。箱子可以免費自助密碼寄存，很方便！總,,,立地は抜群で、博多駅から徒歩5分、バスターミナルは横断歩道を渡ったすぐ先にあり、とても便利です！部屋の広さは日本人の好みに合っていて、飲み物用の小型冷蔵庫も備え付けられています。水道水は飲用可能です。朝食は主に和食で、地元の特産品も用意されています。朝のラッシュアワーには行列ができることもありますが、スタッフが案内してくれるので安心です。ロッカーの鍵を使って無料で荷物を預けられるのも非常に便利です！全体的に見て、,,,ゲ‍ス‍ト,trip_1938889569
false,Trip.com,9,2026-05-06,ห้องใหญ่ ทำเลดีมากกกกกก,,,広い部屋、最高のロケーション！,,,a‍e‍h‍j‍a,trip_1938944736
false,Trip.com,9,2026-05-05,Convenient location very close to Hakata station Cleaning is done regularly in the rooms The staff are helpful and friendly I was not too impressed with the breakfast selection would be one critique,,,博多駅から非常に近い便利な立地。客室の清掃は定期的に行われています。スタッフは親切でフレンドリーです。ただ、朝食の種類があまり豊富ではなかったのが唯一の難点です。,,,ゲ‍ス‍ト,trip_1935821884
false,Trip.com,9,2026-05-05,진짜 위치는 짱이야👍  직원들도 친절합니다 조식도 맛잇고  근데….냉장고 가 안되서 아쉽게생각합니다. 그나머지는 만족해요,,,本物の場所はちゃんだ👍スタッフも親切です朝食も美味しくて…。冷蔵庫ができなくて残念に思います。それは満足です。,,,ゲ‍ス‍ト,trip_1936993832
false,Trip.com,10,2026-05-04,มาเที่ยวฟุกุโอกะครั้งแรกกับภรรยา พักที่โรงแรมนี้เพราะเดินทางสะดวก ใกล้สถานี Hakata แค่เดินออกจากสถานี ข้ามถนนก็ถึงเลย มี Starbucks ใกล้โรงแรม ด้านล่างมี Shopping Street Sun Plaza ร้านอาหาร Yakiniku คือดี มั้งราคาและความอร่อย👍 เดินทางไปเที่ยวที่ต่างๆสะดวกมาก ทั้งรถไฟและรถบัส แหล่งช็อปปิ้งครบจบในที่เดียว แนะนำครับ,,,妻と初めて福岡を訪れました。博多駅に近く、駅から歩いてすぐ、道を渡ったところにある便利な立地だったので、このホテルを選びました。ホテルの近くにはスターバックスがあり、階下にはサンプラザというショッピングストリートがあります。ホテル内の焼肉店は、値段も味も最高でした👍。電車やバスでの移動にも非常に便利で、買い物に必要なものはすべて揃っています。本当におすすめです！,,,ゲ‍ス‍ト,trip_1934342482
false,Trip.com,9,2026-05-04,โรงแรมอยู่ตรงข้ามสถานีสถานีรถไฟแถวนั้นเป็นแหล่งช้อปปิ้งซึ่งมีร้านค้ามากมาย ห้องห้องพักมีขนาดกำลังดีสำหรับห้องพักมีขนาดกำลังดีสำหรับสองคน,,,ホテルは駅の向かいに位置し、周辺は多くのショップが立ち並ぶショッピング街です。客室は広々としており、2名での滞在に最適です。,,,P‍a‍t‍c‍y‍p‍l‍o‍ï,trip_1934763718
false,Trip.com,7,2026-05-03,Old hotel. Feel like travelled back in time. Only good is location,,,古いホテル。まるでタイムスリップしたような気分。唯一良かったのは立地だけ。,,,J‍o‍n‍8‍3‍8‍3,trip_1932812772
false,Booking.com,10,2026-05-03,,Location! Room is spacious and comfortable.,I am neutral about breakfast. There is not variety selection to choose from. The breakfast room is crowded.,,立地が良い！部屋は広々としていて快適です。,朝食については特に何も感じません。選択肢が少なく、朝食会場は混雑しています。,Komkham,bookingcom_622017_9f81f9f242d5fcb2aca4cbb34e73cfd7
false,Booking.com,9,2026-05-03,,立地が最高、安い、部屋が綺麗、スタッフが丁寧、チェックイン前とチェックイン後でも荷物を預けれるので便利,朝食が外国人向け、種類が少ない、白米がなかった。 でも付いてるだけでありがたい。,,立地が最高、安い、部屋が綺麗、スタッフが丁寧、チェックイン前とチェックイン後でも荷物を預けれるので便利,朝食が外国人向け、種類が少ない、白米がなかった。 でも付いてるだけでありがたい。,Mori,bookingcom_622017_66932f2f6dfc757f160419e4c6b09fd1
false,Google,4,2026-05-03,予約時に部屋の写真にベッド2台で見せてお選びいただくと堕落することがあります ベッドが2台かどうか、ぜひホテルまたは予約サイトにご確認ください。 写真だけ見て予約した私のせいだと言って転倒したいのですが、2人の子供とベッド1台で寝ているので、子供たちにも申し訳ありません。 日本のお祝いだと値段も普段に比べて2倍を超えるうえに5泊だからこんなに落ち着くだけです。 朝食は期待しませんでしたが、大丈夫でサービスは4つ星です,,,予約時に部屋の写真にベッド2台で見せてお選びいただくと堕落することがあります ベッドが2台かどうか、ぜひホテルまたは予約サイトにご確認ください。 写真だけ見て予約した私のせいだと言って転倒したいのですが、2人の子供とベッド1台で寝ているので、子供たちにも申し訳ありません。 日本のお祝いだと値段も普段に比べて2倍を超えるうえに5泊だからこんなに落ち着くだけです。 朝食は期待しませんでしたが、大丈夫でサービスは4つ星です,,,hyelim hong (두아이맘),google_ChIJy_hLcceRQTURnbO4mkaV_Vs_90c201fd792175a46956be1d53bd1a83
false,Trip.com,10,2026-05-03,가족 일본여행 첫숙소!!  시내 중앙에 있어 접근성이 너무 좋아요!! 저희가 갔을땐 한국어를 유창하게 하시는분은 안계셨지만 일본직원분들도 너무너무 친절해 체크인하는데 무리 없었습니다~ 주변에 편의점도 많아 고민없이 선택할수 있어요 !!!,,,家族日本旅行初宿!!  市内中心部にあり、アクセシビリティがとても良いです！私たちが行った時は韓国語を流暢にしてくださる方はいらっしゃいましたが、日本職員の方もとても親切でチェックインするのに無理はありませんでした〜周辺にコンビニも多くて悩みなく選べます！,,,ゲ‍ス‍ト,trip_1932861652
false,Trip.com,8,2026-05-03,Old hotel. But rooms are clean and well- maintained. The reception service was friendly and helpful. The free breakfast was an adder. The location is superb for city shopping and sights and for day trips and travel to other prefectures.,,,古いホテルですが、部屋は清潔で手入れが行き届いています。フロントの対応は親切で丁寧でした。無料の朝食は最高でした。立地は市内でのショッピングや観光、日帰り旅行、他県への旅行にも最適です。,,,ゲ‍ス‍ト,trip_1933260308
false,Booking.com,8,2026-05-03,,,,,,,Masaya,bookingcom_622017_e07e6eb83f5f015a24d1e62540856a5f
false,Booking.com,10,2026-05-03,,Great location across the road from Hakata station and lots of shopping and food. The 7 eleven was 2 doors down. Easy access to the JR line. Staff were excellent and very helpful. Coffee and cold drinks and seating area available all day free of charge. Would highly recommend Comfort Hotel,Nothing,,博多駅の向かいという絶好のロケーションで、周辺にはたくさんのお店や飲食店があります。セブンイレブンは2軒隣です。JR線へのアクセスも簡単です。スタッフは素晴らしく、とても親切でした。コーヒーや冷たい飲み物、座席エリアは終日無料で利用できます。コンフォートホテルを強くお勧めします。,何もない,Britton,bookingcom_622017_5b69d717e0fcb05c3c56913a425f44c7
false,Google,4,2026-05-03,예약 시 방 사진에 침대 2개로 보여 선택하시면 낭패일 수 있습니다 침대가 2개인지 꼭 호텔이나 예약사이트에 확인 하시길 바랍니다 사진만 보고 예약한 제 잘못이려니 하고 넘기려는데 2명의 아이와 침대 하나에서 자려니 애들한테도 미안하네요 일본의 명절이라고 가격도 평상시 대비 2배가 넘는데다 5박이라 이래저래 속상함 뿐이에요 조식은 기대 안했는데 괜찮아서 서비스는 별 4개 드립니다,,,予約の際、部屋の写真にベッド2台で見せて選んで頂ければナンパかもしれません。朝食だけでは期待できませんでしたが、大丈夫でサービスは4つ星です,,,hyelim hong (두아이맘),google_ChIJy_hLcceRQTURnbO4mkaV_Vs_fea945cef0bfaf281fa7a42b22e99405
false,Google,4,2026-05-03,予約時に部屋の写真にベッド2台で見せてお選びいただくと堕落することがあります ベッドが2台かどうか、ぜひホテルまたは予約サイトにご確認ください。 写真だけを見て予約した私のせいだと言って転倒したいのですが、2人の子供とベッド1台で寝ているので、子供たちに申し訳ありません。 日本のお祝いだと値段も普段に比べて2倍を超えるうえに5泊だからこんなに落ち着くだけです。 朝食は期待しませんでしたが、大丈夫でサービスは4つ星です,,,予約時に部屋の写真にベッド2台で見せてお選びいただくと堕落することがあります ベッドが2台かどうか、ぜひホテルまたは予約サイトにご確認ください。 写真だけを見て予約した私のせいだと言って転倒したいのですが、2人の子供とベッド1台で寝ているので、子供たちに申し訳ありません。 日本のお祝いだと値段も普段に比べて2倍を超えるうえに5泊だからこんなに落ち着くだけです。 朝食は期待しませんでしたが、大丈夫でサービスは4つ星です,,,hyelim hong (두아이맘),google_ChIJy_hLcceRQTURnbO4mkaV_Vs_2042c6c77dd110729d9e1fc84690ab44
false,Booking.com,8,2026-05-02,,,,,,,Kosuke,bookingcom_622017_07b8c56c84e16fc5683b75be4724cc4a
false,Booking.com,10,2026-05-02,,Everything about Comfort Hotel is Super. Staff are very helpful and courteous.  Rooms are clean and comfortable.. Breakfast is yummy with good spread. Free Flow of tea and coffee from 2pm to 12 am is a Bonus. Use of cafe throughout the day makes my stay enjoyable.  Excellent location  - opposite Hakata Station  and Bus Terminal and Shopping Malls.Superb value !!! Definitely will return  again.,I cant find anything to complain about.,,コンフォートホテルは全てにおいて最高です。スタッフはとても親切で丁寧です。部屋は清潔で快適です。朝食は種類豊富で美味しいです。午後2時から午前0時まで紅茶とコーヒーが飲み放題なのは嬉しい特典です。一日中カフェを利用できるので、滞在がさらに楽しくなります。博多駅、バスターミナル、ショッピングモールに面した絶好のロケーションです。コストパフォーマンスも抜群です！間違いなくまた泊まりに来ます。,不満に思う点は何も見当たりません。,Choon,bookingcom_622017_8061b66e654b682c97e602dc7ad1bce2
false,Trip.com,9,2026-05-02,Very good location.,,,非常に良い立地です。,,,风‍玲‍ ‍（‍M‍a‍l‍a‍y‍s‍i‍a‍),trip_1931743854
false,Booking.com,7,2026-05-01,,朝食が無料だった,施設が少し古めかな,,朝食が無料だった,施設が少し古めかな,佐藤,bookingcom_622017_8895e251fc8c5c9ee44e11dd2104b159
false,Trip.com,7,2026-05-01,"위치는 최고입니다. 조식도 괜찮은편입니다. 다만, 룸 이 최악입니다. 마치 오래된 시골의 여관에 와있는듯한 착각마져 듭니다. 룸 적은거야 일본의 호텔 특성상 이해 합니다만 벽지는 갈라져있고 바닥 카페트는 바퀴벌레를 봤다는 다른분의 후기가 실감 납니다..(저는 바퀴벌레는 못봤음) 외풍이 심해서 4월말인데도 침낭이 필요할 정도인데 룸에 에어콘은 나와도 히터는 안나옵니다. 창문 유리창은 밖의 유리면에 코팅이 오염되어있어서 밖의 풍경은 사진으로 찍을수 조차 없었네요. 교통 편의상 출장으로 남자분 혼자 오신분들은  추천할만 합니다만 부모님을 모시고 오시거나 커플들은 완전 비추입니디.",,,場所は最高です。朝食も大丈夫です。ただし、ルームが最悪です。まるで古い田舎の旅館に来ているような勘違いです。部屋は少ないよ 日本のホテルの特性上理解していますが壁紙は割れていて床カーペットはゴキブリを見たという他の方の後期が実感します。 （私はゴキブリは見られなかった）窓ガラス窓は外のガラス面にコーティングが汚染されていて外の風景は写真で撮ることさえなかったですね。交通の便宜上、出張で男の方一人で来た方はお勧めしますが、両親を迎えに来ていただいたり、カップルは完全に飛び込みます。,,,ゲ‍ス‍ト,trip_1930753174
false,Trip.com,10,2026-05-01,交通便捷，服務親切，早餐豐富營養！,,,便利な交通手段、親切なサービス、そして栄養満点の朝食！,,,ゲ‍ス‍ト,trip_1931176941
false,Trip.com,8,2026-05-01,위치가 너무 좋아요. 방은 시설이 오래됐어요. 그래도 저녁에 조용해서 좋았습니다.,,,場所がとても良いです。部屋は施設が古かったです。それでも夕方に静かでよかったです。,,,ゲ‍ス‍ト,trip_1931204888
false,Trip.com,9,2026-05-01,LOCATION is best. Value for money.,,,立地が最高。価格に見合った価値がある。,,,ゲ‍ス‍ト,trip_1931249106
