チェック,サイト名,評価,投稿日,コメント(全体),コメント(良い点),コメント(改善点),コメント（翻訳:全体),コメント（翻訳:良い),コメント（翻訳:改善点),投稿者,レビューID
false,Booking.com,10,2026-01-31,,,,,,,Wen,bookingcom_2305841_0b56a63f7650b17b0636aeb53289014c
false,Booking.com,9,2026-01-31,,"Nette kamer, goede locatie voor metro, trein Narita. Ontbijt zeer goed en uitgebreid",,,部屋は清潔で、地下鉄と成田空港へのアクセスも良好でした。朝食も種類豊富でとても美味しかったです。,,Edo,bookingcom_2305841_b63fd7a482a60704c10ffb3ae483bdf0
false,Booking.com,10,2026-01-31,,"Accueil du personnel, salle commune agréable, propreté de la chambre, proximité de la gare de Tokyo et des lignes de métro qui permettent de rejoindre différents sites, konbinis à quelques minutes de marche.",,,スタッフの対応が良く、共有スペースも快適で、部屋も清潔です。東京駅や地下鉄路線へのアクセスも良く、様々な観光スポットへ簡単にアクセスできます。コンビニエンスストアも徒歩数分のところにあります。,,Nathalie,bookingcom_2305841_c2cf9c2a02bbd299da35fc96aa13b934
false,Booking.com,5,2026-01-31,,,,,,,Takumi,bookingcom_2305841_32082aa3aead93aa64343528c104a168
false,Booking.com,9,2026-01-31,,i love that the room was spacious enough for 4-5 medium size bags. everyday clean and tidy room. free snacks and drink at the lobby. no charge to leave baggage at the hotel lobby before and after checkout. there is direct train to airport.,"its a little troublesome with many heavy baggage as we couldnt find a lift in the train station, only stairs to get to the train but its a short walk to the train station from the hotel.",,部屋が広々としていて、中型のスーツケースが4～5個置けるのが気に入りました。部屋は毎日清潔で整頓されていました。ロビーでは無料のスナックと飲み物が提供されていました。チェックアウト前後にホテルのロビーに荷物を預けても料金はかかりませんでした。空港への直通電車もあります。,駅にエレベーターが見当たらず、階段しかなく、重い荷物がたくさんあったので少し面倒でしたが、ホテルから駅までは歩いてすぐです。,Jaeyar,bookingcom_2305841_1025ede1798cdc417702bf8ccc35e276
false,Booking.com,10,2026-01-31,,Очень вкусные завтраки и идеальная чистота в отеле. Приветливый персонал готовый помочь в любую минуту.,,,美味しい朝食と申し分のない清潔さ。いつでも親切に対応してくれるフレンドリーなスタッフ。,,Andrei,bookingcom_2305841_ffac164892ee391c6e313ec29d013391
false,Google,5,2026-01-31,スッキリとリーズナブルな価格だからいいです。 ツインルームベースで、トヨコインより少し広いです。 高校生の子供と一緒に4泊泊まり、楽に過ごせました。 東京駅、上野駅、秋葉原を歩いて行けるので、場所もとても気に入りました。,,,スッキリとリーズナブルな価格だからいいです。 ツインルームベースで、トヨコインより少し広いです。 高校生の子供と一緒に4泊泊まり、楽に過ごせました。 東京駅、上野駅、秋葉原を歩いて行けるので、場所もとても気に入りました。,,,최태순 (밤송씨의 일상PEDIA),google_ChIJz8OtRayOGGAR4-DE9AFnYn8_435d7553b9de328513a71a8cd72240bc
false,Google,5,2026-01-31,"깔끔하고 합리적인 가격이라서 좋습니다. 트윈룸 기준으로 토요코인보다 조금 더 넓습니다. 고등학생 아이와 함께 4박 묵었고 편하게 지낼 수 있었습니다. 도쿄역, 우에노역, 아키하바라를 걸어서 갈 수 있어서 위치도 아주 마음에 들었습니다.",,,スッキリとリーズナブルな価格だからいいです。ツインルームベースで、トヨコインより少し広いです。高校生の子供と一緒に4泊泊まり、楽に過ごせました。東京駅、上野駅、秋葉原を歩いて行けるので、場所もとても気に入りました。,,,최태순 (밤송씨의 일상PEDIA),google_ChIJz8OtRayOGGAR4-DE9AFnYn8_3c28d03e8c7c839831ffb3d1c6d90b0e
false,Trip.com,8,2026-01-30,Pros: 1. Room Can fit 2 large luggage 2. Cleans daily for more than 1 night stay 3. 400-700meters from different stations 4. Relatively quiet neighborhood 5. Has free sweets in the afternoon  Cons: 1. Breakfast is not worth it. 2. No free toothbrush and toothpaste 3. Elevators are closed in late mornings,,,長所: 1. 部屋には大きなスーツケースが2つ入る 2. 2泊以上滞在すると毎日清掃される 3. さまざまな駅から400～700メートル 4. 比較的静かな地域 5. 午後には無料のお菓子がある 短所: 1. 朝食はそれほど価値がない。 2. 無料の歯ブラシと歯磨き粉がない 3. 午前遅くにはエレベーターが閉まっている,,,ゲ‍ス‍ト,trip_1829977854
false,Trip.com,10,2026-01-30,"Достаточно типичный для Японии, но хороший отель, который находится в тихом и спокойном районе и очень удачно располагается относительно станций метро разных веток. Рядом есть необходимые магазины и кафе.  Номер небольшой, но чистый и уютный.  Приветливый персонал, который готов помочь по любому вопросу.  Немного однообразные завтраки.  Рекомендую.",,,ごく一般的な日本のホテルですが、良いホテルです。静かで落ち着いた場所にあり、様々な路線の地下鉄駅にも近く便利です。必要なお店やカフェも近くにあります。部屋は小さいですが、清潔で居心地が良いです。スタッフは親切で、どんな質問にも快く答えてくれます。朝食は少し単調ですが、おすすめです。,,,R‍o‍m‍s‍ ‍B‍u‍r‍n,trip_1830281626
false,Booking.com,10,2026-01-29,,"Employees were very helpful . Very clean property , close to Akihabara","Breakfast is good, however , scrambled eggs are blen . No taste . Too mushi and watery",,従業員の方々はとても親切でした。施設はとても清潔で、秋葉原にも近かったです。,朝食は良いのですが、スクランブルエッグは味が薄く、水っぽくてべちゃべちゃです。,Rolando,bookingcom_2305841_a301f6923e6b6c7fb2cb641d17e4f4c9
false,Booking.com,8,2026-01-29,,,,,,,Ashraf,bookingcom_2305841_ac656355756f1fde1ced6221b509f9ee
false,Booking.com,9,2026-01-29,,,,,,,Yigit,bookingcom_2305841_fb6a4cffb9ca50ee32bb9e0983e5355b
false,Google,5,2026-01-29,,,,,,,Ntinos Papazafeiris,google_ChIJz8OtRayOGGAR4-DE9AFnYn8_f1b03a6f6524f93faddf0dad59c5d862
false,Booking.com,9,2026-01-28,,"Great amenities, topnotch service, decent size, chill and quiet area",,,素晴らしい設備、一流のサービス、適度な広さ、落ち着いた静かなエリア,,Erika,bookingcom_2305841_c983398b2b437fe19f9e1e4d55dae847
false,Booking.com,10,2026-01-28,,,,,,,Meryem,bookingcom_2305841_2bb885c0e9e6040703ff6c95e1146ae0
false,Booking.com,9,2026-01-28,,雖離各個車站都有5~10分鐘的距離，但優點正是有許多車站在附近，有很多不同線可以選擇，走10分鐘就能到秋葉原也很方便逛街。服務人員很親切，有會說不帶中國腔中文的員工。房間空間以日本來說很大，隔音也不錯，整體滿舒適的。一樓共用空間非常大，提供茶水咖啡也很充足。,有被塵蟎咬，不過我皮膚本身就偏敏感就是了。洗衣機狀況並沒有與電視連動，無法在房間內看是否有空位。,,複数の駅から徒歩5～10分とやや距離はありますが、多くの駅が近くにあり、様々な路線を利用できる点が大きな利点です。秋葉原も徒歩10分圏内なので、ショッピングにも便利です。スタッフはとてもフレンドリーで、中には中国語訛りのない流暢な中国語を話せる人もいます。客室は日本の基準からすると広々としており、防音性も高く、全体的に快適です。1階の共用スペースは非常に広く、お茶やコーヒーも豊富に用意されています。,ダニに刺されてしまいましたが、私の肌はもともとかなり敏感なんです。洗濯機はテレビと連動していないので、部屋に空きスペースがあるかどうか確認できません。,Wen,bookingcom_2305841_d3e237afb227ebf8b89e347e7aae4768
false,Booking.com,10,2026-01-27,,,,,,,Filippo,bookingcom_2305841_60afb095ef47aba424d67db7122b66bc
false,Trip.com,10,2026-01-27,"Отель очень понравился. Отличное месторасположение - из аэропорта Ханеда без пересадок мин 45 ехать. Из метро до отеля по прямой 10 мин. Ночью тихо. Номер был с 2-ми раздельными кроватями, по меркам Японии большой. В номере была ниша для чемоданов, штанга с 10 вешалками и шкаф для одежды. В номере убирались ежедневно, постельное белье меняли раз в 3 дня. На ресепшен прекрасные сотрудники, помогли электронно зарегистрироваться. Можно оставить чемоданы после выселения до вечера, есть весы чтобы взвесить багаж. Рядом 2 магазина 7/11, FamilyMart, Lawson. До Акихабары пешком мин 15.",,,このホテルは本当に気に入りました。羽田空港から直通電車で45分という絶好のロケーションです。地下鉄駅からも直通電車で10分です。夜は静かです。私の部屋にはツインベッドが2台あり、日本の基準からすると広々としていました。スーツケース用のクローゼット、ハンガー10本付きの洋服掛け、ワードローブもありました。部屋は毎日清掃され、ベッドリネンは3日ごとに交換されました。フロントのスタッフは素晴らしく、オンラインチェックインを手伝ってくれました。チェックアウト後も夕方までスーツケースを預けることができ、荷物の重さを量るための計量器もあります。近くにはセブンイレブン、ファミリーマート、ローソンの3つのお店があります。秋葉原までは徒歩15分です。,,,ゲ‍ス‍ト,trip_1827928812
false,Google,4,2026-01-27,階下の無料カフェと小さな本棚は、このホテルで一番価値があったと思います。本の品揃えは素晴らしく、ほぼすべてのジャンル（子供向け絵本、アート、デザイン、建築、コミックなど）を網羅していました。午後3時のチェックインを待つ間、少し座って過ごすこともできますし（どこかに出かける場所として）、仕事や交流の場として使うこともできます。  駅からそれほど近くはなく、ホテルまでは数ブロックの信号を渡り、6～7分ほどかかります。夜になると、人通りも少なくなります。  幕張駅か東日本橋駅かはよく分かりませんが、ホテル近くの出口にはエレベーターが全くありません。少なくとも2階分の階段を上る必要があります。そのため、大きな荷物を持っている場合や家族連れの場合は、ホテルへの移動手段としてエレベーターを検討することをお勧めします。,,,階下の無料カフェと小さな本棚は、このホテルで一番価値があったと思います。本の品揃えは素晴らしく、ほぼすべてのジャンル（子供向け絵本、アート、デザイン、建築、コミックなど）を網羅していました。午後3時のチェックインを待つ間、少し座って過ごすこともできますし（どこかに出かける場所として）、仕事や交流の場として使うこともできます。  駅からそれほど近くはなく、ホテルまでは数ブロックの信号を渡り、6～7分ほどかかります。夜になると、人通りも少なくなります。  幕張駅か東日本橋駅かはよく分かりませんが、ホテル近くの出口にはエレベーターが全くありません。少なくとも2階分の階段を上る必要があります。そのため、大きな荷物を持っている場合や家族連れの場合は、ホテルへの移動手段としてエレベーターを検討することをお勧めします。,,,Ling-Hsuan Hsu,google_ChIJz8OtRayOGGAR4-DE9AFnYn8_a9b4327facdef8b26b2076e3c0085298
false,Google,4,2026-01-27,飯店樓下的免費咖啡廳 + 小圖書展示櫃是入住這間飯店讓我覺得最超值的部分。他們的選書很用心，基本上各個分類都有（童書繪本、藝術、設計、建築和漫畫等）。你可以在等待下午三點入住前稍微坐在這裡停留等待（不至於無處可去）；或是當作工作或交誼的空間。  交通位置並不是說特別近車站，仍然需要過幾個街區的紅路燈花 6-7 分鐘才能抵達。晚上天色暗了下來後，其實路上行走的路人並不多。  不太確定是馬喰町站還是東日本橋站，確實是在往飯店鄰近的出口是沒有電梯的。要走至少 2 層樓高的樓梯。所以有大型行李/家庭旅行的話，可以斟酌順利抵達飯店的方式。,,,このホテルで一番良かったのは、階下の無料カフェと小さな本棚でした。本の品揃えは素晴らしく、ほぼすべてのジャンル（児童絵本、美術、デザイン、建築、漫画など）を網羅していました。午後3時のチェックインを待つ間、ここでしばらく座ったり（行く場所があるという意味で）、仕事や交流の場として利用したりできます。立地は駅から特に近いわけではなく、ホテルに着くまでに数ブロックの信号を渡って6～7分かかります。暗くなると、通りに歩行者はあまりいませんでした。幕町駅か東日本橋駅かはわかりませんが、ホテルの近くの出口にはエレベーターはありません。少なくとも2階分の階段を上る必要があります。そのため、大きな荷物を持っている場合や家族連れの場合は、ホテルへの便利な移動手段として検討してください。,,,Ling-Hsuan Hsu,google_ChIJz8OtRayOGGAR4-DE9AFnYn8_bb640c78bc2361d4a32d50037a928223
false,Google,4,2026-01-27,階下の無料カフェと小さな本棚は、このホテルで一番価値があったと思います。本の品揃えは素晴らしく、ほぼすべてのジャンル（子供向け絵本、アート、デザイン、建築、コミックなど）を網羅していました。午後3時のチェックインを待つ間、少し座って過ごすこともできますし（どこかに出かける場所として）、仕事や交流の場として使うこともできます。  駅からそれほど近くはなく、ホテルまでは数ブロックの信号を渡り、6～7分かかります。夜になると、人通りも少なくなります。  幕張駅か東日本橋駅かはよく分かりませんが、ホテル近くの出口にはエレベーターが全くありません。少なくとも2階分の階段を上る必要があります。そのため、大きな荷物を持っている場合や家族連れの場合は、ホテルへの移動手段としてエレベーターを検討することをお勧めします。,,,階下の無料カフェと小さな本棚は、このホテルで一番価値があったと思います。本の品揃えは素晴らしく、ほぼすべてのジャンル（子供向け絵本、アート、デザイン、建築、コミックなど）を網羅していました。午後3時のチェックインを待つ間、少し座って過ごすこともできますし（どこかに出かける場所として）、仕事や交流の場として使うこともできます。  駅からそれほど近くはなく、ホテルまでは数ブロックの信号を渡り、6～7分かかります。夜になると、人通りも少なくなります。  幕張駅か東日本橋駅かはよく分かりませんが、ホテル近くの出口にはエレベーターが全くありません。少なくとも2階分の階段を上る必要があります。そのため、大きな荷物を持っている場合や家族連れの場合は、ホテルへの移動手段としてエレベーターを検討することをお勧めします。,,,Ling-Hsuan Hsu,google_ChIJz8OtRayOGGAR4-DE9AFnYn8_2449d8e7737c4908527791bcd60ebb65
false,Trip.com,8,2026-01-26,飯店在JR車站旁前，交通十分便利，飯店乾淨整潔，週遭採購超方，晚上也不用怕無聊，居酒屋、迴轉壽司店，藥妝店也很多，無敵推推哦,,,ホテルはJR駅のすぐ隣という便利な立地です。清潔で整頓されており、周辺にはたくさんのお店があるので、夜も退屈することはありません。居酒屋、回転寿司店、ドラッグストアなどが至る所にあります。非常におすすめです！,,,H‍U‍N‍G‍ ‍T‍U‍N‍G‍ ‍C‍H‍E‍N,trip_1826216524
false,Booking.com,7,2026-01-25,,,,,,,Claire,bookingcom_2305841_4972ed1722795fbc681076b2ab0cf461
false,Booking.com,10,2026-01-25,,Convenience snd its size for the price and had free luggage lockers for when we check out,Nothing much was negative during my stay,,値段の割に便利で広さもあり、チェックアウト時には無料の荷物ロッカーも利用できました。,滞在中、特に悪い点は何もなかった。,Edgar,bookingcom_2305841_8241e50e98be75e608cd2788a71dabaf
false,Trip.com,10,2026-01-25,房間在日本算寬敞的了，行李箱可以完全打開，早飯種類挺多，很可口。可以行李寄存，酒店旁邊都是辦公區域，挺安靜的。地段也很好，到遊玩的地方都很方便。,,,部屋は日本のホテルとしては広々としていて、スーツケースも完全に開けることができました。朝食は種類も豊富でとても美味しかったです。荷物預かりサービスもあり、ホテル周辺はオフィス街なのでとても静かでした。立地も抜群で、観光スポットへのアクセスも便利でした。,,,p‍o‍p‍t‍o‍t‍i,trip_1825834057
false,Booking.com,8,2026-01-25,,,,,,,Phd,bookingcom_2305841_c1d14b95da933b59d56884ce5f50e5fd
false,Booking.com,10,2026-01-25,,,Dryer takes a quite a few cycles to dry.,,,乾燥機は乾燥にかなりの回数のサイクルを要します。,Amiel,bookingcom_2305841_623f3f73a1c284e8520fa4751a897985
false,Booking.com,10,2026-01-24,,"Really nice and polite staff. Good location, only 15 mins to Akihabara and 10 to the nearest subway station. The room was very clean, it was bigger than the usual ones in Tokyo",,,スタッフはとても親切で丁寧でした。立地も良く、秋葉原までわずか15分、最寄りの地下鉄駅まで10分です。部屋はとても清潔で、東京の一般的なホテルよりも広かったです。,,Vanessa,bookingcom_2305841_cc2c76503bb09ef4a828a4e72d24d961
false,Booking.com,10,2026-01-24,,"Su ubicación, la atención, el baño caliente",,,立地、サービス、温泉,,Carla,bookingcom_2305841_437f944d3482fe8b229bdfa3209aa58a
false,Trip.com,10,2026-01-24,"I really enjoyed my stay here. The hotel staff are super friendly, and I'll definitely come back again next time I visit Tokyo. ありがとう。:)",,,滞在をとても楽しめました。ホテルのスタッフはとても親切で、次回東京を訪れる際は必ずまた利用したいと思います。ありがとうございました。:),,,T‍o‍m‍ ‍T‍a‍u,trip_1824501490
false,Trip.com,10,2026-01-24,"Это лучший отель, в котором я останавливалась! До, во время заселения и даже после выселения - ты гость отеля!  Шикарный сервис, вкуснющие завтраки, чистые номера, ежедневная уборка и смена полотенец.  Отличное расположение: рядом несколько ЖЖ станций и метро. Какой тихий район: всего в 15 минутах Акихабара с толпами туристов и шумными магазинами, а тут прекрасно!   От всей души благодарю сотрудников отеля за оказанный прием! Вы лучшие!!",,,今まで泊まったホテルの中で最高です！チェックイン前、チェックイン中、チェックアウト後も、まるでホテルのゲストになったような気分を味わえます！素晴らしいサービス、美味しい朝食、清潔な部屋、毎日の清掃とタオル交換。立地も最高で、LJの駅や地下鉄が近くにあります。秋葉原の観光客や賑やかなお店からわずか15分という近さなのに、とても静かなエリアです！ホテルのスタッフの皆様の温かいおもてなしに心から感謝いたします！最高です！！,,,ゲ‍ス‍ト,trip_1824884882
false,Booking.com,8,2026-01-24,,7-11 / Lawson / Familymart all in walking distance.,,,セブンイレブン、ローソン、ファミリーマートはすべて徒歩圏内です。,,Kevin,bookingcom_2305841_8eddf4479e965d6001abe1f7a9e5cb4b
false,Booking.com,9,2026-01-24,,,,,,,Çeli̇k,bookingcom_2305841_c7d41009062e5b54d71c951ad2361279
false,Booking.com,9,2026-01-24,,,,,,,林,bookingcom_2305841_52ff0cd9a5df3ed539dd8713de44e870
false,Booking.com,8,2026-01-24,,,,,,,Inês,bookingcom_2305841_e0b261135d556635e9dd705377cf94d2
false,Trip.com,9,2026-01-23,飯店在JR車站旁，去地鐵站要走十分鐘，週遭採購超方，晚上也不用怕無聊，居酒屋、迴轉壽司店，藥妝店也很多，還有電器採購，無敵推推哦,,,ホテルはJR駅のすぐ隣にあり、地下鉄駅からも徒歩10分です。周辺はショッピングに非常に便利なので、夜も退屈することはありません。居酒屋、回転寿司店、ドラッグストア、電器店などがたくさんあります。非常におすすめです！,,,H‍U‍N‍G‍ ‍T‍U‍N‍G‍ ‍C‍H‍E‍N,trip_1823310662
false,Booking.com,10,2026-01-23,,"Good location,staff friendly",,,立地が良く、スタッフも親切です。,,Utsa,bookingcom_2305841_b1e61cfe27fd55ff99258056d1307021
false,楽天トラベル,5,2026-01-23,東京ドームのイベントと観光で利用しました。最寄り駅からの距離も懸念していたほど気にならない距離で、雨の中でしたが移動も問題なくできました。  館内のサービス、清潔さは、さすがのコンフォートブランドだなと感じました。セルフチェックインですが、スタッフの方がきめ細かくお声がけくださり、気持ちの良い対応をいただきました。  JRも地下鉄もアクセスできる立地で快適でしたし、今後も利用したいと思います。ありがとうございました。,,,東京ドームのイベントと観光で利用しました。最寄り駅からの距離も懸念していたほど気にならない距離で、雨の中でしたが移動も問題なくできました。  館内のサービス、清潔さは、さすがのコンフォートブランドだなと感じました。セルフチェックインですが、スタッフの方がきめ細かくお声がけくださり、気持ちの良い対応をいただきました。  JRも地下鉄もアクセスできる立地で快適でしたし、今後も利用したいと思います。ありがとうございました。,,,わいくろっしんぐ,rakuten_160785_135a9b38d0a82823905cbf394b11f8d4
false,Booking.com,10,2026-01-23,,Everything had been provided in the room. It was very clean and the workers were very polite and helpful.,"There's a bit of walking to the nearest metro stations, but it's not too far.",,部屋には必要なものがすべて揃っていました。とても清潔で、従業員の方々も非常に丁寧で親切でした。,最寄りの地下鉄駅までは少し歩く必要がありますが、それほど遠くはありません。,Meryem,bookingcom_2305841_ed1f9b279342453b54b781f90021cb75
false,Booking.com,10,2026-01-22,,"La limpieza, el personal y la ubicación.",,,清潔さ、スタッフ、そして立地。,,Javier,bookingcom_2305841_9249e2b19577e30ba23d1d423b57d008
false,Google,5,2026-01-22,ホテルは立地が良く、近くに複数の地下鉄駅があります。朝食は非常に美味しく、種類も豊富で質も高かったです。唯一の欠点は部屋が狭かったことです。2人でスーツケース2個を持って移動するには大変でした。スタッフは親切で、対応も良かったです。,,,ホテルは立地が良く、近くに複数の地下鉄駅があります。朝食は非常に美味しく、種類も豊富で質も高かったです。唯一の欠点は部屋が狭かったことです。2人でスーツケース2個を持って移動するには大変でした。スタッフは親切で、対応も良かったです。,,,stephanie dias,google_ChIJz8OtRayOGGAR4-DE9AFnYn8_6428ed4cbaad4a107b77ff119a352076
false,Booking.com,9,2026-01-22,,静かに過ごせた。交通に便利,床に掃除機の部品が落ちていた,,静かに過ごせた。交通に便利,床に掃除機の部品が落ちていた,Kazuo,bookingcom_2305841_1e3fb45c7b27a3a6a034a3f86a4c6605
false,Booking.com,9,2026-01-22,,,,,,,Jakub,bookingcom_2305841_f80731fe498d6364b88cb73391426b6e
false,Booking.com,10,2026-01-22,,,,,,,Shirou,bookingcom_2305841_9ee436afeee236684b34023ed2163036
false,Google,5,2026-01-22,Hôtel bien placé : plusieurs stations de métro à proximité. Très bon petit déjeuner ;  varié et de qualité . Le seul bémol est la petitesse de la chambre difficile de circuler à 2 avec 2 valises . Personnel disponible et serviable .,,,ホテルは立地が良く、近くに地下鉄の駅が複数あります。朝食は種類豊富で質も高く、とても美味しかったです。唯一の難点は部屋が狭かったことで、スーツケース2個を持った2人での移動は大変でした。スタッフは親切で対応も良かったです。,,,stephanie dias,google_ChIJz8OtRayOGGAR4-DE9AFnYn8_3c51d2c6c9526780aff355bb3e8ca2bf
false,Trip.com,10,2026-01-22,出差，第一次住這個酒店，還不錯。,,,出張で初めてこのホテルに宿泊しましたが、なかなか良かったです。,,,d‍a‍n‍z‍o‍n‍g‍5‍2‍1,trip_1823102303
false,Agoda,9,2026-01-22,,静かに過ごせた。交通に便利,床に掃除機の部品が落ちていた,,静かに過ごせた。交通に便利,床に掃除機の部品が落ちていた,KAZUO,agoda_3326011_544787987d0ecb7c379f71c56e4aaec8
false,Booking.com,10,2026-01-21,,"The room was clean and even when we did not want our room to be cleaned, we received new towels. The staff were also helpful with booking the taxi & when we needed an iron",Nothing,,部屋は清潔で、部屋の清掃を希望しなかった時でも新しいタオルを用意してくれました。スタッフはタクシーの手配やアイロンが必要な時にも親切に対応してくれました。,何もない,Nur,bookingcom_2305841_d96f2b48b4b05d20180e62503f125e90
false,Booking.com,10,2026-01-21,,安靜,沒有,,静かな,いいえ,Luo,bookingcom_2305841_ca93623f7d8f5446579f09a1e4c7f955
false,Google,5,2026-01-21,12月末に5人家族で5泊しました。2部屋利用しましたが、どちらも快適で、枕も気に入りました。毎朝の朝食は種類も豊富でとても美味しかったです。ホテルの立地は秋葉原や東京駅まで歩いて行ける距離でした。,,,12月末に5人家族で5泊しました。2部屋利用しましたが、どちらも快適で、枕も気に入りました。毎朝の朝食は種類も豊富でとても美味しかったです。ホテルの立地は秋葉原や東京駅まで歩いて行ける距離でした。,,,Andy Barker,google_ChIJz8OtRayOGGAR4-DE9AFnYn8_9e6f3d038dca37183710bb8a8f269751
false,Booking.com,10,2026-01-21,,,,,,,Jonghwi,bookingcom_2305841_cb0ebf9f698eec73a51617ce6a5c5611
false,Booking.com,8,2026-01-21,,I chose this hotel as it was close to a subway station and was reasonably close to Ueno-Keisei Station (Skyliner). We intentionally chose this hotel to smoothly facility our way back to Narita airport at the end of our Japan trip! The reception was very polite and greeted us every morning. Also free snacks go a long way! :3,"We found out that luggage forwarding to airports and/or other hotels now take at least 2 days to process and arrive at their end destinations. Not a strike against this hotel, however something to keep in mind as travelers.",,このホテルを選んだのは、地下鉄の駅に近く、上野京成駅（スカイライナー）からも比較的近かったからです。日本旅行の最後に成田空港へスムーズに戻るために、このホテルを意図的に選びました！フロントのスタッフはとても丁寧で、毎朝挨拶してくれました。無料のスナックもとてもありがたかったです！ :3,空港や他のホテルへの荷物転送サービスは現在、処理と最終目的地への到着に最低でも2日かかることが分かりました。これはこのホテルの欠点というわけではありませんが、旅行者としては留意しておくべき点です。,Ronald,bookingcom_2305841_c86aa95b86afa4bed8c46604c5b0c159
false,Google,5,2026-01-21,"Our family of five stayed here for five nights at the end of December. We had two rooms, both were just fine, I liked the pillows. The breakfast every morning was a good selection and quite tasty. The location of hotel allowed us to walk to Akihabara and Tokyo Station.",,,12月末に家族5人で5泊しました。部屋は2部屋利用しましたが、どちらも快適で、特に枕が気に入りました。毎朝の朝食は種類も豊富でとても美味しかったです。ホテルの立地も良く、秋葉原や東京駅まで徒歩で行くことができました。,,,Andy Barker,google_ChIJz8OtRayOGGAR4-DE9AFnYn8_81e2aa5dd28d44f22ebcea5a9e621c01
false,Trip.com,10,2026-01-20,酒店地理位置不錯，旁邊有兩個地鐵站一個JR站，去羽田機場1個小時也不用，交通很方便，周邊吃飯的地方很多，超市也有，離秋葉原步行過去就可以了。休息區還有茶，咖啡，零食免費提供，前台的服務人員也都很專業，能夠及時解決問題，還會推薦周邊的飯店。一級好評！！！下次來東京繼續住在這裏！,,,このホテルは地下鉄2駅とJR駅1駅のすぐそばという絶好のロケーションにあります。羽田空港まで1時間以内なので、交通の便も非常に良いです。周辺にはレストランやスーパーマーケットがたくさんあり、秋葉原も徒歩圏内です。ラウンジエリアでは、無料の紅茶、コーヒー、軽食を提供しています。フロントのスタッフは非常にプロフェッショナルで、どんな問題にも迅速に対応し、近隣のレストランもおすすめしてくれます。最高です！次回東京に来る時も、必ずまたここに泊まります！,,,p‍o‍p‍t‍o‍t‍i,trip_1821044481
false,Booking.com,9,2026-01-20,,"Ubicación muy buena. Limpieza, amabilidad del personal",Todo perfecto,,立地が最高。清潔で、スタッフも親切。,全てが完璧,Sergio,bookingcom_2305841_977996b2a93554378d7964a2f3c87051
false,Booking.com,7,2026-01-20,,,,,,,Stolk,bookingcom_2305841_2be41139f915fa2b9fba64bba9b538e6
false,Booking.com,9,2026-01-20,,"Location close to a metro station, good breakfast, nice cafe to sit during the day and work. Staff was polite/helpful. All in all, comfortable stay.","1. My sleep often got disrupted because of feeling hot. The AC didn't go below 20, and the quilt was warm. No fan. This was winter, of course, so quilt was necessary. Plus we couldn't open the window, because hotel was right at an intersection, and noise would have disturbed. 2. The room size. I guess this is a common phenomenon across Japan, but slightly larger room would have helped.",,地下鉄駅に近く、朝食も美味しく、日中はカフェでゆっくり仕事をするのに最適です。スタッフも親切で丁寧でした。全体的に快適な滞在でした。,1. 暑さでよく寝付けませんでした。エアコンの温度設定が20度以下にならず、掛け布団も暖かかったです。扇風機もありませんでした。もちろん冬だったので掛け布団は必須でした。それに、ホテルが交差点のすぐそばだったので、窓を開けると騒音で邪魔になると思い、開けられませんでした。 2. 部屋の広さ。これは日本全国共通の現象だと思いますが、もう少し広い部屋だったら良かったと思います。,Siddhartha,bookingcom_2305841_a7248b312d3ccbb9b07f53069269e55c
false,Booking.com,10,2026-01-20,,,,,,,An,bookingcom_2305841_3c00722ce7bd395406c612676603df6d
false,Google,5,2026-01-20,とても素敵な部屋で、シャワーの水圧も最高でした。立地も良かったです。,,,とても素敵な部屋で、シャワーの水圧も最高でした。立地も良かったです。,,,Matias Cilley,google_ChIJz8OtRayOGGAR4-DE9AFnYn8_57cd907347d56ad003eb3bf6e4cc3db4
false,Google,5,2026-01-20,Very nice room with best water pressure for showers. Good location.,,,シャワーの水圧が最高で、とても快適な部屋でした。立地も良かったです。,,,Matias Cilley,google_ChIJz8OtRayOGGAR4-DE9AFnYn8_3bedb0fb2b4b92a3ba988a89d4509a55
false,Booking.com,10,2026-01-19,,Friendly staff and clean rooms. I like the origami they make for guests,Nothing,,スタッフは親切で、部屋も清潔でした。宿泊客のために折り紙を作ってくれるのも嬉しかったです。,何もない,Adelaide,bookingcom_2305841_6b183cb6ac100450875dbb2c264e9bba
false,Booking.com,10,2026-01-19,,"저는 청결과 냄새에 예민한 편인데 숙소 내부 외부 모두 너무 청결하고 청소도 매일 해 주셔 너무 좋았습니다.  특히 화장실 수압도 아주 세고, 세면대 물이 음수 가능인 점까지!! 정말 좋았습니다.  위치또한 좋았고, 바셉션 이용가능한 점과 직원분들 모두 친절하게 응대해주신 점까지 최고의 숙박이었어요.  다음 도쿄 방문 시에도 반드시 또 방문 할 것 같아요!",없습니다,,私は清潔さと匂いに敏感な方ですが、宿舎の外側ともに清潔すぎて清掃も毎日していただき、とても良かったです。  特にトイレ水圧も非常に強く、洗面台の水が負水可能な点まで！本当によかったです。  ロケーションも良かったし、受付が可能な点とスタッフの方々とも親切に応対してくださった点まで最高の宿泊でした。  次の東京訪問時にも必ずまた訪れそうです！,ない,Jooyeon,bookingcom_2305841_6323d7383b26971a552c86d5794a6c4d
false,Booking.com,10,2026-01-19,,"Konum, temizlik, güleryüzlü hizmet",-,,立地、清潔さ、親切なサービス。,-,Berk,bookingcom_2305841_bbed8039d988b641cfaa13c6b2efd79f
false,Booking.com,10,2026-01-19,,,,,,,소희,bookingcom_2305841_f4392540cacdc732926c64f8b40fde63
false,Booking.com,8,2026-01-18,,,,,,,Hsuan-wen,bookingcom_2305841_8bd76e8af5371c72e9eece5f90423b6a
false,Booking.com,10,2026-01-18,,odamız her gün temizlieniyordu. konumu oldukça kolay bulunabilir bir yerdeydi. ve birçok yere de kolayca gitmek mümkün oldu. çalışanlar çok yardımseverdi. bilmediğimiz için sorduğumuz en saçma şeylere bile sabırla oldukça yardımcı oldular.,,,部屋は毎日清掃されていました。立地も非常に便利で、多くの場所に簡単にアクセスできました。スタッフの方々はとても親切で、些細な質問にも根気強く対応してくれました。,,Zeynep,bookingcom_2305841_9d3ad9e98432e10ec77b85624d1d4593
false,Google,5,2026-01-18,駅、レストラン、コンビニエンスストアまで少し歩く必要があることを除けば、欠点はありません。,,,駅、レストラン、コンビニエンスストアまで少し歩く必要があることを除けば、欠点はありません。,,,CHICHI Luo,google_ChIJz8OtRayOGGAR4-DE9AFnYn8_8de02fe116d64e725c71dd5701b0fe47
false,Google,5,2026-01-18,除了車站 用餐 超商 需走一些距離 沒有缺點,,,駅やレストラン、コンビニエンスストアまで少し歩かなければならないという点を除けば、デメリットは何もない。,,,CHICHI Luo,google_ChIJz8OtRayOGGAR4-DE9AFnYn8_306545e811a56d41db7695cf440ad6e9
false,Booking.com,8,2026-01-17,,"Personnel très agréable, nous aide si besoin notamment pour le transfert des bagages. Emplacement au calme, petits commerces à côté (7Eleven,Lawson). Akihabara à 15 min à pieds.",Chambre étroite pour deux (15m2) avec des grosses valises mais c'était indiqué dans la description. Pour une petite durée c'est faisable ou si vous êtes léger en bagages no problem.,,スタッフはとても親切で、特に荷物の運搬は大変助かりました。立地は静かで、近くには小さなお店（セブンイレブン、ローソンなど）があります。秋葉原までは徒歩15分です。,部屋は2人（15平方メートル）で大きなスーツケースを置くには狭かったが、その点は説明に記載されていた。短期滞在や荷物が少ない旅行であれば問題ないだろう。,You,bookingcom_2305841_be26112057756a0c44658e002a259922
false,Booking.com,10,2026-01-17,,ひろかった,なし,,ひろかった,なし,Takahashi,bookingcom_2305841_ab4e4b7ca37937f0b0b17d3c905744f2
false,Booking.com,7,2026-01-17,,,,,,,Masanori,bookingcom_2305841_470f4dfc6ae73ebd0c768675a89ba778
false,Booking.com,9,2026-01-17,,,,,,,Aleksandr,bookingcom_2305841_9d1452ed1c3676030d30ce9ff350503e
false,Booking.com,10,2026-01-17,,La gentilezza e la disponibilità dello staff,,,スタッフの親切さと協力的な対応,,Mauro,bookingcom_2305841_d768373701393d59b400e3b3c80ebe73
false,Trip.com,10,2026-01-16,挺滿意的。,,,私は非常に満足しています。,,,_‍W‍e‍C‍h‍a‍t‍5‍4‍9‍5‍5‍*‍*‍*‍*,trip_1816231447
false,Booking.com,9,2026-01-16,,"En general todo estuvo genial, muy atento el personal del hotel, muy aseada y cómoda la habitación… Está ubicado a 8 minutos de una estación de tren.","Lo único que estuvo mal fue la oferta máquinas pagas de lavandería, es un hotel muy grande y solo tenían tres, por lo tanto, el lavado de ropa se complicó bastante.",,全体的に素晴らしかったです。ホテルのスタッフはとても親切で、部屋も清潔で快適でした。駅から8分という便利な場所にあります。,唯一残念だったのは、有料の洗濯機だったことです。とても大きなホテルなのに洗濯機が3台しかなかったので、洗濯をするのがかなり面倒でした。,Erwin,bookingcom_2305841_d8a1983a489c349e8328a223fcb44b68
false,Booking.com,9,2026-01-16,,,,,,,Wing,bookingcom_2305841_25b6348b71f9431251f11fba8406d77a
false,Booking.com,10,2026-01-15,,"value for money, comfy rooms, laundry area, free snacks, friendly staff, free curling iron for use in the hotel. a lot of things to love here. kid’s friendly as they give out origamis. too bad we missed the display area for messages. i’ll just say here. thank you! we had a lovely stay!",a bit far from the station but can take taxi so still ok.,,コストパフォーマンスが良く、部屋は快適で、ランドリーエリアがあり、無料のスナック、フレンドリーなスタッフ、ホテル内で使える無料のヘアアイロンなど、気に入った点がたくさんあります。折り紙を配っているので、子供連れにも優しいです。メッセージを飾るディスプレイエリアを見逃してしまったのは残念でした。とにかく、ありがとうございました！素敵な滞在でした！,駅から少し遠いけど、タクシーで行けるから大丈夫。,Del,bookingcom_2305841_711f5b2506802434fba09bfb774cfaf1
false,Booking.com,8,2026-01-15,,,,,,,Thomas,bookingcom_2305841_27d4cef682f3fe27f955b6c455efad74
false,Booking.com,9,2026-01-15,,"La relación calidad precio. Desde fuera no parece tan bueno como por dentro. El metro,metros, estaba a 7 minutos andando. Mucha flexibilidad para moverte. Tiene una cafetería biblioteca,donde se desayuna,con café, agua y te siempre disponible muy bien ambientada. El desayuno bastante bueno. Íbamos familia, mi mujer y 2 niñas de 7 y 9 y nos pusieron 2 camas matrimonio y una aparte que las juntamos y estuvimos agusto. Me imagino que esto bajo demanda y disponibilidad. Llegamos 3 horas antes y pudimos entrar bajo pago de 30 euros. Nos salvo la vida con jeglag. Lo recomendamos sin grandes ni pocas pretensiones",Nada. Los baños eran como de prfv. Pero la ducha buena y con potencia.,,コストパフォーマンスは抜群です。外観はそれほど良く見えませんが、中はとても快適です。地下鉄の駅まで徒歩7分。移動にとても便利です。カフェ兼ライブラリーがあり、コーヒー、水、紅茶がいつでも用意されていて、とても心地よい雰囲気の中で朝食をとることができます。朝食もかなり美味しかったです。私たちは家族連れで、妻と7歳と9歳の娘2人でしたが、ダブルベッド2台とシングルベッド1台を用意してもらい、それらをくっつけて快適に過ごせました。これは空室状況と需要によって変わると思います。3時間早く到着しましたが、30ユーロの追加料金でチェックインできました。イェグラグでは本当に助かりました。過度な期待もせず、かといって物足りないわけでもなく、おすすめです。,特に問題はなかった。バスルームはグラスファイバー製みたいだったけど、シャワーは快適で水圧も十分だった。,Carlos,bookingcom_2305841_7300bba45d463abd830d5f56c6d5d478
false,Booking.com,10,2026-01-15,,,,,,,Anna,bookingcom_2305841_4af19f35602e781316cd43bc4da86ce1
false,Booking.com,7,2026-01-14,,,,,,,Mei,bookingcom_2305841_3cbb4174fe06ad976cca4c2f3fca118b
false,Booking.com,8,2026-01-14,,"Very good location , connectivity to metro , good restaurants nearby.",Room is not spacious for two,,立地が非常に良く、地下鉄へのアクセスも便利で、近くには美味しいレストランがたくさんあります。,部屋は2人には狭すぎる,Manoharan,bookingcom_2305841_6951d0b5f6f1179107bf12a422dc2e3b
false,Booking.com,9,2026-01-14,,飯店氣氛很溫馨，員工非常客氣也主動幫住客解決問題。1樓開放給住客的空間很舒適，而且還提供咖啡、各式飲料及小點心，讓我去日本時會想再次住宿的飯店。非常感謝每一位員工的照顧。,浴室門簾建議經常更換，才不會有潮濕的味道。,,ホテルは温かく居心地の良い雰囲気で、スタッフの方々はとても丁寧で、宿泊客の問題解決に積極的に協力してくれました。1階の宿泊客専用スペースはとても快適で、コーヒーや各種ドリンク、軽食も提供されていました。日本に行く機会があれば、ぜひまたこのホテルに泊まりたいと思います。スタッフの方々の細やかな気配りと心遣いに大変感謝しています。,湿気臭を防ぐため、浴室のカーテンはこまめに交換することをお勧めします。,Jia,bookingcom_2305841_b4708e55a00ac42da22a366e4183c525
false,Trip.com,9,2026-01-13,"Good service .  We walked about 10 min fr Akibahara to hotel instead of by subway that will take 20 min. There are some small restaurants around the hotel where local peoples enter, delicious and cheap.",,,サービスは良かったです。秋葉原からホテルまでは地下鉄だと20分かかるのですが、徒歩で10分ほどでした。ホテル周辺には地元の人たちが集まる小さなレストランがいくつかあり、美味しくて値段も手頃です。,,,ゲ‍ス‍ト,trip_1813719736
false,Booking.com,9,2026-01-12,,Lounge was lovely and staff were very friendly,The only thing would be the complementary pjs were very oversized,,ラウンジは素敵で、スタッフもとてもフレンドリーでした。,唯一の難点は、おまけのパジャマがかなり大きすぎたことくらいです。,Amanda,bookingcom_2305841_66d2cec975191e74e7764bdf492ed482
false,Trip.com,9,2026-01-12,"Отель достойный, до метро пешком минут 7, на метро до центра минут 15. Номер не маленький, как обычно, а вполне нормальный, есть где разложить 2 чемодана, также есть прачечная на 2 этаже, завтрак хороший, в течение дня чай и кофе в лобби бесплатные, а вечером еще и снеки в виде орешков и чипсов. Уборка ежедневно, полотенца меняют каждый день! шампунь, гель, щетки зубные, тапочки - все в наличии.",,,ホテルはまずまずで、地下鉄駅まで徒歩7分、市内中心部までは地下鉄で15分です。部屋はよくあるように狭くはなく、スーツケース2個分のスペースがあり、十分快適です。2階にはランドリールームもあります。朝食は美味しく、ロビーでは終日紅茶とコーヒーが無料で提供され、夜にはナッツやチップスなどの軽食も用意されています。清掃は毎日行われ、タオルも毎日交換されます。シャンプー、ジェル、歯ブラシ、スリッパも完備しています。,,,E‍k‍a‍t‍e‍r‍i‍n‍a‍S‍a‍p,trip_1812814678
false,Booking.com,10,2026-01-12,,,,,,,Her,bookingcom_2305841_5ddc99f835300a75e419c43b7881864e
false,Booking.com,9,2026-01-12,,El personal fue amable y el desayuno delicioso,La habitación era pequeña,,スタッフは親切で、朝食も美味しかった。,部屋は狭かった,Paloma,bookingcom_2305841_70d2b6e56fa27cfdb4e0b3b333d8e0c9
false,Booking.com,10,2026-01-11,,,,,,,Annelie,bookingcom_2305841_b07783bf49bd77248270c34bdfa98fb0
false,Booking.com,7,2026-01-11,,,,,,,Rocio,bookingcom_2305841_a7811a580a739ec45e886f731e25127f
false,Booking.com,10,2026-01-11,,Qualité prix,Ras,,コストパフォーマンス,ラス,Cécile,bookingcom_2305841_f0ba8be751ffcc2374977b3b5a564342
false,Booking.com,9,2026-01-11,,,,,,,Evan,bookingcom_2305841_96927aab23b6d9c6465fbcd374528d80
false,Google,5,2026-01-11,,,,,,,Pei Ying Huang,google_ChIJz8OtRayOGGAR4-DE9AFnYn8_28cbd8a9b28aae07d7a6906f77c39043
false,Booking.com,10,2026-01-10,,,,,,,Aditya,bookingcom_2305841_db69a6b6d4634a790385625220066d36
false,Booking.com,9,2026-01-10,,"La struttura è ottima, belle camere seguendo gli standard di Tokyo, basta disponibilità per lasciare le valige al check-in/out, ottima la zona library all’ingresso dove potersi rilassare, mangiare qualcosa, con la possibilità di avere bevande gratis. A circa 8min dalla metro più vicina e a qualche min dalla fermata del bus, ma a piedi si arriva tranquillamente ad Akihabara.",,,このホテルは素晴らしく、東京の基準を満たす素敵な客室を備えています。チェックイン／チェックアウト時に荷物を預けるスペースも十分にあります。エントランスにあるライブラリーエリアは素晴らしく、リラックスしたり軽食をとったりできるほか、無料のドリンクも利用できます。最寄りの地下鉄駅から約8分、バス停からも数分ですが、秋葉原へは徒歩で簡単にアクセスできます。,,Federica,bookingcom_2305841_3563adbd0f25be8ab517931e22c22d40
false,Booking.com,8,2026-01-10,,,,,,,Lide,bookingcom_2305841_8c0406c7ee826429148a04e5bb3d4b6e
false,Booking.com,10,2026-01-10,,"Very nice hotel stay with plenty of freebies (hot drinks, little snacks, classic hotel amenities). Bed was comfy though room small, but perfect for one night before we headed to the airport. Lots of variety in the breakfast.",Coffee was not great and it's a bit of a walk to the main stations.,,温かい飲み物、軽食、定番のアメニティなど、無料サービスが充実していて、とても快適なホテル滞在でした。部屋は狭かったものの、ベッドは快適で、空港へ向かう前の1泊には最適でした。朝食の種類も豊富でした。,コーヒーはあまり美味しくなかったし、主要駅までは少し歩かなければならない。,Anneke,bookingcom_2305841_63c2c6eca7e35884af611a81ffb00e89
false,Booking.com,10,2026-01-09,,"Good value for money, quiet neighbourhood with reasonable distance from the relevant metro lines. The common room where the breakfast is served can also serve as a place where you can eat a quick 7-11-sourced dinner, if needed. And the breakfast was good too. We stayed at this hotel 3 times already.",,,コストパフォーマンスが良く、静かな住宅街にあり、最寄りの地下鉄駅からもほどよい距離です。朝食が提供される共用ルームは、必要に応じてセブンイレブンで買った軽食をさっと食べる場所としても利用できます。朝食も美味しかったです。私たちはこのホテルにすでに3回宿泊しています。,,Costin,bookingcom_2305841_9bb7550fcf66ddeb6170fb4936011c59
false,Google,4,2026-01-09,,,,,,,Michelle Berry,google_ChIJz8OtRayOGGAR4-DE9AFnYn8_d601bbcef426d986b5e95c5932b6af1d
false,Booking.com,9,2026-01-08,,"Las camas son muy cómodas, el desayuno es correcto y con opciones occidentales, pero sube todo está muy bien ubicado, a apenas 15 min de Akihabara y cerca de estaciones de metro de varias líneas. El perfumado es muy amable y durante día los huéspedes pueden usar el comedor como café-biblioteca. Muy recomendable.",,,ベッドはとても快適で、朝食は洋食もあってまずまず。何より素晴らしいのは立地の良さで、秋葉原までわずか15分、地下鉄の駅も複数近くにあります。スタッフはとてもフレンドリーで、日中はダイニングルームをカフェ兼ライブラリーとして利用できます。非常におすすめです。,,Raul,bookingcom_2305841_da4ab53d0cc7a1ebccf88955eb6adebc
false,Google,5,2026-01-08,リーズナブルな価格で、とても快適で立地の良いホテルです。ベッドはとても快適で、朝食も洋食メニューが豊富で満足です。何より、秋葉原からわずか15分、複数の地下鉄路線にも近いという好立地です。スタッフはとてもフレンドリーで、日中はダイニングルームをカフェ/ライブラリーとしてご利用いただけます。強くお勧めします。,,,リーズナブルな価格で、とても快適で立地の良いホテルです。ベッドはとても快適で、朝食も洋食メニューが豊富で満足です。何より、秋葉原からわずか15分、複数の地下鉄路線にも近いという好立地です。スタッフはとてもフレンドリーで、日中はダイニングルームをカフェ/ライブラリーとしてご利用いただけます。強くお勧めします。,,,Raul Castillo,google_ChIJz8OtRayOGGAR4-DE9AFnYn8_112d9d7f99601b5fa09b2bb1b3b8b7c9
false,Booking.com,8,2026-01-07,,,,,,,Adrianna,bookingcom_2305841_7799961bd1c64968b67de05190a18a64
false,Booking.com,10,2026-01-07,,"The small details in room like good lighting, anti fog mirror comfortable bed and we loved the library cafe a cute area to enjoy free coffee and nibbles all day with good collection of table books",,,部屋の照明、曇り止めミラー、快適なベッドなど、細部にまで行き届いた配慮が感じられました。また、ライブラリーカフェも気に入りました。一日中無料のコーヒーと軽食を楽しめる可愛らしい空間で、テーブルブックのコレクションも充実していました。,,S,bookingcom_2305841_9bc470e4fff8c589e77f78d1b795ca8a
false,Trip.com,10,2026-01-07,挺好的，經濟划算,,,良質で、経済的で、費用対効果が高い。,,,X‍i‍a‍o‍y‍a‍n‍g‍z‍a‍i‍r‍i‍q‍i‍n‍j‍i‍e,trip_1807749807
false,Booking.com,10,2026-01-07,,,,,,,Fabio,bookingcom_2305841_dea9407310f3031130a832061b39f33d
false,Google,5,2026-01-07,最高級カテゴリーの部屋を予約しましたが、部屋は十分な広さでした。とても素敵なホテルで、ゲストへのおもてなしも行き届いています。スタッフもハウスキーピングも素晴らしく、毎日清掃も行き届いていました。ライブラリーカフェと無料のコーヒーと軽食が気に入りました。子供向けの可愛い折り紙も気に入りました。全体的に良い雰囲気でした。複数の駅まで徒歩10分以内と便利な立地です。東京駅もそれほど遠くありません。,,,最高級カテゴリーの部屋を予約しましたが、部屋は十分な広さでした。とても素敵なホテルで、ゲストへのおもてなしも行き届いています。スタッフもハウスキーピングも素晴らしく、毎日清掃も行き届いていました。ライブラリーカフェと無料のコーヒーと軽食が気に入りました。子供向けの可愛い折り紙も気に入りました。全体的に良い雰囲気でした。複数の駅まで徒歩10分以内と便利な立地です。東京駅もそれほど遠くありません。,,,sonam shah,google_ChIJz8OtRayOGGAR4-DE9AFnYn8_6045c3fdbc6106b252be9b214d0f232f
false,Trip.com,10,2026-01-07,房間寬敞乾淨，交通方便。,,,部屋は広くて清潔で、立地も便利です。,,,D‍2‍5‍8‍6‍0‍*‍*‍*‍*,trip_1807920917
false,Google,5,2026-01-07,We booked the highest category room and the room was decent size. Lovely charming hotel that look after guests well. Good staff and housekeeping. Daily cleaning. Loved the library cafe and the free coffee and snacks. Loved the cute little origami for children. Overall a good feel. Location is good with multiple stations 10 mins walk away. Tokyo station is also nit very far,,,最上級の部屋を予約しましたが、部屋は十分な広さでした。ゲストを大切にしてくれる素敵なホテルです。スタッフとハウスキーピングも良かったです。毎日清掃が行われていました。ライブラリーカフェと無料のコーヒーと軽食が気に入りました。子供向けのかわいい折り紙も素敵でした。全体的に良い印象です。立地も良く、徒歩10分圏内に複数の駅があります。東京駅もそれほど遠くありません。,,,sonam shah,google_ChIJz8OtRayOGGAR4-DE9AFnYn8_9a059db791b689a840d24fb60de7197d
false,Booking.com,4,2026-01-06,,,,,,,Laura,bookingcom_2305841_06f2242cb21273b5449642ad2ed7c9df
false,Booking.com,10,2026-01-06,,,,,,,Kuan-lin,bookingcom_2305841_2d0885784eb0eae9e3dbf8476df1e211
false,Trip.com,8,2026-01-06,"Удивительно, что в номер не дают воду. Это большой минус. Завтрак посредственный. Местоположение не самое удачное. Номера маленькие и шумоизоляция слабая.",,,部屋に水が用意されていないのは意外だ。これは大きなマイナス点だ。朝食は平凡。立地も最高とは言えない。部屋は狭く、防音性も悪い。,,,ゲ‍ス‍ト,trip_1806927206
false,Booking.com,9,2026-01-05,,,,,,,Benedetta,bookingcom_2305841_ab537a61359bb5ffaa833ea522d718c7
false,Booking.com,10,2026-01-05,,"Very quiet, clean and exactly as described. Beds are really comfortable!",It s a 10min walk from the closest train station. That’s the only point that could be remotely considered bad.,,とても静かで清潔で、説明通りの滞在でした。ベッドも本当に快適です！,最寄りの駅から徒歩10分。それが唯一、少しだけ欠点と言える点だ。,Truby,bookingcom_2305841_4424fedaf9314c8be7845cb745ce1b77
false,Booking.com,10,2026-01-05,,,,,,,Shengkai,bookingcom_2305841_eee7dc426ed6efdece4ec5cce07916e0
false,Booking.com,8,2026-01-05,,"Breakfast, snacks during the day, amenities, good position. View on the skytree.",Water was missing during breakfast.,,朝食、日中の軽食、充実したアメニティ、好立地。スカイツリーの眺めも最高。,朝食時に水がなかった。,Gianluca,bookingcom_2305841_3317861fa69432f11af3bf80cd6af3be
false,Booking.com,10,2026-01-04,,,,,,,Chen,bookingcom_2305841_b5261a5ca29e826da3eacb4abcf39ab5
false,Booking.com,8,2026-01-04,,"Posizione strategica perché vicina alle stazioni metro, camere standard molto piccole se si hanno valigie grandi. Buona la prima colazione. Personale gentile. Tutti gli ambienti molto puliti",Assenza di spazio per una valigia di 20 kg. Assenza di ripiani o cassetti per riporre gli effetti personali,,地下鉄駅に近い便利な立地。大きなスーツケースをお持ちの場合は、スタンダードルームはかなり狭いかもしれません。朝食は美味しいです。スタッフは親切です。全室とても清潔です。,20kgのスーツケースを置くスペースがない。私物を収納する棚や引き出しもない。,Vincontix,bookingcom_2305841_e172342f837eaad93ca77148255e3bcb
false,Booking.com,5,2026-01-04,,,,,,,Rickie,bookingcom_2305841_21574dbfef4594a54e6f3654c624c8b5
false,Booking.com,9,2026-01-04,,"La struttura é in una zona tranquilla ma comunque vicina a diverse stazioni metro e bus. Il letto é comodissimo, dormito veramente bene. Il personale é disponibile 24/24 e molto cordiale. Il bagno é spazioso per essere un hotel in Giappone e i prodotti da bagno sono molto buoni.",La camera matrimoniale é piccolina se si é in due con due valigie grandi come noi però con un po' di feng shui ci si sta.,,静かなエリアにありながら、地下鉄やバスの駅にも近い便利な立地です。ベッドはとても快適で、ぐっすり眠れました。スタッフは24時間体制で対応してくれ、とても親切です。バスルームは日本のホテルにしては広々としていて、アメニティも充実しています。,主寝室は、私たちのように大きなスーツケースを2つ持った2人だと少し狭いですが、風水で工夫すれば何とかなります。,Elena,bookingcom_2305841_d5e6cf00d2dd6ce2a630007b629c43ee
false,Booking.com,10,2026-01-04,,"We love everything at Comfort Hotel. The Staff were very friendly, the food is good we even have our daily supply of towels and hygiene kit.",,,コンフォートホテルは全てが素晴らしかったです。スタッフはとても親切で、食事も美味しく、タオルや衛生用品も毎日補充してくれました。,,Anne,bookingcom_2305841_2c086eb048904e36bc512f56e3bd2af7
false,Booking.com,9,2026-01-04,,Die Lage war gut (5-7 Minuten zu Fuß von U-Bahn). Direkt Verbindung mit Haneda Flughafen. Gute Frühstück und gemütlich freie Vesper am Nachmittags.,Standard ein bisschen klein (aber ähnlich zu andere Unterkünfte in Tokyo),,立地は良かった（地下鉄駅から徒歩5～7分）。羽田空港へ直結している。朝食も美味しく、午後には無料の軽食も楽しめた。,標準的な客室はやや狭い（ただし、東京の他の宿泊施設とほぼ同じ程度）。,Tavella,bookingcom_2305841_f9ad44d2f0fcd54aeae69084bef15e03
false,Trip.com,9,2026-01-04,性價比算高，5-10分鐘步行可到達多條鐵路線路，旅遊不同景點方便,,,コストパフォーマンスが良く、徒歩5～10分圏内に複数の鉄道路線があるため、様々な観光スポットへのアクセスに便利です。,,,L‍e‍g‍e‍n‍d‍ ‍M‍a‍n,trip_1804764926
false,Booking.com,9,2026-01-03,,"The bed was comfortable and all was clean e organized. They offer a good hair dryer, change the towels and make up the room every day, and the room that we reserved (with queen size bed), had a very good space. The employees are very polite and helpful.","The breakfast space can be very crowded in some hours, and finishes a little bit early. Also, is not so tasty like seems in the pictures.",,ベッドは快適で、部屋は清潔で整頓されていました。ヘアドライヤーも完備しており、タオル交換や部屋の清掃も毎日行われていました。予約した部屋（クイーンサイズベッド）はとても広々としていました。従業員の方々もとても丁寧で親切でした。,朝食スペースは時間帯によっては非常に混雑し、少し早めに終了してしまうことがあります。また、写真で見るほど美味しくはありません。,Marina,bookingcom_2305841_9e87ce51e7b22d0a4e13d9a7572844f9
false,Trip.com,8,2026-01-03,깔끔하고 무난하게 좋았음 도쿄라서 숙소 크기는 기대 안했는데 캐리어 2개 펼치고도 남긴해서 만족스러웠음 안내도 친절히 잘 해주시고 다음에 도쿄를 가면 또 방문하고싶음,,,すっきりと無難に良かった東京だから宿の大きさは期待しなかったのにキャリア2つ広げても残して満足していた案内も親切にしてくれて次に東京に行ったらまた訪れたい,,,ゲ‍ス‍ト,trip_1803323280
false,Trip.com,10,2026-01-02,Great amenities and service. But metro station is kind of far,,,設備もサービスも素晴らしい。ただ、地下鉄の駅が少し遠い。,,,Y‍A‍N‍C‍H‍E‍N‍G‍ ‍L‍I,trip_1800612046
false,Booking.com,7,2026-01-02,,,,,,,Enni,bookingcom_2305841_1613bbfa32295f2a27cebab522469999
false,Booking.com,9,2026-01-01,,"cortesia, disponibilità, servizi, posizione",,,礼儀正しさ、利用可能性、サービス、場所,,Alessandro,bookingcom_2305841_fa90a0f2a1fbdba806fc57991bdc2ca8
false,Booking.com,10,2026-01-01,,,,,,,Norman,bookingcom_2305841_f644e069a2c0c73419d33c8b8b709f47
false,Booking.com,9,2026-02-28,,,,,,,Joao,bookingcom_2305841_583ea878c8d7d043ca192c71f9425798
false,Trip.com,10,2026-02-28,酒店位置好，附近好有幾個步行距離的地鐵站和巴士站，周邊便利店也不少。 房間很舒服，設施齊全，每日都有人打掃。工作人員服務態度不錯，每天出門和回來都和我們打招呼。 會推薦這家酒店給身邊的家人朋友～,,,ホテルは立地が素晴らしく、徒歩圏内に地下鉄やバスの停留所が複数あり、近くにはコンビニもたくさんあります。部屋は快適で設備も整っており、毎日清掃されていました。スタッフは親切で、外出時や帰宅時にいつも挨拶してくれました。家族や友人にもこのホテルをおすすめします。,,,5‍C‍2‍V‍4‍N‍1‍R,trip_1861416485
false,Google,4,2026-02-28,エキストラベッドを追加して 2 人部屋を 3 人部屋に変えるのに適したオプションです。,,,エキストラベッドを追加して 2 人部屋を 3 人部屋に変えるのに適したオプションです。,,,林政雄,google_ChIJz8OtRayOGGAR4-DE9AFnYn8_6e37adf91514f4e504f7073198e589c3
false,Google,3,2026-02-28,,,,,,,Hiroyuki T (hirot),google_ChIJz8OtRayOGGAR4-DE9AFnYn8_e4672d32d26ee2ce2c5d2857bf118069
false,Google,4,2026-02-28,2人房可以加床變3人房的好選擇,,,エキストラベッドを追加すれば3人部屋にもなるので、2人部屋として最適な選択肢です。,,,林政雄,google_ChIJz8OtRayOGGAR4-DE9AFnYn8_5943752eceba919bd35e52ba4c9cbf55
false,Booking.com,10,2026-02-27,,"Kiváló reggeli, kényelmes ágy, barátságos személyzet, jó elhelyezkedés",,,素晴らしい朝食、快適なベッド、フレンドリーなスタッフ、良い立地,,Minczercsaba,bookingcom_2305841_7e90168684ffe29b642dc5103e2f6f67
false,Trip.com,9,2026-02-27,位置很好，雖然房間小、廁所小但都很乾淨， 櫃檯服務態度很好，連續住了三四天都沒有什麼問題 ，大家可以安心入住,,,立地は最高です。部屋とバスルームは小さいですが、とても清潔です。フロントのスタッフはとても親切です。3、4日間滞在しましたが、何の問題もありませんでした。安心して滞在できます。,,,ゲ‍ス‍ト,trip_1859845304
false,Booking.com,8,2026-02-26,,,,,,,Jledezma,bookingcom_2305841_ceb83c0cd2cb59347a287c401ab07841
false,Booking.com,8,2026-02-26,,Localización y calidad precio aceptable,,,立地条件と許容できる価格対品質比,,Luis,bookingcom_2305841_2abec65df4619b73bab538cfbf1141c6
false,Booking.com,10,2026-02-26,,,,,,,Sogabe,bookingcom_2305841_5cbb1e8ffb94005ef8660cb44b6268f6
false,Booking.com,10,2026-02-26,,"Check-in and Check-out can be done automated through machines. Helpful staff, clean hotel (I think they clean carpets every day, at least on my floor). New towels every day. Breakfast has variety of options. Library space on the first floor was very good, imagine that you can have coffee/tea (at no extra charge) in there and then read a book, many of them are in English.",Breakfast space can be very crowded (in my case - during the weekend). Rooms are quite small for two person stay. No actual closet in the room.,,チェックインとチェックアウトは機械で自動化されています。スタッフは親切で、ホテルは清潔です（少なくとも私の階では毎日カーペットを掃除しているようです）。タオルは毎日新しいものに交換されます。朝食は種類豊富です。1階のライブラリースペースはとても素晴らしく、そこでコーヒーや紅茶を無料で飲みながら本を読むことができます。英語の本もたくさんあります。,朝食スペースは非常に混雑することがあります（私の場合は週末でした）。部屋は2人での滞在にはかなり狭いです。部屋にはちゃんとしたクローゼットはありません。,Kristians,bookingcom_2305841_8728c25cf24ea073b0b4b1b0b0b9087a
false,Booking.com,10,2026-02-25,,,,,,,Shu,bookingcom_2305841_2662206e8294151bb2d249612a11b2e4
false,Booking.com,7,2026-02-25,,,,,,,Alessandra,bookingcom_2305841_55c82979cc33241fa8e66d0dac2a8ee1
false,Booking.com,7,2026-02-25,,,,,,,Vitalii,bookingcom_2305841_6b2d687b24047106243e1444999e573c
false,Booking.com,9,2026-02-24,,,,,,,Daniela,bookingcom_2305841_4c4fbf4b5ac2cbf2f93c43224af34764
false,Booking.com,10,2026-02-24,,Excellent breakfast and cleanliness,None,,素晴らしい朝食と清潔さ,なし,Cecile,bookingcom_2305841_eb5291a7277075a57c7145f88fabef5d
false,Trip.com,10,2026-02-24,房間挺好，挺大的，離地鐵站也不遠，步行至秋葉原大概十幾分鍾,,,部屋は広くて快適で、地下鉄駅からも遠くなく、秋葉原までは徒歩約10分でした。,,,ゲ‍ス‍ト,trip_1856525579
false,Booking.com,10,2026-02-23,,,,,,,Mikhail,bookingcom_2305841_06b4a5e2acd28e7514ca549755b847a8
false,Booking.com,10,2026-02-23,,"Близость к метро - 4 разных линии в пешей доступности, плюс от аэропортов есть прямой экспресс.  До акихабары пешком минут 15. Работающий в течении дня бесплатный снек-бар чай, кофе, закуски - мелочь но приятно. Вечером можно поужинать своей едой в зоне завтрака, можно купить готовый набор, а в отеле просто разогреть и покушать, не оставляя мусор в номере. Есть локеры для хранения багажа. Еще есть обмен валюты, но это на совсем уж крайний случай так как курс очень низкий. Плюс удобный чек-аут, просто отдаешь ключ карту и все.","Вопрос даже не к отелю, а к системе бронирования у компании Booking - оказывается что включенный затрак распространяется только на взрослых (нас было 2 взрослых и 1 ребенок), а за ребенка необходимо доплачивать, хотя сумма не большая. Отель кстати рассылает эту информацию при совершении бронирования.",,ホテルは地下鉄の駅に近く、徒歩圏内に4つの路線があり、空港からは直通の特急電車も利用できます。秋葉原までは徒歩15分です。終日営業の無料スナックバーでは、紅茶、コーヒー、軽食を提供しており、ちょっとした心遣いが嬉しいですね。夕食は、朝食エリアに持ち込むか、既製のセットを購入して温めるだけで、部屋にゴミを残さずにホテルで食べることができます。荷物を保管できるロッカーもあります。両替も可能ですが、レートが非常に低いため、緊急時のみの利用をお勧めします。チェックアウトも簡単で、キーカードを渡すだけで手続き完了です。,問題はホテル側ではなく、Booking.comの予約システムにある。朝食は大人のみに含まれており（私たちは大人2名と子供1名だった）、子供には追加料金がかかることが判明した。とはいえ、それほど高額ではない。ちなみに、ホテル側は予約時にこの情報を送ってくる。,Gleb,bookingcom_2305841_4710d2da3b09a3b5731a96c683ab0705
false,Booking.com,9,2026-02-22,,Everything was excellent,Nothing to say,,全てが素晴らしかった,何も言うことはない,Ganesh,bookingcom_2305841_962b4c2ab511fbe7e2f66338cdf4709f
false,Booking.com,6,2026-02-22,,部屋が清潔感あって良かった。 1階の食事フロアを解放してくれていてありがたかった。 朝食がおいしかった！,料金が高く感じた。 トイレの流れが悪かった。,,部屋が清潔感あって良かった。 1階の食事フロアを解放してくれていてありがたかった。 朝食がおいしかった！,料金が高く感じた。 トイレの流れが悪かった。,Asami,bookingcom_2305841_3a90d55c6c6c46ee55563a7d2aa36152
false,Booking.com,5,2026-02-21,,Es un alojamiento económico sólo para ir a dormir.,"Toda inquietud que tuvimos fue mal recibida. Nadie habla bien inglés, por lo que, en caso de algún problema, no entienden. Demasiada gente y valijas siempre en el lobby. El desayuno muy incompleto.",,ここは寝るためだけの格安宿泊施設です。,私たちが抱える懸念はすべて否定的に受け止められました。英語を流暢に話せる人は誰もいないので、何か問題があっても理解してもらえません。ロビーはいつも人でごった返していて、荷物も山積みです。朝食の種類も非常に限られています。,Cecilia,bookingcom_2305841_5041cf76835724c6c44f5b8b57d3ef17
false,Trip.com,10,2026-02-21,免費的點心跟飲料可使用 ，但很可惜沒有吃到限量甜點。 位置離地鐵小遠，拖拉行李要花費一點時間，早餐品項不多但都滿美味。,,,無料の軽食と飲み物が用意されていましたが、残念ながら期間限定のデザートは試せませんでした。地下鉄の駅から少し離れているため、荷物の移動に少し時間がかかります。朝食の種類は多くはありませんでしたが、どれもとても美味しかったです。,,,蓓‍比,trip_1851326888
false,楽天トラベル,4,2026-02-21,JR馬喰町駅から近くて便利、夜中のチェックインも快く対応してくれた。,,,JR馬喰町駅から近くて便利、夜中のチェックインも快く対応してくれた。,,,ハシ7749,rakuten_160785_69123f6869cd98f97e801123c8604071
false,Booking.com,10,2026-02-20,,Habitación amplia confortable y limpia,Desayuno un poco aburrido si pasas muchos días.,,広々として快適で清潔な部屋,そこに何日も滞在すると、朝食は少し退屈に感じるかもしれません。,Nathuvigo,bookingcom_2305841_30fa6baf47f806a0cf8734be9c4526c0
false,Booking.com,9,2026-02-19,,宿泊中はロビー横のスペースでコーヒーがいただけるところ。チェックアウト後も充電しながら休憩させてもらいました。立地も良く、少し歩けば複数の路線が利用できるので便利でした。,ホテルが悪いわけではないのですが壁が薄いのか、隣か上の部屋の人の話し声が夜中まで聞こえたのと、夜中に廊下で大声で話してる他の宿泊客が気になりました。,,宿泊中はロビー横のスペースでコーヒーがいただけるところ。チェックアウト後も充電しながら休憩させてもらいました。立地も良く、少し歩けば複数の路線が利用できるので便利でした。,ホテルが悪いわけではないのですが壁が薄いのか、隣か上の部屋の人の話し声が夜中まで聞こえたのと、夜中に廊下で大声で話してる他の宿泊客が気になりました。,Yuka,bookingcom_2305841_d280e0570cf4e7804c0da58c07ffc1da
false,Booking.com,9,2026-02-19,,,,,,,Georgios,bookingcom_2305841_8a8f42fab02c1123567b27420986fb6e
false,Booking.com,10,2026-02-19,,,,,,,や,bookingcom_2305841_d925ef434c2005f5f0ebe853199a574f
false,Booking.com,9,2026-02-19,,,,,,,Geoff,bookingcom_2305841_5b379d37f609af271f2a2e11ab8eac87
false,Trip.com,10,2026-02-19,設施：設施齊全，化粧鏡，全身穿衣鏡都有，吹風機特別好用！！  環境：酒店一樓就是餐廳，餐廳環境也很舒適  服務：可以提前寄存行李，特別方便。,,,設備：化粧鏡や全身鏡など、設備が充実しています。ヘアドライヤーは特に便利です！ 環境：レストランはホテルの1階にあり、レストランの環境もとても快適です。 サービス：荷物を事前に預かってもらえるので、とても便利です。,,,ゲ‍ス‍ト,trip_1849825909
false,Booking.com,10,2026-02-18,,Nous avons passé un bon séjour. Le personnel est très accueillant et au petit soin. Merci à eux !  Le petit déjeuner est varié et délicieux. La literie est très agréable et le quartier est très calme,,,素晴らしい滞在でした。スタッフの方々はとても親切で、気配りも行き届いていました。ありがとうございました！朝食は種類豊富で美味しかったです。寝具はとても快適で、周辺はとても静かでした。,,Ingrid,bookingcom_2305841_783f77c8b81d6dc2f8c1d0968af8a631
false,Booking.com,10,2026-02-18,,Café da manhã e conforto .,Tem muitas opções de transporte público mas precisa caminhar uns 10-15 minutos  para chegar nas estações de metrô ou trem.,,朝食と快適な空間。,公共交通機関の選択肢はたくさんありますが、地下鉄や鉄道駅までは徒歩で10～15分ほどかかります。,Patricia,bookingcom_2305841_1d499d6d66ff8415303d0c426a93e4d2
false,Booking.com,7,2026-02-18,,,,,,,Danila,bookingcom_2305841_95cc9758bac3d372a1f291f3cc9c663c
false,Booking.com,9,2026-02-18,,,,,,,You,bookingcom_2305841_7650727e5c2406cd6b89f1ac54171386
false,Google,5,2026-02-18,温かいおもてなし、素晴らしい朝食、静かな雰囲気、そして地下鉄への近さ（徒歩 5 分）が、このホテルを東京観光の拠点として最適にしています 👌,,,温かいおもてなし、素晴らしい朝食、静かな雰囲気、そして地下鉄への近さ（徒歩 5 分）が、このホテルを東京観光の拠点として最適にしています 👌,,,Thibaud Varrasse,google_ChIJz8OtRayOGGAR4-DE9AFnYn8_7007e290625f75dba8266242443b2d83
false,Trip.com,10,2026-02-18,很不錯 位置有點遠,,,とても良いのですが、場所が少し遠いです。,,,ゲ‍ス‍ト,trip_1848825405
false,Google,5,2026-02-18,"L'accueil, le petit déjeuner excellent, la quiétude des lieux, et la proximité du métro (5 min. de marche) font de cet hôtel un point de chute parfait pour visiter Tokyo 👌",,,温かいおもてなし、素晴らしい朝食、静かな雰囲気、そして地下鉄駅まで徒歩5分という近さで、このホテルは東京観光の拠点として最適です👌,,,Thibaud Varrasse,google_ChIJz8OtRayOGGAR4-DE9AFnYn8_9e41c50d64f1445c3428e5ff0b003ca4
false,Booking.com,10,2026-02-17,,,,,,,Susana,bookingcom_2305841_0944ba77636e6fbbe4d7ac20fc2ddec6
false,Booking.com,9,2026-02-17,,Everything!,The pillows were a bit too firm (for our preference),,すべて！,枕は（私たちの好みからすると）少し硬すぎました。,Alexandra,bookingcom_2305841_1581be7182707cd4957b5d78963181e6
false,Booking.com,8,2026-02-17,,,,,,,Francesco,bookingcom_2305841_dc1dd159ab9e2c559ba0c3e96542a78f
false,Trip.com,10,2026-02-16,"Мы покупали маленький номер, все как на картинке. Нам было тесновато, но мы были готовы. Рядом станция метро",,,写真通りの小さな部屋を予約しました。少し狭かったですが、覚悟はしていました。近くに地下鉄の駅があります。,,,ゲ‍ス‍ト,trip_1846895496
false,Google,5,2026-02-16,,,,,,,Wil Be,google_ChIJz8OtRayOGGAR4-DE9AFnYn8_0fe6ffab3f724de68b2981bdb14c2d7c
false,Trip.com,9,2026-02-16,깨끗하고 조용합니다. 위치가 다소 아쉽네요.,,,清潔で静かです。場所がやや残念ですね。,,,ゲ‍ス‍ト,trip_1847365308
false,Booking.com,10,2026-02-16,,,,,,,Kevin,bookingcom_2305841_dff4dda636a7779433711cf996cb331a
false,Booking.com,8,2026-02-15,,,,,,,Lawrencia,bookingcom_2305841_3f5cec4abafcf5121d3278b358558c90
false,Booking.com,10,2026-02-15,,"I had a wonderful stay at Comfort Hotel Era Tokyo and would like to sincerely thank the entire staff. Everyone was exceptionally kind, professional, and attentive, always ready to help with genuine courtesy.   The breakfast was excellent, well organized, and offered a great variety, making each morning a pleasure.  What truly stood out were the many small thoughtful details and attentions that made me feel welcomed and cared for throughout my stay. These gestures reflect a high standard of hospitality and a deep respect for guests.  I would happily stay here again and highly recommend this hotel to anyone visiting Tokyo. Thank you for a truly pleasant experience.  Federica",,,コンフォートホテルエラ東京での滞在は素晴らしいものでした。スタッフの皆様に心より感謝申し上げます。皆様は大変親切でプロフェッショナル、そして細やかな気配りをしてくださり、常に真心を込めた礼儀をもって対応してくださいました。朝食は素晴らしく、種類も豊富で、毎朝が楽しみでした。特に印象的だったのは、滞在中ずっと私を温かく迎え、大切にしてくださった細やかな心遣いと配慮の数々です。こうした心遣いは、高い水準のおもてなしと、お客様への深い敬意の表れだと感じました。ぜひまたこのホテルに泊まりたいですし、東京を訪れるすべての方に自信を持っておすすめします。本当に素晴らしい滞在をありがとうございました。フェデリカ,,Federica,bookingcom_2305841_02087bccd6f76f968eb19c9150ee5398
false,Booking.com,8,2026-02-15,,,,,,,Xavier,bookingcom_2305841_cc5d00e2130a5e7e9e86cceb17f5611b
false,Booking.com,10,2026-02-15,,,,,,,Monica,bookingcom_2305841_b518456275186986d90d520220f47bcd
false,Booking.com,10,2026-02-15,,,,,,,Bogdan,bookingcom_2305841_0b092064b7e9b3f96cce2c714e4b4efd
false,じゃらん,5,2026-02-15,第一ホテル両国の「清澄」というイベント会場で、自分にとって恩人の様な方のバレンタインライブが開催される際に利用しました。  今回のプランはチェックインの時間も早く、会場からも30分かからない距離で行く事が出来るので選びました。  カフェスペースも有り、チェックイン前も珈琲やハーブティーを堪能する事も出来ます。14時から夕方17時まで人形焼きが食べれるサービスも有ります。ドリンクサービスは24時までやってます。  ロビーの壁紙で知りましたが、ホテルの近くには亀屋大和という団子屋さんが有ります。  みたらし団子や草団子、いちご大福等販売しており、カフェスペースのお茶や珈琲とも相性が良いです。団子が凄く好きなので、美味しい団子屋を発見出来るのは良いですね。  夜は17時から23時まで有料でお酒を飲む事も出来ます。ナッツやドライフルーツ等のおつまみも用意されています。自分はお酒は飲みませんが、ここまで充実してるのは凄いなと思いました。  何より驚いたのがフットマッサージ機やヘアアイロン、ハンドマッサージ機(名称が分かりませんが)の貸出も在庫の有無次第で行ってる事です。気になってたのでフットマッサージ機をレンタルしました。  マッサージ機で足をマッサージするのなんて何年ぶりでしょうか…小さい頃銭湯で興味本位でやった事あったけどそれ以来かな。気持ち良かったです。  朝食も利用しました。  じゃが芋のグリル、かき揚げそば、雑穀米のお粥、焼き鯖やトマトハンバーグ、パンケーキ等、メニューも豪華でした。デザートにはプチケーキも有り、ブルーベリーのスムージーも美味しかったです。  サービスの充実生も高く、両国からも近い上に朝から栄養満点の食事を摂る事が出来て頼もしかったです。  また機会があれば宜しくお願いします。  ありがとうございました。,,,第一ホテル両国の「清澄」というイベント会場で、自分にとって恩人の様な方のバレンタインライブが開催される際に利用しました。  今回のプランはチェックインの時間も早く、会場からも30分かからない距離で行く事が出来るので選びました。  カフェスペースも有り、チェックイン前も珈琲やハーブティーを堪能する事も出来ます。14時から夕方17時まで人形焼きが食べれるサービスも有ります。ドリンクサービスは24時までやってます。  ロビーの壁紙で知りましたが、ホテルの近くには亀屋大和という団子屋さんが有ります。  みたらし団子や草団子、いちご大福等販売しており、カフェスペースのお茶や珈琲とも相性が良いです。団子が凄く好きなので、美味しい団子屋を発見出来るのは良いですね。  夜は17時から23時まで有料でお酒を飲む事も出来ます。ナッツやドライフルーツ等のおつまみも用意されています。自分はお酒は飲みませんが、ここまで充実してるのは凄いなと思いました。  何より驚いたのがフットマッサージ機やヘアアイロン、ハンドマッサージ機(名称が分かりませんが)の貸出も在庫の有無次第で行ってる事です。気になってたのでフットマッサージ機をレンタルしました。  マッサージ機で足をマッサージするのなんて何年ぶりでしょうか…小さい頃銭湯で興味本位でやった事あったけどそれ以来かな。気持ち良かったです。  朝食も利用しました。  じゃが芋のグリル、かき揚げそば、雑穀米のお粥、焼き鯖やトマトハンバーグ、パンケーキ等、メニューも豪華でした。デザートにはプチケーキも有り、ブルーベリーのスムージーも美味しかったです。  サービスの充実生も高く、両国からも近い上に朝から栄養満点の食事を摂る事が出来て頼もしかったです。  また機会があれば宜しくお願いします。  ありがとうございました。,,,YTさん,jalan_355819_59c24df8712e8ec7c3167c6d7285098a
false,Trip.com,10,2026-02-14,Были в Токио впервые и благодаря комфортному пребыванию в отеле этот опыт был еще приятнее. Спасибо большое всему персоналу за профессионализм и отличные завтраки!),,,東京は初めてでしたが、快適なホテルでの滞在のおかげで、さらに楽しい時間を過ごすことができました。スタッフの皆様のプロ意識の高い対応と素晴らしい朝食に感謝いたします！,,,ゲ‍ス‍ト,trip_1845152348
false,Trip.com,10,2026-02-14,交通：比較便利，周邊jr，地鐵也就10分鐘以內步行。  衞生：衞生乾淨，整潔；  服務：房間收拾的人感覺不專業，把我放床上睡衣（我自己疊好）還有被子亂丟，直接丟書桌和凳子，可以看照片。前台很有禮貌,,,交通アクセス：JR線と地下鉄の駅が徒歩10分圏内にあり、非常に便利です。清潔さ：清潔で整頓されています。サービス：客室清掃員はプロ意識に欠けているように見えました。パジャマはベッドの上に放置され（自分で畳みました）、毛布は机や椅子の上にも散乱していました（写真参照）。フロントのスタッフはとても丁寧でした。,,,L‍i‍z‍i‍c‍u‍i‍c‍u‍i,trip_1845426691
false,Trip.com,10,2026-02-14,房間很舒適，細節很到位，空間也還比較的大，出行比較方便，我覺得下次來東京，我可能還會考慮這些酒店服務也很温暖,,,部屋はとても快適で、細部まで行き届いた配慮が感じられ、広さも十分でした。移動にも大変便利でした。次回東京に来る際も、ぜひこのホテルに泊まりたいと思います。ホテルのサービスもとても温かく、気持ちの良いものでした。,,,F‍e‍n‍g‍z‍h‍o‍n‍g‍x‍i‍a‍o‍s‍a‍n‍s‍h‍a‍o,trip_1845805123
false,Booking.com,10,2026-02-14,,,,,,,Laszlo,bookingcom_2305841_8aba6b812e5dbb2d056daf69f5ba6638
false,Booking.com,10,2026-02-14,,Staff is friendly and helpful. Room is clean and not very small.,,,スタッフは親切で協力的です。部屋は清潔で、それほど狭くありません。,,Hsuan,bookingcom_2305841_06e5d3694b8b00389fe7f2c7a8651120
false,Booking.com,10,2026-02-14,,,,,,,Jin,bookingcom_2305841_4c8c85d6ca92f2e97356afd0b93c6be6
false,Booking.com,7,2026-02-14,,,,,,,Mingyao,bookingcom_2305841_8575ba1fe8a379b4f145002c87dea4fb
false,Trip.com,10,2026-02-13,Very clean Hotel in a great location for grabbing a train.,,,とても清潔なホテルで、電車に乗るのに絶好のロケーションです。,,,ゲ‍ス‍ト,trip_1844486410
false,Google,5,2026-02-13,子供は追加料金なしでダブルルームに同室でき、さらにトリプルルームに無料でアップグレードしてもらえました。広々とした空間で、毎日セルフサービスのコーヒーと軽食が用意されていました。朝食は種類が豊富で、特にフレッシュジュースが気に入りました。スタッフの対応もとても丁寧で、完璧でした。,,,子供は追加料金なしでダブルルームに同室でき、さらにトリプルルームに無料でアップグレードしてもらえました。広々とした空間で、毎日セルフサービスのコーヒーと軽食が用意されていました。朝食は種類が豊富で、特にフレッシュジュースが気に入りました。スタッフの対応もとても丁寧で、完璧でした。,,,沈玉涵,google_ChIJz8OtRayOGGAR4-DE9AFnYn8_33298d07a50eee6620bf780abf53e312
false,Google,3,2026-02-13,まあまあ普通 駅から遠い,,,まあまあ普通 駅から遠い,,,吉井雄二,google_ChIJz8OtRayOGGAR4-DE9AFnYn8_82aaf40cf2942a31652a7447be6c4d54
false,Google,5,2026-02-13,孩子不加錢可同住雙人房，還免費升級為三張床，空間很足夠，每天還有咖啡和小心點自助使用，早餐樣式多，最喜歡現打果汁，服務人員都很貼心，很完美,,,子供は追加料金なしでダブルルームに泊まることができましたが、私たちは無料でトリプルルームにアップグレードしてもらえました。部屋は広々としていて、毎日セルフサービスのコーヒーと軽食が用意されていました。朝食は種類豊富で、特に絞りたてのジュースが気に入りました。スタッフの方々もとても親切で、完璧でした。,,,沈玉涵,google_ChIJz8OtRayOGGAR4-DE9AFnYn8_e3c8a369ec4a3ed15eee4d6d9c5ae661
false,Booking.com,9,2026-02-12,,,,,,,Nikita,bookingcom_2305841_76cfa073d709088828c2674171c64825
false,Booking.com,9,2026-02-12,,,,,,,Jade,bookingcom_2305841_8e54ef3d425488a9d509a1585d4f785c
false,Google,5,2026-02-12,,,,,,,Luc Zhang,google_ChIJz8OtRayOGGAR4-DE9AFnYn8_2fd22aff3186e55e2be488158d87efb8
false,Agoda,10,2026-02-12,今も滞在中ですが、部屋もホテル内もとても清潔で、スタッフの皆さん親切でとても気持ちよく快適に過ごさせて頂くことが出来ています。有難うございます。,,,今も滞在中ですが、部屋もホテル内もとても清潔で、スタッフの皆さん親切でとても気持ちよく快適に過ごさせて頂くことが出来ています。有難うございます。,,,Yukie,agoda_3326011_0c61334fce0cbf3a224bfcffcd0964db
false,Booking.com,10,2026-02-11,,,,,,,Magdalena,bookingcom_2305841_37b73e994c3d92133ee1c418771a5eff
false,Booking.com,9,2026-02-11,,,,,,,Georgia,bookingcom_2305841_c9a32df485a3bca6c28b1977a4a7680e
false,Booking.com,10,2026-02-11,,,,,,,Kuan,bookingcom_2305841_8285c303a370541a40f4e636ede6375c
false,Booking.com,7,2026-02-10,,,,,,,Stephanie,bookingcom_2305841_6b5189889f06f3f55c9b65a5c946a8f5
false,Booking.com,9,2026-02-10,,"Staff gentilissimo, colazione abbondante.",Stanza molto piccola,,スタッフはとても親切で、朝食も豊富でした。,とても小さな部屋,Valeria,bookingcom_2305841_6030fee5575c04d5721849ada1ea8520
false,Booking.com,10,2026-02-10,,"Estava tudo muito bom, limpo, confortável, café da manhã gostoso e a equipe muito simpática e prestativa. A localização é perfeita, perto de uma estação de metrô em um local tranquilo. Recomendo.",Nada,,全てが素晴らしかったです。清潔で快適、朝食も美味しく、スタッフの方々もとても親切で助かりました。立地も最高で、地下鉄の駅に近く、静かなエリアにあります。おすすめです。,何もない,Regina,bookingcom_2305841_eea2f87d646eb8cf2a91d32239f60d89
false,Booking.com,10,2026-02-10,,,,,,,Rento,bookingcom_2305841_28dfeea8c5668940c9ca4d1817bede0c
false,Booking.com,10,2026-02-09,,,,,,,Ti-kai,bookingcom_2305841_90ddcf309272733fab28fc50c2b16414
false,Booking.com,10,2026-02-09,,房間很乾淨！空間足夠。早餐豐盛美味。,,,部屋はとても清潔でした！広さも十分でした。朝食も量が多くて美味しかったです。,,Chiao,bookingcom_2305841_7bb24bdd340014a94c05e16c4b0b2057
false,楽天トラベル,5,2026-02-08,綺麗で朝食もバラエティに富んでいて快適でした。 お風呂の匂いがちょっと気になりました。 化粧水のアメニティがあれば嬉しいです。,,,綺麗で朝食もバラエティに富んでいて快適でした。 お風呂の匂いがちょっと気になりました。 化粧水のアメニティがあれば嬉しいです。,,,happytomeet,rakuten_160785_4807a87de1d82a3f03ed8b49c8281ed4
false,Booking.com,9,2026-02-07,,Muy bueno limpio agusto gente muy amable pero nada cerca todo en taxi,Ubicación Espacio para guardar ropa,,とても良くて、清潔で、快適で、人々もとてもフレンドリーですが、近くには何もありません。すべてタクシーで行く必要があります。,場所：衣類収納スペース,Monica,bookingcom_2305841_b73434cc01eee0de59295b4e2d02db31
false,Booking.com,8,2026-02-07,,,,,,,Mei,bookingcom_2305841_6eac48f605673790633dc8f77453c196
false,Booking.com,10,2026-02-07,,"Séjour parfait ! Logement propre, confortable et très bien situé. Hôte réactif et accueillant. Je recommande sans hésiter.",,,最高の滞在でした！清潔で快適、立地も抜群です。ホストの方も親切で対応も迅速でした。強くお勧めします。,,Marie-lou,bookingcom_2305841_7ee792e99d91a91058641c2cb9c81a97
false,Booking.com,8,2026-02-07,,Las habitaciones un poco pequeñas. Por lo demás muy bien,,,部屋は少し狭いですが、それ以外はとても良かったです。,,Marta,bookingcom_2305841_fe9a7ca17de2469b3a092062f6f1994c
false,Booking.com,8,2026-02-06,,,,,,,Hikaru,bookingcom_2305841_724d488870655f394aa0959a238b83d8
false,Booking.com,8,2026-02-06,,Room size and comfort of bed.,Curtains were a little dirty.  No storage in the room.  Being located closer to a train station would have been ideal.,,部屋の広さとベッドの快適さ。,カーテンが少し汚れていた。部屋に収納スペースがなかった。駅にもっと近ければ理想的だった。,Elizabeth,bookingcom_2305841_0cde71cfb6c1b3bd6c10bc4e50872a6f
false,Trip.com,10,2026-02-05,酒店很乾凈整潔 地理位置也很好 工作人員也熱情,,,ホテルはとても清潔で整頓されていて、立地も素晴らしく、スタッフの方々もとても親切でした。,,,H‍u‍n‍a‍n‍h‍u‍o‍j‍i‍a‍n‍h‍u‍a,trip_1836378871
false,Trip.com,10,2026-02-05,"Уже не в первый раз останавливаемся в данном отеле. Прекрасное соотношение цены и качества, очень приятный персонал.",,,このホテルに宿泊するのは今回が初めてではありません。コストパフォーマンスが素晴らしく、スタッフもとても親切です。,,,ゲ‍ス‍ト,trip_1836950622
false,Booking.com,10,2026-02-05,,,,,,,Kuangchun,bookingcom_2305841_b4141dcb52ed1abcf464a3f7a5eb7bd0
false,Booking.com,10,2026-02-04,,,,,,,Ko,bookingcom_2305841_6e6f2fb13efb48efd632bfdd7ca0ef1e
false,Booking.com,9,2026-02-04,,Amazing location and super friendly staff!,Nothing to say here,,素晴らしいロケーションと、とてもフレンドリーなスタッフ！,ここでは何も言うことはありません,Ciriaco,bookingcom_2305841_4783d3f36cea6a517172ccaa84c543c6
false,Booking.com,10,2026-02-03,,"La posizione, il personale, la sala relax in cui prendere gratuitamente bevande e snacks, la stanza pulita",Nulla,,立地、スタッフ、無料の飲み物や軽食が楽しめるリラクゼーションルーム、清潔な部屋,何もない,Alessandra,bookingcom_2305841_2348880b7bb908969b31528eae0ac6fd
false,Booking.com,9,2026-02-03,,"La posizione, la pulizia, la libreria a disposizione degli ospiti dell’albergo","C’era poco spazio nella stanza per appoggiare le valigie, però le dimensioni sono in linea con una qualsiasi stanza a Tokyo e tutto sommato non è stato un grosso problema per noi rispetto ai molti vantaggi",,立地、清潔さ、ホテル宿泊客が利用できる図書館,部屋にはスーツケースを置くスペースがほとんどなかったが、広さは東京のどの部屋とも同じくらいで、多くの利点に比べれば、私たちにとっては大きな問題ではなかった。,Filippella,bookingcom_2305841_714fb4397864f704135b94333098df35
false,Booking.com,10,2026-02-03,,"La ubicación es perfecta, las habitaciones amplias. Tiene todo. El desayuno bueno.","Lo pone en los otros comentarios pero es verdad que hay pocas lavadoras, nosotros tuvimos suerte y pudimos montarlo bien pero a la noche hay mucha cola.",,立地は最高で、部屋も広々としています。必要なものはすべて揃っています。朝食も美味しいです。,他のコメントにも書いてありますが、確かに洗濯機の台数は少ないです。私たちは運良くちゃんと設置できましたが、夜は長蛇の列ができています。,Judit,bookingcom_2305841_6698bc10d89ae581cedeec33a76fd2ee
false,Google,5,2026-02-03,"Great, low key establishment. Suited me well.",,,素晴らしくて、気取らないお店でした。私にはぴったりでした。,,,Geoff McRobinson,google_ChIJz8OtRayOGGAR4-DE9AFnYn8_40405803401451039b430c866f1e0f30
false,Booking.com,7,2026-02-03,,Discreto buono,,,かなり良い,,Di,bookingcom_2305841_9c2e3ad2719b4a3cb568830aac2456a2
false,Booking.com,10,2026-02-03,,,,,,,Francesco,bookingcom_2305841_008526448f4d32b0643704e8e7b150e1
false,Booking.com,10,2026-02-03,,,,,,,Samet,bookingcom_2305841_8cb1281e11ddb3cb94d25db49a89bc61
false,Booking.com,9,2026-02-03,,"Dobre, zróżnicowane śniadania.  Duże -- jak na japońskie standardy -- pokoje.  Przyjazny personel.",,,種類豊富で美味しい朝食。日本の基準からすると広い客室。フレンドリーなスタッフ。,,Maciej,bookingcom_2305841_84587b06de1864f7fdef1fda266b982b
false,Booking.com,9,2026-02-03,,,,,,,Kuanyu,bookingcom_2305841_bd348466cafc9ca4618420c7281c5ccd
false,Booking.com,10,2026-02-03,,"L’hotel ha un’ottima posizione, le stanze sono spaziose. La colazione ha opzioni per clienti Europei e orientali. La cosa che ho apprezzato di più e la possibilità di fruire della sala colazione in ogni momento della giornata con possibilità di avere un caffe o un tè e nel pomeriggio dei dolcetti e la sera degli snack gratuiti. La presenza di un microonde e la possibilità di consumare un pasto caldo acquistato da noi. Il personale è molto gentile e disponibile a risolvere problemi o ad aiutare.",,,ホテルは立地が素晴らしく、客室も広々としています。朝食はヨーロッパと東ヨーロッパの両方の宿泊客向けに用意されています。私が最も気に入ったのは、コーヒーや紅茶、午後のスイーツ、そして夜には無料の軽食が提供される朝食ルームを一日中いつでも利用できる点です。電子レンジも完備されており、温かい食事を購入することもできます。スタッフはとてもフレンドリーで、問題解決やサポートにも快く対応してくれます。,,Federica,bookingcom_2305841_f695efa6b2476af9080cc65ace719c90
false,Booking.com,10,2026-02-03,,Quiet area near to metro train,None,,地下鉄駅近くの静かなエリア,なし,Kamarul,bookingcom_2305841_f06ad9f635f37d3100d5dfbb4ad6679b
false,Google,4,2026-02-03,整體而言很不錯的一間飯店，周邊有很多車站，日比谷線的小伝馬町駅，JR馬喰町駅！可以去東京車站、鎌倉和橫濱，大概都步行十分鐘左右，如果去淺草要步行大概15分鐘到東日本橋站，雖然比較遠但有地下通道！附近有711和LAWSON，買東西是非常方便的🥹 入住和退房都可以自助操作，但也有員工協助，大廳有很多行李置放的位置，大廳有提供些茶水和很多座位～工作人員也都蠻友善的！ 房間雖然比較小，一個人住是很友善的～也有桌子和椅子，都很乾淨，冰箱只有冷藏沒有冷凍功能🥺沒有提供瓶裝水，大廳有放置備品可以自取！還有電捲棒可以租借～～非常推薦😌附近是商業區的關係蠻安靜的，不過就比較少餐廳，退房時間比較早，大概是10點！要再多多注意！,,,全体的にとても素敵なホテルです。日比谷線の光伝馬町駅やJR線の粟馬町駅など、近くに駅がたくさんあります！東京駅、鎌倉、横浜までは徒歩約10分です。浅草に行くには、東日本橋駅まで徒歩約15分ですが、少し遠いですが地下通路があります！近くにセブンイレブンやローソンがあるので、買い物にはとても便利です🥹。チェックインとチェックアウトはセルフサービスですが、スタッフがお手伝いします。ロビーには荷物預かり所がたくさんあり、お茶や座席もあります。スタッフもとてもフレンドリーです！部屋は比較的小さいですが、1人なら快適です。テーブルと椅子があり、とても清潔です。冷蔵庫は冷蔵機能のみで、冷凍機能はありません🥺。ボトルウォーターは提供されていませんが、ロビーにバスアメニティがあります。ヘアアイロンもレンタルできます – 非常におすすめです😌。商業地区にあるため、とても静かですが、レストランは比較的少ないです。チェックアウト時間は午前10時頃とかなり早いので、その点にご注意ください。,,,Keke C,google_ChIJz8OtRayOGGAR4-DE9AFnYn8_33d7c34a5a2828d5c59c003533065b38
false,Google,5,2026-02-03,素晴らしい、控えめな雰囲気のお店。私にぴったりでした。,,,素晴らしい、控えめな雰囲気のお店。私にぴったりでした。,,,Geoff McRobinson,google_ChIJz8OtRayOGGAR4-DE9AFnYn8_8124f7c1a134b5d85baa2bb637661a38
false,Google,4,2026-02-03,全体的にとても素敵なホテルです。日比谷線の小伝馬町駅やJR線の幕間町駅など、近くには多くの駅があります！東京駅、鎌倉、横浜までは徒歩約10分です。浅草へは少し遠いですが、地下道があるので東日本橋駅まで徒歩約15分です！近くにセブンイレブンとローソンがあるので、買い物にもとても便利です🥹。チェックインとチェックアウトはセルフサービスですが、スタッフがお手伝いします。ロビーには荷物預かりスペースが充実しており、お茶と座席も用意されています。スタッフもとても親切です！  部屋は比較的こじんまりとしていますが、一人で泊まるにはちょうど良い広さです。テーブルと椅子があり、とても清潔です。冷蔵庫は冷蔵機能のみで、冷凍機能はありません🥺。ボトルウォーターは提供されていませんが、ロビーにアメニティが用意されています。ヘアアイロンのレンタルもございますので、ぜひご利用ください😌。商業地区にあるため、比較的静かですが、レストランは比較的少ないです。チェックアウトは午前10時頃とかなり早いので、ご注意ください！,,,全体的にとても素敵なホテルです。日比谷線の小伝馬町駅やJR線の幕間町駅など、近くには多くの駅があります！東京駅、鎌倉、横浜までは徒歩約10分です。浅草へは少し遠いですが、地下道があるので東日本橋駅まで徒歩約15分です！近くにセブンイレブンとローソンがあるので、買い物にもとても便利です🥹。チェックインとチェックアウトはセルフサービスですが、スタッフがお手伝いします。ロビーには荷物預かりスペースが充実しており、お茶と座席も用意されています。スタッフもとても親切です！  部屋は比較的こじんまりとしていますが、一人で泊まるにはちょうど良い広さです。テーブルと椅子があり、とても清潔です。冷蔵庫は冷蔵機能のみで、冷凍機能はありません🥺。ボトルウォーターは提供されていませんが、ロビーにアメニティが用意されています。ヘアアイロンのレンタルもございますので、ぜひご利用ください😌。商業地区にあるため、比較的静かですが、レストランは比較的少ないです。チェックアウトは午前10時頃とかなり早いので、ご注意ください！,,,Keke C,google_ChIJz8OtRayOGGAR4-DE9AFnYn8_f696aa70b216c836f7007d84dfeaa5b8
false,Booking.com,9,2026-02-01,,"Accoglienza, breakfast, pulizia e posizionev","Poche prese per ricaricare, poco spazio per i bagagli",,ようこそ、朝食、清潔さ、そして立地,充電用のコンセントが少なく、荷物を置くスペースも限られている。,Vincontix,bookingcom_2305841_e46f5b066160b43850e1e23b49de435f
false,Booking.com,10,2026-02-01,,,,,,,Antoine,bookingcom_2305841_842e028edcb6b5a966981ec416ae427f
false,Booking.com,10,2026-02-01,,,,,,,一豪,bookingcom_2305841_d8bef59cd83728202a340f1844125533
false,Booking.com,8,2026-03-31,,,,,,,Lorenzo,bookingcom_2305841_a96e8f71351fbe70573b70189c0dd2bb
false,Booking.com,9,2026-03-31,,,,,,,Sharby,bookingcom_2305841_aa59fd459b2658aa021f7c55b3ea1291
false,楽天トラベル,5,2026-03-31,ホテルの方々が本当に親切でした。 分かりやすい場所に有り、不自由無く過ごせました。 外国人の方の利用が多いようで不安でしたが、たまたま玄関先でタバコを吸っている外国人3人が居る所に遭遇したのですが、ホテルの方が見るなり、注意をしたところ、ここは外だから良いだろう？みたいな感じでしたが、敷地内は禁煙ですと、毅然とした態度を示し、外国人は退散しました。 しっかり注意して、駄目な物は駄目と、はっきりとした態度に、良くやった‼️と、心から拍手しました。外国人相手は、とても難しいかと思いますが、頑張ってくださいね。 お世話になりました❣️,,,ホテルの方々が本当に親切でした。 分かりやすい場所に有り、不自由無く過ごせました。 外国人の方の利用が多いようで不安でしたが、たまたま玄関先でタバコを吸っている外国人3人が居る所に遭遇したのですが、ホテルの方が見るなり、注意をしたところ、ここは外だから良いだろう？みたいな感じでしたが、敷地内は禁煙ですと、毅然とした態度を示し、外国人は退散しました。 しっかり注意して、駄目な物は駄目と、はっきりとした態度に、良くやった‼️と、心から拍手しました。外国人相手は、とても難しいかと思いますが、頑張ってくださいね。 お世話になりました❣️,,,ブラウンA,rakuten_160785_507f3c93ed3a7e0903a9a997d29a38ca
false,Booking.com,10,2026-03-31,,Close to the shops. Breakfast was great.,,,お店が近くにあって便利でした。朝食も素晴らしかったです。,,Victoria,bookingcom_2305841_915e270d01bff29d7f93a8f4c3b4d314
false,楽天トラベル,5,2026-03-30,スタッフさんの対応がとてもよくて又来たいなと思いました。 ,,,スタッフさんの対応がとてもよくて又来たいなと思いました。 ,,,ピッコトラ,rakuten_160785_c60e9bb9b1aff3a6ad4c1b971f052267
false,Booking.com,10,2026-03-30,,いつも、変わりなく場所が変わっても快適で、安心,,,いつも、変わりなく場所が変わっても快適で、安心,,Manami,bookingcom_2305841_b878bf48bc6e836ee3830ccda1298c8a
false,Booking.com,8,2026-03-30,,"Cleanliness, convenience, breakfast.",Staff.,,清潔さ、利便性、朝食。,スタッフ。,Vinod,bookingcom_2305841_5429c99025f17e42e0a6770bc6e9478e
false,Agoda,10,2026-03-30,,いつも、変わりなく場所が変わっても快適で、安心,,,いつも、変わりなく場所が変わっても快適で、安心,,Manami,agoda_3326011_b878bf48bc6e836ee3830ccda1298c8a
false,Trip.com,10,2026-03-29,Good hotel had everything needed for a Tokyo stay,,,良いホテルで、東京滞在に必要なものはすべて揃っていました。,,,ゲ‍ス‍ト,trip_1891191000
false,Booking.com,8,2026-03-29,,Location was good and in a quiet area. Breakfast was abundant and very diverse and the staff were always around to assist should you need anything. The hotel catered for tea and coffee out of meal hours which was fantastic and a great way and place to meet other patrons/ travellers.,Nothing - all seemed good value for the money.,,立地は良く、静かなエリアにありました。朝食は種類豊富でボリュームたっぷりで、何か必要なことがあればいつでもスタッフが対応してくれました。ホテルでは食事時間外にも紅茶やコーヒーを提供してくれて、とても素晴らしく、他の宿泊客や旅行者と交流する絶好の機会にもなりました。,特に問題はなかった。すべて価格に見合った価値があったように思えた。,Julia,bookingcom_2305841_575b9984ea7fa09df120af241c3226b4
false,Booking.com,9,2026-03-29,,"La struttura é molto pulita, le stanze più grandi dello standard. Inoltre l'hotel fornisce 24h su 24 bevande gratis in una saletta accanto alla hall. Colazione varia e buona per soli 9€.  La posizione anche se non è centrale è ben fornita da 2 stazioni metro, la zona è tranquilla e sicura. Lo consiglio fortemente.",,,ホテルはとても清潔で、客室は平均よりも広々としています。ロビー横のラウンジでは24時間いつでも無料のドリンクが楽しめます。朝食は種類豊富で、わずか9ユーロで満足できます。中心部からは少し離れていますが、地下鉄駅が2つ近くにあり、周辺は静かで安全です。非常におすすめです。,,Hilaria,bookingcom_2305841_2102641dc2562948f0359755263d990e
false,Google,5,2026-03-29,駅、セブンイレブン、ローソン、ファミリーマートが近くにあり、とても便利な立地です。部屋も広々としています。,,,駅、セブンイレブン、ローソン、ファミリーマートが近くにあり、とても便利な立地です。部屋も広々としています。,,,Unyawee Seri,google_ChIJz8OtRayOGGAR4-DE9AFnYn8_29163791bde23adeea314cd8b5156aa2
false,Google,5,2026-03-29,"สะดวกมากๆ ใกล้รถไฟ ใกล้ 7-11, lowson, family mart ห้องกว้าง",,,駅、セブンイレブン、ローソン、ファミリーマートが近くにあり、とても便利な立地です。部屋も広々としています。,,,Unyawee Seri,google_ChIJz8OtRayOGGAR4-DE9AFnYn8_67f6a5f378f2e3fe40f7e0fe8f7cd760
false,楽天トラベル,4,2026-03-28,部屋も風呂も清潔で適度に広く、過ごしやすかったです。朝食も野菜が多く体調が整いました。又泊まりたいと思いました。 難点を言えば、馬喰町駅が近いのですがスーツケースを抱えて階段を上がるのが辛かったです。それが嫌で帰りは神田まで行きましたが、ちょっと歩くので、荷物が少ない時なら良かったです。,,,部屋も風呂も清潔で適度に広く、過ごしやすかったです。朝食も野菜が多く体調が整いました。又泊まりたいと思いました。 難点を言えば、馬喰町駅が近いのですがスーツケースを抱えて階段を上がるのが辛かったです。それが嫌で帰りは神田まで行きましたが、ちょっと歩くので、荷物が少ない時なら良かったです。,,,不明,rakuten_160785_9012724c22761ae6eadf5aa2f2a15bad
false,Trip.com,10,2026-03-27,很優的旅店，乾淨、安靜、舒服 離地鐵站約6～8分鐘，也很方便😊👍,,,素晴らしいホテルです。清潔で静かで快適でした。地下鉄の駅から徒歩6～8分ほどで、とても便利です。😊👍,,,C‍H‍I‍U‍ ‍h‍u‍n‍g‍ ‍S‍H‍U,trip_1888832272
false,Booking.com,10,2026-03-27,,,,,,,Eugen,bookingcom_2305841_5f76f08e69a5287251b299cf1ee4e248
false,Trip.com,10,2026-03-26,"Отличное расположение отеля, близко к станциям метро и Акихибаре. Из минусов, постоянно много людей на завтраке (в любое время). Из-за этого ждешь, пока пополнят какую то стойку.  В остальном только положительные впечатления, доброжелательный персонал,  в номере удобно расположить чемодан ( во многих других отелях номера были еще меньше)",,,ホテルの立地は素晴らしく、地下鉄の駅や秋葉原にも近い。難点は、朝食会場が常に混雑しているため、補充されるまで待たなければならないことだ。それ以外はすべて満足だった。スタッフは親切で、部屋もスーツケースを置くのに十分な広さだった（他の多くのホテルの部屋はもっと狭かった）。,,,ゲ‍ス‍ト,trip_1887948044
false,Booking.com,8,2026-03-26,,朝食がおいしい　フロントが優しい,駅からすこし歩く 飲食店がまわりに少ない,,朝食がおいしい　フロントが優しい,駅からすこし歩く 飲食店がまわりに少ない,Yamazaki,bookingcom_2305841_c32ab2661b036db47dbab6f5679855b2
false,Trip.com,7,2026-03-25,The first night was quite noisy with banging from another room and the curtains were quite thin so the sun shone through very easily in the morning. The room was just what we needed for a few nights stay in Tokyo and the staff were very welcoming and friendly. The luggage store was easy to use and convenient,,,最初の夜は隣室からの物音がかなりうるさく、カーテンも薄かったので朝は太陽の光が簡単に差し込んできました。部屋は東京での数泊の滞在にはちょうど良く、スタッフはとても親切でフレンドリーでした。荷物預かり所は使いやすく便利でした。,,,ゲ‍ス‍ト,trip_1887455790
false,Booking.com,10,2026-03-25,,,,,,,Anling,bookingcom_2305841_5123ba4b390af5a584c47a58631259d2
false,Booking.com,9,2026-03-24,,,,,,,Marlee,bookingcom_2305841_5c83dbc11ae7fb3760cdf6bc146d63b1
false,Trip.com,10,2026-03-24,สงบ สะดวก สบาย สะอาด,,,静かで、便利で、快適で、清潔。,,,c‍h‍a‍i‍w‍a‍t‍p‍2‍4,trip_1885851038
false,Trip.com,10,2026-03-24,東京酒店既size算唔錯呀，開到喼。雖然酒店位置唔算十分方便鐵路，要行大約10 分鐘先到地鐵站，但房間清潔，職員有禮貌笑容，大堂都有野飲同nuts供應，去機場坐淺草線一條線到達 好方便！推介大家去住！,,,東京ホテルは広さも十分で、スーツケースも楽々収納できます。鉄道駅からは少し離れていますが（地下鉄駅まで徒歩約10分）、部屋は清潔で、スタッフは笑顔で丁寧に対応してくれます。ロビーには飲み物やナッツ類が用意されており、浅草線で空港へ行くのもとても便利です！ぜひ皆さんにおすすめします！,,,M‍1‍2‍W,trip_1886534054
false,Booking.com,10,2026-03-23,,Tutto perfetto. Alla reception tutti i ragazzi gentili e disponibili. Grazie mille,-,,全てが完璧でした。受付スタッフの方々は皆親切で、とても助かりました。本当にありがとうございました。,-,Giosue,bookingcom_2305841_8564d58d2ce8c7c9b554b64687c120aa
false,楽天トラベル,4,2026-03-23,駅からのアクセスがよかったです。着いてすぐお菓子をいただいてコーヒー等を楽しめるところも良かったです。ツインの部屋でしたが、ちょうど良い広さでした。清掃も行き届いており、快適に過ごせました。,,,駅からのアクセスがよかったです。着いてすぐお菓子をいただいてコーヒー等を楽しめるところも良かったです。ツインの部屋でしたが、ちょうど良い広さでした。清掃も行き届いており、快適に過ごせました。,,,こむぎ次郎,rakuten_160785_a9ec3f5cb3201fefc8d1c6d41201dbd9
false,Booking.com,8,2026-03-23,,"La cercanía a estaciones de tren, a sitios para comer, convis y otros.","La cama no es tan cómoda. Si eres occidental y estás acostumbrado a los hoteles como en Estados Unidos, esto puede ser particularmente difícil para ti. Los espacios son muy reducidos, mi pareja mide 1,85 y los pies se le salían de la cama.",,駅、飲食店、コンビニエンスストア、その他の生活施設へのアクセスが良い。,ベッドはあまり快適ではありません。欧米人で、アメリカのホテルのような快適さに慣れている方にとっては、特に不快に感じるかもしれません。部屋は非常に狭く、私のパートナーは身長185cmですが、ベッドの端から足がはみ出していました。,Katerin,bookingcom_2305841_b22b1d2f6c5d2fea7d0e6fe77797cf90
false,Booking.com,10,2026-03-23,,Très bon séjour dans cet hôtel ! Propre et bien situé à moins de 10mn a pied du metro. Je recommande,,,このホテルでの滞在は最高でした！清潔で立地も良く、地下鉄の駅から徒歩10分以内です。おすすめです。,,Emilie,bookingcom_2305841_221fa53ca7c897d6f53fefc04998a1e9
false,Booking.com,8,2026-03-23,,,,,,,Ralf,bookingcom_2305841_8703f5634653c109c466a46af87bf136
false,Google,4,2026-03-23,グリーンズの株主優待が利用できます。 秋葉原も近いです。 14時から17時までにチェックインすると人形焼が無料でもらえます🆓 ラウンジは広くウェルカムドリンクが飲み放題です🥤コンセントも充実しています🔌 ユニットバスは広いです。 モーニングも充実しています。パンケーキ自動製作機は面白いし美味しいです🥞,,,グリーンズの株主優待が利用できます。 秋葉原も近いです。 14時から17時までにチェックインすると人形焼が無料でもらえます🆓 ラウンジは広くウェルカムドリンクが飲み放題です🥤コンセントも充実しています🔌 ユニットバスは広いです。 モーニングも充実しています。パンケーキ自動製作機は面白いし美味しいです🥞,,,優待太郎,google_ChIJz8OtRayOGGAR4-DE9AFnYn8_8ea7f18f9bdece3a43002681e72318ec
false,Booking.com,10,2026-03-22,,"Las instalaciones, la habitación muy confortable, el personal muy amable y atento, desayuno abundante y variado y una ubicación excelente",Nada,,設備は素晴らしく、部屋はとても快適で、スタッフはとても親切で気配りが行き届いており、朝食は種類豊富でボリュームたっぷり、そして立地も最高でした。,何もない,Pradator4,bookingcom_2305841_035b7e55e42f402bbb05fc1267208422
false,Booking.com,10,2026-03-22,,"Super clean, good location, AMAZING breakfast",Room small,,とても清潔で、立地も良く、朝食も最高でした。,部屋が狭い,Malgorzata,bookingcom_2305841_bd14a486f1568c03ca8358c890a9901e
false,楽天トラベル,4,2026-03-22,チェックイン・チェックアウトが機械を通してでしたがスムーズにできて良かったです。室内やバストイレも綺麗でしたので気持ちよく利用できました。連泊でしたが2泊目はタオル類と歯ブラシ全て新しいものを届けてくださっていたのも嬉しかったです。荷物の預かりもありましたが、クローク内ではなく外に置いて網掛けされるようでしたので近くの駅のロッカーを使用しました。,,,チェックイン・チェックアウトが機械を通してでしたがスムーズにできて良かったです。室内やバストイレも綺麗でしたので気持ちよく利用できました。連泊でしたが2泊目はタオル類と歯ブラシ全て新しいものを届けてくださっていたのも嬉しかったです。荷物の預かりもありましたが、クローク内ではなく外に置いて網掛けされるようでしたので近くの駅のロッカーを使用しました。,,,さあーさん,rakuten_160785_90e2809f95d98f0956c50ca38c3a4312
false,Google,5,2026-03-21,大変温かく迎えられ、滞在を満喫しました。朝食は和食と洋食がバランスよく提供されました。一部の客室からはスカイツリーが見えます。周辺エリアも気に入りました。近くに小さなレストランがいくつかあり、多くの鉄道駅や地下鉄駅にも近いです。広めの客室（クイーンエコノミー）には、大きなスーツケース2個が楽に収まります。,,,大変温かく迎えられ、滞在を満喫しました。朝食は和食と洋食がバランスよく提供されました。一部の客室からはスカイツリーが見えます。周辺エリアも気に入りました。近くに小さなレストランがいくつかあり、多くの鉄道駅や地下鉄駅にも近いです。広めの客室（クイーンエコノミー）には、大きなスーツケース2個が楽に収まります。,,,Utz Späth,google_ChIJz8OtRayOGGAR4-DE9AFnYn8_4980565b339116e4ef962fe4ccfca2c9
false,Booking.com,10,2026-03-21,,"Ottimo rapporto qualità prezzo. Camera un po più grande della media giapponese (18mq la nostra) e onestamente fa la differenza, potevamo tranquillamente aprire tutte le valigie contemporaneamente e comunque avere spazio per camminare. Lo staff è gentilissimo. Cambio asciugamani tutti i giorni e lenzuola su richiesta. Se non si voleva la pulizia in camera comunque lasciavano asciugamani puliti fuori dalla porta. Prodotti da bagno di ottima qualità, snack gratuiti durante alcune ore del giorno. Ottima posizione, vicino a ben 3/4 linee metro (7 min a piedi), in una zona carina e tranquilla. Non c’è ristorante ma è pieno di ristoranti e kombini nei paraggi.","Alcune cose sono un po datate e sarebbero da cambiare (tende sporche, tenda della doccia)",,コストパフォーマンス抜群です。部屋は日本の平均的な広さより少し広く（私たちの部屋は18平方メートル）、正直言ってその差は歴然です。スーツケースを全部一度に開けても、まだ歩き回る余裕がありました。スタッフはとてもフレンドリーです。タオルは毎日交換され、シーツはリクエストに応じて交換してくれます。部屋の掃除を希望しない場合は、ドアの外に清潔なタオルを置いてくれます。高品質のアメニティが用意されており、時間帯によっては無料のスナックも提供されます。立地も素晴らしく、地下鉄3/4路線から徒歩7分圏内の静かで素敵なエリアにあります。ホテル内にレストランはありませんが、近くにたくさんのレストランやコンビニがあります。,いくつか時代遅れな点があり、改善が必要かもしれない（汚れたカーテン、シャワーカーテンなど）。,Debora,bookingcom_2305841_c5e04e50caa16a9405f479353c79fb2a
false,Booking.com,10,2026-03-21,,,,,,,Grit,bookingcom_2305841_4234ff65b26b6debbf8e2f0e25e0f24b
false,Booking.com,9,2026-03-20,,,,,,,Sasha,bookingcom_2305841_f1f2bc66b070ac8a33e73faf63a87c37
false,Trip.com,10,2026-03-20,"Room was clear, with a wide bed and near to the subway. Hotel employees were kind and polite.",,,部屋は清潔で、ベッドも広く、地下鉄の駅にも近かった。ホテルの従業員は親切で礼儀正しかった。,,,ゲ‍ス‍ト,trip_1881552818
false,Booking.com,8,2026-03-20,,,,,,,Birte,bookingcom_2305841_ecb91c0b6db9edad369d7d028aa6149c
false,Booking.com,10,2026-03-20,,,,,,,Chantel,bookingcom_2305841_42f3a70894a7162c8bdf1773fcdc6903
false,Google,1,2026-03-20,「朝から気分を台無しにされた。サービスは最悪」  数日間滞在しましたが、残念ながら非常に不快な印象を受けました。立地の良さも台無しです。  一番の問題は、スタッフの全くの無関心です。誕生日に合わせて旅行したので、せめて少しでも気遣い（チェックイン時の挨拶、ポストカード、ちょっとした気遣いなど、普通のホテルならよくあることです）を期待してこのホテルを選びました。ところが、受付スタッフはまるで耳が聞こえないかのように、全く反応を示しませんでした。何の気遣いも、笑顔も、「お誕生日おめでとう」という言葉もありませんでした。チェックインの際、彼らは私の生年月日が記載されたパスポートを手に持っていたにもかかわらずです。,,,「朝から気分を台無しにされた。サービスは最悪」  数日間滞在しましたが、残念ながら非常に不快な印象を受けました。立地の良さも台無しです。  一番の問題は、スタッフの全くの無関心です。誕生日に合わせて旅行したので、せめて少しでも気遣い（チェックイン時の挨拶、ポストカード、ちょっとした気遣いなど、普通のホテルならよくあることです）を期待してこのホテルを選びました。ところが、受付スタッフはまるで耳が聞こえないかのように、全く反応を示しませんでした。何の気遣いも、笑顔も、「お誕生日おめでとう」という言葉もありませんでした。チェックインの際、彼らは私の生年月日が記載されたパスポートを手に持っていたにもかかわらずです。,,,Ирина Лазарева,google_ChIJz8OtRayOGGAR4-DE9AFnYn8_d80ee83ce7ebb0e75fe5863c4d0a5a91
false,Trip.com,10,2026-03-20,Everything was perfect from check-in to checkout. We felt very welcome and cared and didn't miss a thing.,,,チェックインからチェックアウトまで、すべてが完璧でした。温かく迎えられ、細やかな気配りを感じ、何一つ不自由を感じませんでした。,,,ゲ‍ス‍ト,trip_1882224252
false,Booking.com,10,2026-03-19,,"Ci ha piaciuto tutto! Ogni sera ci siamo addormentati pensando che avevamo scelto l albergo migliore di tutti 💚 super posizione, accoglienza e pulizia top, colazione stupenda!! Torneremo volentieri, un posto meraviglioso con letti super comodi! Grazie di tutto❤️",Non c’ era nulla che non ci piacesse.,,全てが最高でした！毎晩、最高のホテルを選んだと思いながら眠りにつきました💚最高のロケーション、最高のホスピタリティと清潔さ、素晴らしい朝食！！またぜひ泊まりたいです。とても快適なベッドのある素敵な場所です！全てに感謝します❤️,気に入らない点は何もなかった。,Claudia,bookingcom_2305841_d20f995bd0929df9a817f3aca93567f1
false,Booking.com,10,2026-03-19,,朝食が美味しかった 立地が良い,,,朝食が美味しかった 立地が良い,,莉子,bookingcom_2305841_853109c4d47e51a009ceec7a1362c272
false,Booking.com,10,2026-03-19,,,,,,,Toby,bookingcom_2305841_12ace8436c64ceb907536640b58788f0
false,Google,5,2026-03-18,他の方同様に清潔感については非の打ちどころがありません。大手チェーン店ではタバコ臭かったり何かしらの不具合に見舞われますが、ここにはありませんでした。,,,他の方同様に清潔感については非の打ちどころがありません。大手チェーン店ではタバコ臭かったり何かしらの不具合に見舞われますが、ここにはありませんでした。,,,bubu bubu,google_ChIJz8OtRayOGGAR4-DE9AFnYn8_4ab7794e400bef8a6e0063446eac82fb
false,Booking.com,10,2026-03-18,,La grandeur des chambres,Un petit peu chère,,部屋の大きさ,少し高価,Sandrine,bookingcom_2305841_c24af20b0b80b2fcb376c70bdb59f44c
false,Booking.com,7,2026-03-17,,,,,,,Danchin,bookingcom_2305841_4c74ad9c3d4b0cc721dba70637ffc96f
false,Google,4,2026-03-17,位置很方便，地处几条地铁JR的交接处，楼下就是7-11。 距离浅草 秋叶原 清澄白河 都是2-3站地铁。 距离东京站 银座都在半小时内。 去新宿 涩谷也在30分钟左右。 酒店提供免费的早饭，不算精致 但应有尽有。 房间紧凑，但有可以放下2-3个箱子。 酒店性价比很高。,,,立地は非常に便利で、地下鉄とJRの複数の路線が交差する場所に位置し、階下にはセブンイレブンがあります。浅草、秋葉原、清澄白川までは地下鉄で2～3駅です。東京駅と銀座まではどちらも30分以内、新宿と渋谷までは約30分です。ホテルでは無料の朝食を提供しており、豪華ではありませんが必要なものはすべて揃っています。客室はコンパクトですが、スーツケース2～3個を収納できます。このホテルは価格に見合った価値を提供しています。,,,Jonas Jiang,google_ChIJz8OtRayOGGAR4-DE9AFnYn8_cc2a9146c3a49a198d32bb003666ba54
false,Booking.com,10,2026-03-17,,"The hotel was lovely and spacious. The location was great, in a quiet neighbourhood where you can rest well but a short walk to the metro (and not too far from other places if you don’t mine a 20-30 minute walk. The bed and pillows were great. Rooms were made up every day and there were snacks and drinks available each evening for free. The staff were also very friendly.",Nothing- it was great!,,ホテルは素敵で広々としていました。立地も素晴らしく、静かな住宅街にあり、ゆっくり休めますが、地下鉄の駅までは徒歩圏内です（20～30分ほど歩くのが苦にならないなら、他の場所へもそれほど遠くありません）。ベッドと枕は快適でした。部屋は毎日清掃され、毎晩無料の軽食と飲み物が用意されていました。スタッフもとても親切でした。,何も問題ないよ。最高だった！,Seda,bookingcom_2305841_a64ffb123029e830411a705149a0e9d5
false,Google,4,2026-03-17,立地は非常に便利で、複数の地下鉄とJR路線が交差する場所に位置し、1階にはセブンイレブンがあります。浅草、秋葉原、清澄白川までは地下鉄で2～3駅です。東京駅と銀座まではどちらも30分以内、新宿と渋谷までは約30分です。  ホテルでは無料の朝食を提供しています。豪華ではありませんが、必要なものはすべて揃っています。  客室はコンパクトですが、スーツケース2～3個は収納可能です。  このホテルはコストパフォーマンスに優れています。,,,立地は非常に便利で、複数の地下鉄とJR路線が交差する場所に位置し、1階にはセブンイレブンがあります。浅草、秋葉原、清澄白川までは地下鉄で2～3駅です。東京駅と銀座まではどちらも30分以内、新宿と渋谷までは約30分です。  ホテルでは無料の朝食を提供しています。豪華ではありませんが、必要なものはすべて揃っています。  客室はコンパクトですが、スーツケース2～3個は収納可能です。  このホテルはコストパフォーマンスに優れています。,,,Jonas Jiang,google_ChIJz8OtRayOGGAR4-DE9AFnYn8_6b59001fa266e7004946c2c2bd424a12
false,Google,1,2026-03-16,何か必要なことがあっても、スタッフは全く助けてくれません。「申し訳ありませんが、できません」と言うだけです。簡単なことすらまともにできません。他のスタッフならもっとうまくやってくれるでしょう。,,,何か必要なことがあっても、スタッフは全く助けてくれません。「申し訳ありませんが、できません」と言うだけです。簡単なことすらまともにできません。他のスタッフならもっとうまくやってくれるでしょう。,,,ja ti,google_ChIJz8OtRayOGGAR4-DE9AFnYn8_6ef8faf2de0403a5514d9632039c89c4
false,Booking.com,10,2026-03-16,,"The staff is really nice. The rooms are quite small (like everywhere in Japan), but they are clean and really useful. The bathroom in clean and big enough.",The location is a bit unconvenient because you have to walk a little more to the stations.,,スタッフはとても親切です。部屋は（日本のどこもそうですが）かなり狭いですが、清潔でとても便利です。バスルームも清潔で十分な広さです。,駅まで少し歩かなければならないので、立地は少し不便です。,Ariana,bookingcom_2305841_fb55b62f7dce7a524b2941fc81b52c88
false,Google,1,2026-03-16,"The staff is absolutely not helping when you need anything.  They just say ""sorry not possible"". They did not manage the easiest things. Every other staff would do it better.",,,何か必要なことがあっても、スタッフは全く助けてくれません。「申し訳ありませんが、できません」と言うだけです。簡単なことすらまともにできません。他のスタッフならもっとうまくやってくれるでしょう。,,,ja ti,google_ChIJz8OtRayOGGAR4-DE9AFnYn8_b411cb789eef1f0b33a51b36b4aa202c
false,Trip.com,10,2026-03-16,房間寬敞，服務細緻，安靜！,,,部屋は広々としていて、サービスも行き届いていて、しかも静かでした！,,,ゲ‍ス‍ト,trip_1878112585
false,Booking.com,10,2026-03-15,,It was clean!,Kinda small.,,清潔だった！,ちょっと小さいですね。,Martinez,bookingcom_2305841_617dc64cbf2d21bd3cbaf53b00d5285f
false,Trip.com,10,2026-03-15,在這邊住了九天八夜，飯店的地理位置、服務、設施都非常棒，每天都有人換毛巾等備品，即使貼免打擾也會放一袋給我們自己換，床單都會幫忙重鋪 附近滿安靜的，晚上睡覺不會被打擾，房內空間很大，朋友看到都覺得不錯，已經推薦給他們,,,9日間8泊滞在しました。ホテルの立地、サービス、設備はどれも素晴らしかったです。タオルやその他のアメニティは毎日交換され、「お休みください」モードにしていたにもかかわらず、着替え用のバッグも用意してくれました。シーツも新しくしてくれました。周辺はとても静かで、夜も騒音に悩まされることはありませんでした。部屋は広々としていて、友人たちも皆気に入っていました。すでに友人たちにもおすすめしました。,,,ゲ‍ス‍ト,trip_1876138114
false,Booking.com,10,2026-03-15,,"La posizione a dieci minuti a piedi dalla stazione di Kanda e a cinque minuti da Bakurocho.  La colazione a buffet sia dolce sia salata, con anche piatti tipici giapponesi e una grande varietà.  La degustazione di sake gratuita.  Tutti gli amenities a disposizione.  La presenza di una sala lettura con anche libri a disposizione in varie lingue.  La disponibilità dello staff nell'accertarsi dei dettagli della nostra prenotazione.  La facilità di check-in e check-out.","La stanza è più piccola rispetto agli standard europei, però comunque conforme alla descrizione qui su Booking e grande quanto basta per poter aprire due valigie nel piccolo corridoio all'ingresso della stanza.",,神田駅から徒歩10分、馬呂町から徒歩5分という立地は最高でした。朝食ビュッフェは、甘いものからしょっぱいものまで幅広く揃い、伝統的な日本料理も豊富でした。日本酒の試飲も無料で楽しめました。アメニティも全て揃っていました。読書室には様々な言語の本も用意されていました。スタッフは予約内容の確認にも親切に対応してくれました。チェックインとチェックアウトもスムーズでした。,部屋はヨーロッパの基準よりは狭いものの、Booking.comに掲載されている説明通りの広さで、部屋の入り口にある狭い廊下でスーツケースを2つ開けるのに十分な広さがあります。,Alice,bookingcom_2305841_ff2723c8f12057bfaaf6d96ad0c09273
false,Trip.com,10,2026-03-15,Отличный отель,,,素晴らしいホテル,,,f‍o‍v‍i‍t‍a‍l‍i‍k,trip_1876911778
false,Trip.com,10,2026-03-14,"This was my second visit to this hotel. And despite the constant flow of tourists, the staff manages to keep the service level at its best. Everything is just as good as the first time. Great job, guys!",,,このホテルに宿泊するのは今回で2回目です。観光客がひっきりなしに訪れるにもかかわらず、スタッフの皆さんは最高のサービスレベルを維持してくれています。すべてが前回と変わらず素晴らしかったです。皆さん、素晴らしい仕事ぶりでした！,,,ゲ‍ス‍ト,trip_1874851824
false,Booking.com,10,2026-03-14,,"Our stay at this hotel was one of the most relaxing stays we have had so far. This was also our honeymoon trip, and the staff prepared a little origami gift and congratulatory note for us when we got into our room. The staff were really nice, breakfast is abundant and tasty, the amenities and freebies are well thought of, and very accessible. We will surely stay here again the next time we are in Tokyo.",None,,このホテルでの滞在は、これまでで最もリラックスできた滞在の一つでした。新婚旅行だったこともあり、部屋に入るとスタッフの方が小さな折り紙のプレゼントとお祝いのメッセージを用意してくれていました。スタッフはとても親切で、朝食は種類豊富で美味しく、アメニティや無料サービスも充実していて、とても便利でした。次回東京に来る際も、必ずまたこのホテルに泊まりたいと思います。,なし,Monikka,bookingcom_2305841_6cb656e2c2b4ecbd3b2592928e0a2d66
false,Trip.com,10,2026-03-14,"Самый лучший отель за все время пребывания в Японии! Довольно просторный номер, где есть все самое необходимое (холодильник, сейф, фен, обогреватель, чайник, вайфай и тд). Ремонт свежий, очень чисто как в номере, так и во всем отеле. На первом этаже большая зона для отдыха с библиотекой и бесплатными напитками. Работники замечательные, отзывчивые люди, которые добродушно помогут с любой возникшей проблемой. Спасибо Вам за это большое! Расположение удобное — в самом центре, в пешей доступности разные станции метро, большое количество комбини и очень бюджетная круглосуточная прачечная!",,,日本で泊まったホテルの中で最高でした！部屋はとても広々としていて、必要なものはすべて揃っています（冷蔵庫、金庫、ヘアドライヤー、ヒーター、電気ケトル、Wi-Fiなど）。改装されたばかりで、部屋もホテル全体もとても清潔です。1階には、ライブラリーと無料のドリンクが楽しめる広いラウンジエリアがあります。スタッフは素晴らしく、親切で、どんな問題にも快く対応してくれます。本当にありがとうございました！立地も便利で、中心部に位置し、様々な地下鉄駅、数多くのコンビニエンスストア、そして非常にリーズナブルな24時間営業のランドリーサービスまで徒歩圏内です！,,,ゲ‍ス‍ト,trip_1875118816
false,Booking.com,8,2026-03-14,,"Overall, the hotel was good. Given that it's Japan, the room is not super spacious, but it worked for me and my boyfriend. The bed was made and towels changed everyday unlike other places we stayed at. The air conditioning/heating system worked great. The place is kept well.","The location is a tad out of the way to hit the public metro. It takes almost 10 minutes to hit a subway station, but had a convenient bus stop. It was a bit expensive for the days we stayed since it was almost hitting mid-March so I was not surprised.",,全体的に見て、ホテルは良かったです。日本なので部屋はそれほど広くはありませんでしたが、私と彼氏には十分でした。他のホテルとは違い、ベッドメイキングとタオル交換は毎日行われていました。冷暖房設備も問題なく作動しました。施設全体が清潔に保たれていました。,公共の地下鉄駅まではちょっと不便な場所にあります。地下鉄駅まで10分近くかかりますが、便利なバス停がありました。滞在期間は3月中旬近くだったので、料金は少し高めでしたが、特に驚きませんでした。,Nga,bookingcom_2305841_9752afadd74bab3cbfc2c086d9a20705
false,Booking.com,10,2026-03-13,,Ótimo hotel.,,,素晴らしいホテルでした。,,Joao,bookingcom_2305841_5faff97c85ed710b1e1f1fd81c5eeba1
false,Trip.com,10,2026-03-13,位置很好，房間大小算正常,,,立地は最高で、部屋の広さは平均的です。,,,ゲ‍ス‍ト,trip_1874801919
false,じゃらん,5,2026-03-13,駅から少し歩きますがとても綺麗なホテルでコスパ良しです。チェックインがスイートタイムと重なり人形焼きありがとうございました。ライブラリーカフェは静かで飲み物豊富。作業する時とゆったり寛ぎたいとき両方利用してとても大満足しました。部屋は静かでゆっくり休めましたしまた利用したいと思います。,,,駅から少し歩きますがとても綺麗なホテルでコスパ良しです。チェックインがスイートタイムと重なり人形焼きありがとうございました。ライブラリーカフェは静かで飲み物豊富。作業する時とゆったり寛ぎたいとき両方利用してとても大満足しました。部屋は静かでゆっくり休めましたしまた利用したいと思います。,,,noaちゃんさん,jalan_355819_2e27a980b8e6ad6bc251bb8e36344d91
false,Booking.com,10,2026-03-12,,Nice staff   Nice place,,,スタッフも親切で、場所も良い。,,Sirinapha,bookingcom_2305841_9748614231ff5f01c86863139b9913e1
false,Booking.com,8,2026-03-12,,,,,,,山本,bookingcom_2305841_6edfd8114762f2e1908d2b81c4ef831b
false,Booking.com,7,2026-03-12,,,,,,,冨永,bookingcom_2305841_4ffe9b6136d2dc66a6af945163a8121f
false,Booking.com,8,2026-03-11,,Very friendly staff. Nice room. Convenient location close to subway stations. Breakfast was good and varied.,"Would have appreciated some high-fibre bread for the breakfast, not only white ones.",,スタッフはとても親切でした。部屋も快適でした。地下鉄の駅にも近く、便利な立地です。朝食も美味しく、種類も豊富でした。,朝食には、白いパンだけでなく、食物繊維の多いパンも出してくれたらよかったのに。,Lars,bookingcom_2305841_2bf1bd6df2aab6cb7bcc0ad8f39b4521
false,Booking.com,3,2026-03-10,,"Some of the staff are very professional,",but otherwise they watch you take the free coffee as if you were a thief. They do not bother to greet you. It is the first time in Japan that I have seen impolite people in a hotel,,スタッフの中には非常にプロフェッショナルな人もいます。,しかし、それ以外の場面では、まるで泥棒を見るかのように、無料のコーヒーを飲むのをじっと見つめてきます。挨拶すらしてくれません。日本でホテルの従業員にこんなに失礼な人を見たのは初めてです。,Clement,bookingcom_2305841_1aa26fd51eb348e595a167b0377970f8
false,Google,2,2026-03-10,スタッフの中にはとてもプロフェッショナルな人もいますが、そうでない場合は、まるで泥棒でもしているかのように、無料のコーヒーを飲むのをじっと見ています。挨拶もしません。日本でホテルで失礼な人を見たのは初めてです。,,,スタッフの中にはとてもプロフェッショナルな人もいますが、そうでない場合は、まるで泥棒でもしているかのように、無料のコーヒーを飲むのをじっと見ています。挨拶もしません。日本でホテルで失礼な人を見たのは初めてです。,,,R0CH3 V1LL3 (Pirate),google_ChIJz8OtRayOGGAR4-DE9AFnYn8_2d345f71db7a6ebfd1d5ff5ce193b5e3
false,Google,5,2026-03-10,良い選択肢、良い価格、地下鉄駅に近く、秋葉原から徒歩15分,,,良い選択肢、良い価格、地下鉄駅に近く、秋葉原から徒歩15分,,,mar vignon,google_ChIJz8OtRayOGGAR4-DE9AFnYn8_797a819e14bba8ae2d3e52a197621bc1
false,Booking.com,10,2026-03-10,,,,,,,Stylianos,bookingcom_2305841_88819c8734a7121d25d4c402d0d0d704
false,Booking.com,8,2026-03-10,,"Il servizio nella sala adibita a colazione dove vi erano sempre buone cose per aperitivo o dolciumi. Aperta da dopo colazione fino alle 22,00 il tutto a disposizione della clientela in omaggio. Personale di alto livello gentilissimo come ovunque qui in Giappone. Camera riscaldata autonomamente temperatura perfetta ( viaggio fatto tra febbraio e marzo) Qui colazione continentale buona (dolci, Nutella, Cornetti ... etc ) finalmente. Colazione all'inglese ottima come ovunque.",Stanza piccola con un lato del letto attaccato al muro. Difficile salire e scendere da quella parte. Luci simpatiche ma non creano una atmosfera rilassante. Non c'è ristorante ma indicano posti vicino all'albergo per poter mangiare.,,朝食ルームにはいつも美味しい前菜やスイーツが豊富に用意されていました。朝食後から午後10時まで営業しており、宿泊客はすべて無料で利用できました。スタッフは一流で、日本中どこでもそうであるように、とてもフレンドリーでした。部屋は個別に暖房されており、快適な温度に保たれていました（私たちは2月から3月にかけて旅行しました）。最後に、コンチネンタルブレックファーストは美味しかったです（ペストリー、ヌテラ、クロワッサンなど）。イングリッシュブレックファーストは、他のホテルと同様に素晴らしかったです。,部屋は狭く、ベッドの片側が壁に接しているため、出入りがしにくい。照明は心地よいが、リラックスできる雰囲気ではない。レストランはないが、ホテルの近くにある飲食店を紹介してくれる。,Enrico,bookingcom_2305841_ae5a4461f17ab895c0b81ab8eb8475d2
false,Booking.com,9,2026-03-10,,,,,,,宇聖,bookingcom_2305841_e7782d03bef3aae0cf8a971f72611b17
false,Google,2,2026-03-10,"Some of the staff are very professional, but otherwise they watch you take the free coffee as if you were a thief. They do not bother to greet you. It is the first time in Japan that I have seen impolite people in a hotel",,,スタッフの中には非常にプロフェッショナルな人もいますが、それ以外の人は、まるで泥棒を見るかのように、無料のコーヒーを取るのをじっと見ています。挨拶すらしてくれません。日本でホテルのスタッフにこんなに失礼な人を見たのは初めてです。,,,R0CH3 V1LL3 (Pirate),google_ChIJz8OtRayOGGAR4-DE9AFnYn8_321e1b03c489f95335ba4b0316d76268
false,Google,5,2026-03-10,"A good option, good price,  near to a Subway station, 15 min away walking from Akihabara",,,良い選択肢、手頃な価格、地下鉄駅に近く、秋葉原まで徒歩15分,,,mar vignon,google_ChIJz8OtRayOGGAR4-DE9AFnYn8_c243c9deb1a569ff3b9e329844539de7
false,Google,5,2026-03-10,,,,,,,Siri SIri,google_ChIJz8OtRayOGGAR4-DE9AFnYn8_28d13708bb7dfa16c8393ac9aa49c51a
false,Trip.com,9,2026-03-09,"В прошлом году останавливалась в Киото в отеле этой сети, в этом году решила попробовать остановиться в Comfort и в Токио - на целых 8 ночей. Номер достаточно просторный для этой категории отелей, 15кв.м для меня одной - вполне достаточно, в широком коридоре могла раскрыть L чемодан, просторная ванна и все что нужно. Кровать большая удобная. Сейф на редкость большой - туда помещался даже ноутбук! Мне не повезло и чайник в номере был сломан - провод оголился, в первый день думала, что это у меня что-то не то с руками, но на второй день разобралась, сходила на ресепшн - мне его поменяли на нормальный рабочий. Т.к. завтрак - дополнительная платная опция, то при заселении давали чеки на каждую дату по 1. Завтраки понравились в целом, не скажу, что приелись, были и фрукты понемногу, и овощи-зелень, и выпечка, пудинги/соки/смузи. Понравился аппарат, который сам готовит блинчики, если помахать рукой у сенсора и подождать, правда не все понимали, что выпадать он сразу не может и надо подождать - поэтому порой ""намахивали"" на 10+ штук очередь выпекания. Надо иметь в виду, что примерно после 8 утра пик наполнения кафе, я старалась по возможности приходить либо рано совсем, либо к 9 часам, чтобы сидеть спокойно. Кофе разных видов доступен с завтрака и до полуночи - есть 2 кофемашины, но каппучино делает только одна. В полдник еще в кафе дают местные сладости, если успеть ухватить до 17 часов. После насыпают снеков и можно выпить чая разных сортов там. Еще предлагаются за плату разные местные и иностранные вина/саке. При въезде дали ""купон"", чтоб продегустировать какой-то один из предлагаемых баром напитков - наливают немного на пробу. Надо иметь в виду - что ночью на несколько часов лифт отключают, висело объявление. Я была в начале февраля и в номере довольно комфортно тепло было, но если я включала увлажнитель, то приходилось включать и кондиционер на обогрев на какое-то время. По расположению не то чтобы очень далеко, но и не то чтобы очень близко к метро и JR станциям идти с чемоданом минут 10, а то и 15 (если учитывать блуждания по подземным переходам), но от Ханеды можно доехать без пересадок. Станций-линий вокруг много в пешей доступности, при желании можно пешком дойти до Асакусы, Акихабары, Уэно и вокзала Токио.",,,昨年は京都でこのチェーンのホテルに宿泊し、今年は東京のコンフォートホテルに8泊することにしました。このカテゴリーのホテルにしては部屋がかなり広く、15平方メートルは私一人では十分でした。広い廊下でLサイズのスーツケースを開けることができ、バスルームも広くて必要なものがすべて揃っていました。ベッドは大きくて快適でした。金庫は珍しく大きく、ノートパソコンを入れるスペースさえありました！運悪く部屋の電気ケトルが壊れていて、コードが外れていました。初日は自分の手が引っかかったのかと思いましたが、2日目に原因が分かり、フロントに行くと、正常に機能するものと交換してくれました。朝食は有料オプションなので、チェックイン時に各日の領収書をもらいました。全体的に朝食は気に入りました。飽きることはありませんでした。フルーツ、野菜、葉物野菜、ペストリー、プリン、ジュース、スムージーなどがありました。センサーに手をかざして待つだけでパンケーキが自動で作れる機械が気に入りました。しかし、すぐに出てくるわけではなく、待たなければならないことを理解していない人もいて、10枚以上のパンケーキが列をなすこともありました。カフェは午前8時以降が最も混雑するので、できるだけ早めに、あるいは午前9時までに到着して静かに座るようにしました。朝食から深夜まで様々な種類のコーヒーが提供されています。コーヒーマシンは2台ありますが、カプチーノを作れるのは1台だけです。午後5時までに手に入れば、カフェではアフタヌーンティーに地元のスイーツも提供しています。その後は軽食が提供され、様々な種類のお茶を飲むことができます。有料で様々な国内外のワインや日本酒も提供されています。到着すると、バーで提供されているドリンクの試飲用の「クーポン」が渡され、少量のサンプルを注いでくれました。夜間はエレベーターが数時間停止することに注意してください。掲示がありました。 2月上旬に宿泊しましたが、部屋はかなり快適な暖かさでした。ただ、加湿器をつけると、しばらくエアコンをつけなければなりませんでした。立地はそれほど遠くはありませんが、地下鉄やJRの駅からすぐ近くというわけでもありません。スーツケースを持って歩くと（地下通路を含めて）10～15分ほどかかりますが、羽田空港からは直通で行くことができます。徒歩圏内に駅がたくさんあり、浅草、秋葉原、上野、東京駅へも簡単にアクセスできます。,,,ゲ‍ス‍ト,trip_1870039268
false,Booking.com,10,2026-03-09,,The staff was over the top Helpful with two members doing research and making phone calls to help me find books in English… it was so appreciated!!,,,スタッフの方々は本当に親切で、2人の方が調査や電話をして英語の本を探すのを手伝ってくれました…本当に感謝しています！,,Julie,bookingcom_2305841_52606f3465a91e260a1ff21cad632dcf
false,Booking.com,9,2026-03-09,,,,,,,Jordy,bookingcom_2305841_90527fc37673c9398933a14b1517e01b
false,Trip.com,10,2026-03-09,ห้องกว้าง โลเคชั่นดี สะอาด,,,部屋は広く、立地も良く、清潔だった。,,,ゲ‍ス‍ト,trip_1870784942
false,Booking.com,10,2026-03-08,,,,,,,Nitin,bookingcom_2305841_5fb656d1d5ad05dda6d710c7482af4f2
false,Booking.com,10,2026-03-08,,"A localização é excelente estando poucas quadras de uma estação do metrô central. O café da manhã tem um ótimo custo benefício oferecendo uma boa variedade tanto de opções ocidentais quanto orientais e a equipe foi muito simpática e solicita com tudo que foi pedido. Também possui uma área comum com mesas onde você pode levar comidas de kombini, o que é muito útil dado que os quartos em Tókio costumam ser menores.",Nada em particular.,,立地は最高で、地下鉄の主要駅からわずか数ブロックの距離です。朝食はコストパフォーマンスが高く、洋食と東洋料理の種類も豊富で、スタッフはとても親切で、リクエストにも快く応じてくれました。また、テイクアウトの食事を持ち込めるテーブル付きの共用スペースもあり、東京の客室は比較的狭い傾向にあるため、非常に便利です。,特に何もない。,Nicolai,bookingcom_2305841_022dbe721a7c6e519fa6bfa73dbc146f
false,Booking.com,8,2026-03-07,,,,,,,Sinye,bookingcom_2305841_2f353dff33b1bde8b6962a56cb2be4eb
false,Booking.com,10,2026-03-07,,"El desayuno es muy rico y muy variado a diferencia de otros hoteles que me quede en japon, fue el mejor, el personal siempre muy amable, y me volvería a quedar sin duda ahí en mi próxima visita a japon, el cuarto limpio y de buen tamaño, mucho más amplio que la mayoría en japon",,,朝食は美味しく、種類も豊富で、日本で泊まった他のホテルとは比べ物にならないほど素晴らしかったです。スタッフの方々もいつもとても親切で、次回日本を訪れる際にも必ずまた泊まりたいと思います。部屋も清潔で広々としており、日本の他のホテルと比べてもかなり広かったです。,,Areli,bookingcom_2305841_b7f0df7c28749ac5be821e159130cc13
false,Booking.com,10,2026-03-07,,"El desayuno es espectacular, hay mucha variedad y todo esta muy rico, el personal super amable y en general todo excelente",Todo me gusto,,朝食は素晴らしく、種類も豊富でどれも美味しく、スタッフはとてもフレンドリーで、全体的にすべてが最高です。,全て気に入りました,Areli,bookingcom_2305841_22469ff507fc165225b08bd93598b099
false,Trip.com,10,2026-03-06,很好。位置十分方便。離秋葉原很近走路十分鐘。,,,素晴らしい。立地がとても便利です。秋葉原まで徒歩わずか10分と非常に近いです。,,,ゲ‍ス‍ト,trip_1866869515
false,Trip.com,10,2026-03-06,地理位置非常好，附近車站多，去哪都方便. 室內不大但是設施齊全，該有的東西都有 工作人員服務態度特別好，前台也備有翻譯器 也可以嘗試一下自助早餐，東西不多但勝在好吃,,,立地は抜群で、近くにバス停がたくさんあるので移動に便利です。室内は広くはありませんが、必要なものはすべて揃っています。スタッフは非常にフレンドリーで、フロントには通訳もいます。ビュッフェスタイルの朝食もおすすめです。種類は多くはありませんが、とても美味しいです。,,,ゲ‍ス‍ト,trip_1867373615
false,Trip.com,10,2026-03-06,도쿄 JR 아키아바라 역과 약 15분 거리라서 조금 먼 느낌이 있지만 주택가에 있어서 매우 조용합니다. 숙소 공간은 일본 치고는 상당히 넓은 편이고 깨끗합니다. 조용한 숙소 원하시면 강추입니다,,,東京JR秋葉原駅から約15分の距離なので少し遠い感じがありますが、住宅街にとってとても静かです。宿泊スペースは日本の打撃はかなり広く、清潔です。静かな宿泊施設が欲しいなら,,,용‍돌‍님,trip_1867457632
false,Booking.com,7,2026-03-05,,,,,,,Elizabeth,bookingcom_2305841_c1f59067b5b867b2598658519b6b596a
false,Booking.com,10,2026-03-05,,"Location, stuff attitude, rooms quality, cleanliness.",Pricing is higher overall in tokyo area.,,立地、スタッフの態度、部屋の質、清潔さ。,東京エリアは全体的に物価が高い。,Filip,bookingcom_2305841_9721753c863779d6906e2f442375e825
false,Trip.com,10,2026-03-04,"Good place, all clean.",,,良い場所で、すべて清潔でした。,,,j‍a‍c‍k‍ ‍l‍e‍e‍ ‍9‍8,trip_1865349854
false,Google,5,2026-03-03,このホテルに2週間滞在しました。素晴らしいお部屋でした！スタッフの方々も丁寧で親切でした。 朝食も種類豊富でとても美味しかったです。朝食ルームは0時までドリンクや軽食を楽しめるので、一日の思い出を振り返り、他の旅行者と交流するのに最適な場所です。東京に滞在するなら、このホテルをぜひおすすめします！地下鉄3駅、5駅まで徒歩10分なので、どこへ行くにも便利です！  コンフォートホテルのスタッフの皆様、私たちの滞在を完璧なものにしていただき、ありがとうございました！,,,このホテルに2週間滞在しました。素晴らしいお部屋でした！スタッフの方々も丁寧で親切でした。 朝食も種類豊富でとても美味しかったです。朝食ルームは0時までドリンクや軽食を楽しめるので、一日の思い出を振り返り、他の旅行者と交流するのに最適な場所です。東京に滞在するなら、このホテルをぜひおすすめします！地下鉄3駅、5駅まで徒歩10分なので、どこへ行くにも便利です！  コンフォートホテルのスタッフの皆様、私たちの滞在を完璧なものにしていただき、ありがとうございました！,,,Christian Coolen,google_ChIJz8OtRayOGGAR4-DE9AFnYn8_3e41e875da0e90b27780c60b6506fc44
false,Trip.com,10,2026-03-03,離地鐵站有點距離，要走五到十分鐘，房間很好，設施都很不錯乾淨整潔，前台服務很好自助入住,,,地下鉄の駅までは少し歩きますが、5分から10分ほどです。部屋は素晴らしく、設備も非常に良く、清潔で整頓されていました。フロントのサービスは素晴らしく、チェックインはセルフサービスでした。,,,匿‍名‍ユ‍ー‍ザ‍ー,trip_1864396559
false,Trip.com,10,2026-03-03,今次入住東神田ERA酒店真係好滿意。酒店位置方便，附近有地鐵站，出入各區都好順暢，但同時環境清靜，夜晚休息得好舒服。  房間整潔企理，空間感比想像中好，床褥軟硬適中，瞓得好安心。浴室乾濕分離，設備新淨，用起嚟好方便。  前台職員有禮貌又細心，辦理入住快捷順暢，整體服務感覺貼心。性價比高，下次再嚟東京一定會再揀呢度。五星推薦。,,,ERAホテル東神田での滞在に大変満足しました。地下鉄駅が近く、どこへ行くにも便利な立地でありながら、静かで快適な夜を過ごすことができました。部屋は清潔で整頓されており、想像以上に広々としていて、マットレスは適度な硬さでぐっすり眠ることができました。バスルームはウェットエリアとドライエリアが分かれており、設備も新しく、とても使いやすかったです。フロントスタッフは丁寧で親切で、チェックインも迅速かつスムーズで、全体的に丁寧なサービスでした。コストパフォーマンスも抜群で、次回東京に来る際も必ずまた利用したいと思います。五つ星のおすすめです。,,,T‍e‍d‍L‍K‍H,trip_1864524432
false,Booking.com,9,2026-03-03,,,,,,,Xiawei,bookingcom_2305841_cef1e63122356994d0a1bfba74f87e04
false,Google,5,2026-03-03,Stayed 2 weeks at this hotel. Amazing room! Politefull and helpfull personel. Really good and diverse breakfast. The breakfastroom is jused till 0000 for drinks and snacks so a nice place to remeber your day and getting to kniw other travelers! If you stay in tokyo i would recommend this hotel to everyone! 3 metrostations 5 a 10 minute walk and you can to everywhere from there!!  Thankyou staff of comfort hotel for making our stay so perfect!,,,このホテルに2週間滞在しました。素晴らしいお部屋でした！スタッフは礼儀正しく親切でした。朝食は本当に美味しく、種類も豊富でした。朝食ルームは0時までドリンクや軽食を提供する専用スペースなので、一日を振り返り、他の旅行者と知り合うのに最適な場所です！東京に滞在するなら、このホテルをぜひお勧めします！地下鉄3駅まで徒歩10分で、どこへでも行けます！快適なホテルのスタッフの皆様、滞在を完璧にしていただきありがとうございました！,,,Christian Coolen,google_ChIJz8OtRayOGGAR4-DE9AFnYn8_c1fc9346a6bad52203d9fae5f3dbbba8
false,Google,5,2026-03-03,,,,,,,陳宇涵,google_ChIJz8OtRayOGGAR4-DE9AFnYn8_3274cab2b9f2e342f2d715e28ec2eb2a
false,Booking.com,9,2026-03-03,,,,,,,Xiawei,bookingcom_2305841_ca19202de1c5f89f1b4cf5a119901516
false,Google,5,2026-03-03,このホテルに2週間滞在しました。素晴らしいお部屋でした！スタッフの方々も丁寧で親切でした。 朝食も種類豊富でとても美味しかったです。朝食ルームは0時までドリンクや軽食を楽しめるので、一日の思い出を振り返り、他の旅行者と交流するのに最適な場所です。東京に滞在するなら、このホテルをぜひおすすめします！地下鉄3駅、5駅まで徒歩10分なので、どこへ行くにも便利です！  コンフォートホテルのスタッフの皆様、私たちの滞在を完璧なものにしていただき、ありがとうございました！,,,このホテルに2週間滞在しました。素晴らしいお部屋でした！スタッフの方々も丁寧で親切でした。 朝食も種類豊富でとても美味しかったです。朝食ルームは0時までドリンクや軽食を楽しめるので、一日の思い出を振り返り、他の旅行者と交流するのに最適な場所です。東京に滞在するなら、このホテルをぜひおすすめします！地下鉄3駅、5駅まで徒歩10分なので、どこへ行くにも便利です！  コンフォートホテルのスタッフの皆様、私たちの滞在を完璧なものにしていただき、ありがとうございました！,,,Christian Coolen,google_ChIJz8OtRayOGGAR4-DE9AFnYn8_2f47b95ec6668a19825d3ab287369a6f
false,Google,5,2026-03-03,Stayed 2 weeks at this hotel. Amazing room! Politefull and helpfull personel. Really good and diverse breakfast. The breakfastroom is jused till 0000 for drinks and snacks so a nice place to remeber your day and getting to kniw other travelers! If you stay in tokyo i would recommend this hotel to everyone! 3 metrostations 5 a 10 minute walk and you can to everywhere from there!!  Thankyou staff of comfort hotel for making our stay so perfect!,,,このホテルに2週間滞在しました。素晴らしいお部屋でした！スタッフは礼儀正しく親切でした。朝食は本当に美味しく、種類も豊富でした。朝食ルームは0時までドリンクや軽食を提供する専用スペースなので、一日を振り返り、他の旅行者と知り合うのに最適な場所です！東京に滞在するなら、このホテルをぜひお勧めします！地下鉄3駅まで徒歩10分で、どこへでも行けます！快適なホテルのスタッフの皆様、滞在を完璧にしていただきありがとうございました！,,,Christian Coolen,google_ChIJz8OtRayOGGAR4-DE9AFnYn8_e01b13aef613df8ef868a079cc79ef20
false,Google,5,2026-03-03,,,,,,,陳宇涵,google_ChIJz8OtRayOGGAR4-DE9AFnYn8_561d8e67593f818149c3d96ec1288e89
false,Booking.com,9,2026-03-02,,"Das Personal an der Rezeption und beim Frühstück war äußerst freundlich und sehr zuvorkommend. Das Zimmer ist mit allem ausgestattet was man braucht, sehr sauber und die Möbel sind in einem guten Zustand. Die Lage ist sehr gut zum Sightseeing, vieles in 20-30min mit dem ÖPNV erreichbar.",,,受付と朝食時のスタッフは非常に親切で、とても親身に対応してくれました。部屋には必要なものがすべて揃っており、とても清潔で、家具の状態も良好です。観光にも最適な立地で、多くの観光スポットへは公共交通機関で20～30分以内で行くことができます。,,Birte,bookingcom_2305841_22c614fc3d482a31f986d510b64ecad5
false,Booking.com,9,2026-03-02,,"Everything went well from check in to check out. Room was clean and spacious. Facilities and amenities are up to date, staff and room services are all good. They have parking space with parking fees.",,,チェックインからチェックアウトまで全て順調でした。部屋は清潔で広々としていました。設備やアメニティは最新で、スタッフやルームサービスもすべて良かったです。駐車場もありますが、有料です。,,Dian,bookingcom_2305841_ace7434399377317f3694632ef15f8df
false,Booking.com,9,2026-03-02,,早餐偏健康輕食，住宿地離車站約走7分,,,朝食は主にヘルシーで軽めのメニューです。宿泊施設は駅から徒歩約7分の場所にあります。,,Chung,bookingcom_2305841_7aa8ea4ebe855152ed56eb1aa22511d8
false,Google,5,2026-03-02,1泊2日で1番安いお部屋を利用させて頂きましたが、値段以上の部屋の綺麗さとサービスの良さに驚きました。WiFiは十二分に早く、普段1時間近く掛かる重いゲームのダウンロードも30分掛からずで終わった事には感動しました。しかし、チェックイン時の会員登録（Choice Guest Club）のサイトの開きにくさ（エラーが頻繁に出る）に少し落胆しました。 あと近くにコンフォートホテル東京神田という名前の近いホテルがあり、タクシーで行く際には東神田とはっきり言わないと東京神田の方に行ってしまうことがあります。（経験済） ※添付している写真はチェックアウト前に撮ったものなので、色々と物が散らかっています。参考としてお役に立てれば幸いです。,,,1泊2日で1番安いお部屋を利用させて頂きましたが、値段以上の部屋の綺麗さとサービスの良さに驚きました。WiFiは十二分に早く、普段1時間近く掛かる重いゲームのダウンロードも30分掛からずで終わった事には感動しました。しかし、チェックイン時の会員登録（Choice Guest Club）のサイトの開きにくさ（エラーが頻繁に出る）に少し落胆しました。 あと近くにコンフォートホテル東京神田という名前の近いホテルがあり、タクシーで行く際には東神田とはっきり言わないと東京神田の方に行ってしまうことがあります。（経験済） ※添付している写真はチェックアウト前に撮ったものなので、色々と物が散らかっています。参考としてお役に立てれば幸いです。,,,佐藤風雅,google_ChIJz8OtRayOGGAR4-DE9AFnYn8_68ea993861ed18cf07240c078d40acec
false,Booking.com,9,2026-03-02,,Breakfast was good but a bit expensive.   We much appreciated the fact that we could leave our luggage securely on day of departure.  Also good was that after breakfast the dining hall could freely be used to heat and eat food bought outside. We would be happy to return.,"The Hotel did provide allergy free bedclothes but I was a bit disappointed that the answer was simply wool blankets. A bed sheet would have made a welcome addition. Only two lifts, this was o.k. I February but busy season I am certain that there will be some waiting.",,朝食は美味しかったのですが、少し値段が高めでした。出発日に荷物を安全に預けられたのはとてもありがたかったです。また、朝食後に食堂を自由に利用して、外で買った食べ物を温めて食べられたのも良かったです。ぜひまた利用したいと思います。,ホテルではアレルギー対応の寝具を用意してくれていましたが、ウールの毛布だけだったのは少し残念でした。シーツもあれば良かったのですが。エレベーターは2基しかありませんでしたが、2月だったので問題ありませんでした。しかし、繁忙期には待ち時間が発生するでしょう。,Christian,bookingcom_2305841_21bfbe8b77575902677ff7da297a304c
false,Booking.com,9,2026-03-02,,,,,,,Chanon,bookingcom_2305841_2b666c0c669ec31cd634e0779ca78be8
false,Google,5,2026-03-02,,,,,,,KOUJI MINO,google_ChIJz8OtRayOGGAR4-DE9AFnYn8_98560e7040c8de72d83ac33fb852e580
false,Google,5,2026-03-02,,,,,,,kadesarin kittinarongkun,google_ChIJz8OtRayOGGAR4-DE9AFnYn8_3d0129e985fd2a3c6f399670a9fabe61
false,Google,5,2026-03-02,,,,,,,Loukkade,google_ChIJz8OtRayOGGAR4-DE9AFnYn8_32d86e32e2aa9c934de48f9d33bfafce
false,Booking.com,6,2026-03-01,,,,,,,Zhenwang,bookingcom_2305841_a97ac7f3b6470ca9700b0b4c3b7c9794
false,Booking.com,9,2026-03-01,,"Very clean, close to metro station.","The location was a little strange, as we have to walk for more than 7 minutes to any nearby restaurants or convenience stores. Very quite suburb though.",,とても清潔で、地下鉄の駅にも近い。,立地は少し変わっていて、近くのレストランやコンビニエンスストアに行くには7分以上歩かなければなりませんでした。とはいえ、とても静かな郊外でした。,Chunlin,bookingcom_2305841_9bcd41dea4422a7aff8f3018166ca11b
false,Trip.com,8,2026-03-01,房間大小適中，一樓的咖啡不錯,,,部屋はちょうど良い広さで、1階のコーヒーショップのコーヒーも美味しかった。,,,ゲ‍ス‍ト,trip_1862821447
false,Booking.com,9,2026-03-01,,"Excellent breakfast. Good selection, tasty and nutritious. Friendly service at breakfast. Front desk staff friendly, helpful. Would definitely recommend to friends.",,,素晴らしい朝食でした。種類も豊富で、美味しくて栄養満点。朝食時のサービスも親切でした。フロントのスタッフもフレンドリーで親切でした。友人にもぜひ勧めたいです。,,Dil,bookingcom_2305841_9861e7fd4a6156a458d366ca1f8de684
false,Booking.com,8,2026-03-01,,Location. About 30 min walk from Tokyo station and close to many train stations.  Good value for money. Room was compact and would have been tight for two people.,,,立地。東京駅から徒歩約30分で、多くの駅にも近い。コストパフォーマンスは良い。部屋はコンパクトで、2人での利用には少し窮屈だっただろう。,,Bolu,bookingcom_2305841_2103872fb08ecd90f234544d7307082a
false,Booking.com,8,2026-03-01,,"Colazione molto buona, dimensione della camera nella norma per essere in Giappone",,,朝食はとても美味しく、部屋の広さは日本では標準的でした。,,Federica,bookingcom_2305841_8eaadb51084072d45df48686a9f811ce
false,Booking.com,7,2026-03-01,,員工服務態度好,早上10點退房，太早了太趕了 東西都來不及準備,,優れた従業員サービス,午前10時のチェックアウトは早すぎるし、慌ただしすぎる。何も準備する時間がない。,Wei,bookingcom_2305841_3aa79c574d08ebd93314a61e18230c88
false,Trip.com,10,2026-04-30,"Хорошая гостиница, рядом куча магазинов и станций метро, до Акихабары пешком минут 15. Район тихий, никаких неадекватов или нетрезвых бродяг. Персонал вежливый, готовый помочь. Из минусов:  * в ванной проблемы с вытяжкой, есть запах сырости, что такое себе; * не поняли, зачем телевизор - его не посмотреть, закачаны некоторые фильмы, но смотреть из можно только за доп.плату.",,,良いホテルで、近くにたくさんのお店や地下鉄の駅があり、秋葉原まで徒歩15分です。周辺は静かで、変な人や酔っ払いはいません。スタッフは礼儀正しく親切です。欠点：* バスルームの換気扇に問題があり、カビ臭かったのが少し残念でした。* テレビの目的が分からず、見ることができませんでした。映画はいくつかダウンロードされていますが、追加料金を払わないと見ることができません。,,,A‍r‍i‍n‍a‍ ‍I‍a‍r‍t‍s‍e‍v‍a,trip_1929215198
false,Trip.com,10,2026-04-30,The hotel is in a good location. The room was clean and big. Staff was nice. Not much restaurants around.,,,ホテルは立地が良い。部屋は清潔で広かった。スタッフも親切だった。周辺にレストランはあまり多くない。,,,ゲ‍ス‍ト,trip_1929720744
false,Booking.com,10,2026-04-30,,"10/10 location, decent room size, and great amenities.",,,立地は10点満点、部屋の広さも十分、設備も素晴らしい。,,T,bookingcom_2305841_ba7189a516edc079401bea1a499b252e
false,Booking.com,8,2026-04-29,,The real face of any hotel is the staff and the personal was really good.,"The breakfast was not very suitable for diabetics, but my wife enjoyed it.",,ホテルの真価はスタッフに表れるものだが、ここのスタッフは本当に素晴らしかった。,朝食は糖尿病患者にはあまり適していませんでしたが、妻は気に入っていました。,Tarek,bookingcom_2305841_d157be38ae7ba59e3c78b0ccb3930080
false,Booking.com,10,2026-04-29,,,,,,,선,bookingcom_2305841_4a408aaca4749ddc1eb2c649fbb90b09
false,Booking.com,8,2026-04-29,,,,,,,Gianfranco,bookingcom_2305841_7a0fc2c806118b07c9ccc482c2f1fa5d
false,Google,5,2026-04-29,部屋は清潔でした。フロントのスタッフはとても親切でした。地下鉄の駅までは徒歩5分です。,,,部屋は清潔でした。フロントのスタッフはとても親切でした。地下鉄の駅までは徒歩5分です。,,,Enes Akgümüş,google_ChIJz8OtRayOGGAR4-DE9AFnYn8_a6b4e6370ca3a20fd3a7a539649f2ac3
false,Google,5,2026-04-29,出張で東京に到着したばかりで、ある晩、一人でいるのがかなり退屈でした。何かすることを探そうかと思っていたところ、友人がTelegramでyy9882さんを紹介してくれました。日本人女性の自宅訪問サービスは、とてもスムーズで快適で、安全でプライベートな空間で、一晩中完全にリラックスできました。私のように初めて日本を訪れる方には、ぜひおすすめします。,,,出張で東京に到着したばかりで、ある晩、一人でいるのがかなり退屈でした。何かすることを探そうかと思っていたところ、友人がTelegramでyy9882さんを紹介してくれました。日本人女性の自宅訪問サービスは、とてもスムーズで快適で、安全でプライベートな空間で、一晩中完全にリラックスできました。私のように初めて日本を訪れる方には、ぜひおすすめします。,,,vb df,google_ChIJz8OtRayOGGAR4-DE9AFnYn8_1b88c805fb3b182171908a3c42c6b2c3
false,Google,5,2026-04-29,半月間の日本滞在で、このホテルは最も満足のいく滞在先のひとつでした。  人通りの多いエリアから少し離れていますが、市内中心部や活気のある繁華街に非常に近い場所に位置しています。地下鉄の駅までは徒歩わずか7～8分です。周辺は静かで落ち着いた雰囲気です。  客室は、これまで宿泊した他のホテルと比べてやや広々としています。ロビーは清潔で明るく、ゆったりとした空間です。鍵付きの荷物預かりロッカーがあり、とても便利で安全です。  1階にはゲストラウンジがあり、無料の軽食とミネラルウォーターが提供されています。朝食の種類も豊富です。  ラウンジでは、スマートフォンを使って仕事やリラックスした時間を過ごすことができます。Wi-Fi接続は高速で安定しています。,,,半月間の日本滞在で、このホテルは最も満足のいく滞在先のひとつでした。  人通りの多いエリアから少し離れていますが、市内中心部や活気のある繁華街に非常に近い場所に位置しています。地下鉄の駅までは徒歩わずか7～8分です。周辺は静かで落ち着いた雰囲気です。  客室は、これまで宿泊した他のホテルと比べてやや広々としています。ロビーは清潔で明るく、ゆったりとした空間です。鍵付きの荷物預かりロッカーがあり、とても便利で安全です。  1階にはゲストラウンジがあり、無料の軽食とミネラルウォーターが提供されています。朝食の種類も豊富です。  ラウンジでは、スマートフォンを使って仕事やリラックスした時間を過ごすことができます。Wi-Fi接続は高速で安定しています。,,,Sandy,google_ChIJz8OtRayOGGAR4-DE9AFnYn8_0c3e10c6d1262fc98e9cf3cf05a66d76
false,Google,5,2026-04-29,Odalar temizdi. Resepsiyonda bulunan personel her konuda yardımcı olmaya çalışıyordu. Metroya beş dakika yürüme mesafesinde.,,,部屋は清潔でした。フロントのスタッフはとても親切でした。地下鉄の駅までは徒歩5分です。,,,Enes Akgümüş,google_ChIJz8OtRayOGGAR4-DE9AFnYn8_04199b3dffd097a953c46fc426bd6344
false,Google,5,2026-04-29,"During our half-month stay in Japan, this hotel was one of the most satisfying places we stayed.  It’s not located in an extremely busy area, yet it’s very close to the city center and lively downtown districts. The subway station is only a seven to eight-minute walk away. The neighborhood is quiet and peaceful.  The guest rooms are slightly more spacious than those at other hotels we stayed in. The lobby is clean, bright and roomy. There are locked luggage storage lockers with keys, which are very convenient and safe.  There is also a guest lounge on the first floor, where free refreshments and drinking water are provided. The breakfast selection is quite varied.  You can easily work or relax with your phone in the lounge. The Wi-Fi connection is fast and stable overall.",,,半月間の日本滞在で、このホテルは最も満足のいく滞在先のひとつでした。極端に賑やかなエリアにあるわけではありませんが、市内中心部や活気のある繁華街に非常に近い場所に位置しています。地下鉄の駅までは徒歩わずか7～8分です。周辺は静かで落ち着いた雰囲気です。客室は、これまで宿泊した他のホテルよりも少し広めです。ロビーは清潔で明るく、広々としています。鍵付きの荷物預かりロッカーがあり、とても便利で安全です。1階にはゲストラウンジがあり、無料の軽食と飲料水が提供されています。朝食の種類も豊富です。ラウンジでは、スマートフォンを使って仕事やリラックスした時間を過ごすことができます。Wi-Fi接続は全体的に高速で安定しています。,,,Sandy,google_ChIJz8OtRayOGGAR4-DE9AFnYn8_a77d7a0e910f4a5def1e387a9f139311
false,Trip.com,10,2026-04-28,"Отель очень понравился, везде чисто, есть всё необходимое, туалетные принадлежностии можно пополнить на первом этаже. Завтрак очень качественный и вкусный, все позиции оперативно пополняются. Замечательное расположение, в шаговой доступности несколько веток метро.",,,このホテルは本当に気に入りました。館内はどこも清潔で、必要なものはすべて揃っていて、アメニティは1階で補充できます。朝食は質が高く美味しく、補充も迅速です。立地も抜群で、複数の地下鉄路線が徒歩圏内にあります。,,,ゲ‍ス‍ト,trip_1927059924
false,Booking.com,9,2026-04-28,,,,,,,Marek,bookingcom_2305841_091cbaf8fc9a3d12ce957d6228b3c04c
false,Booking.com,9,2026-04-28,,,,,,,Deirdre,bookingcom_2305841_939879567636ff60f6ef19567727913c
false,Google,5,2026-04-28,非常に優れたカスタマーサービス 客室はとても清潔で、スタッフの対応も行き届いています 駅から徒歩15分と便利な立地 スタッフはとてもフレンドリーで丁寧 朝食ビュッフェは毎日の食事に十分対応できます 東京でおすすめのホテルです 👍👍👍❤️❤️❤️,,,非常に優れたカスタマーサービス 客室はとても清潔で、スタッフの対応も行き届いています 駅から徒歩15分と便利な立地 スタッフはとてもフレンドリーで丁寧 朝食ビュッフェは毎日の食事に十分対応できます 東京でおすすめのホテルです 👍👍👍❤️❤️❤️,,,Ma Rosa Spiteri,google_ChIJz8OtRayOGGAR4-DE9AFnYn8_63fda42783c5ed798dc392fb10cc1ad0
false,Google,5,2026-04-28,立地が良く、スタッフも親切な素敵なホテルです。空港からのアクセスも良く、各駅から徒歩10～15分です。客室も快適で、料金もリーズナブルです。,,,立地が良く、スタッフも親切な素敵なホテルです。空港からのアクセスも良く、各駅から徒歩10～15分です。客室も快適で、料金もリーズナブルです。,,,Brian Hall,google_ChIJz8OtRayOGGAR4-DE9AFnYn8_31301ba32c9ebb38bfe5f937ec7825e6
false,Google,5,2026-04-28,Very good costumer service Rooms is very clean well attended with staff Easy location 15 minutes to the station Staff are very friendly and polite Breakfast buffet is very adequate for daily needs Highly recommended hotel in Tokyo 👍👍👍❤️❤️❤️,,,非常に良いカスタマーサービス。部屋はとても清潔で、スタッフの対応も行き届いています。駅まで15分と便利な立地。スタッフはとてもフレンドリーで丁寧。朝食ビュッフェは毎日のニーズに十分対応しています。東京でおすすめのホテルです👍👍👍❤️❤️❤️,,,Ma Rosa Spiteri,google_ChIJz8OtRayOGGAR4-DE9AFnYn8_8938972e0cc8c9e11caed8f29a6c9236
false,Google,5,2026-04-28,This is a nice hotel in a good location with friendly staff. It is easy to get to from the airport and a 10 to 15 minute walk from the various train stations. The rooms are nice and the rates are good.,,,立地が良く、スタッフも親切な素敵なホテルです。空港からのアクセスも良く、各駅から徒歩10～15分です。客室も快適で、料金もリーズナブルです。,,,Brian Hall,google_ChIJz8OtRayOGGAR4-DE9AFnYn8_14b55b1f994185eeba00062bfcbe1089
false,Booking.com,7,2026-04-27,,locatie was prima.,"kamer was erg klein.  Bed aan twee kanten tegen muur,  lastig om  in de nacht uit bed te komen.  weinig ruimte voor koffers en tassen.",,立地は良かった。,部屋はとても狭かった。ベッドは両側が壁に接していて、夜中にベッドから起き上がるのが大変だった。スーツケースやバッグを置くスペースもほとんどなかった。,Van,bookingcom_2305841_bac02c1085984a7c665844bc93bd1816
false,Trip.com,10,2026-04-26,"Первое путешествие в Японию. Один из самых лучших отелей в нашей поездке. Номер бронировала побольше с кроватью 160. Жили на 11 этаже, окна выходили на улицу. Номер отличный, соответствует фотографиям, очень чисто, все новое. Хороший большой санузел! Хороший новый мощный фен! Я брала номер без шкафа, решила немного сэкономить, в итоге шкафа мне очень не хватало. Место расположения отличное. В округе очень тихо. Ходили до метро Higashi-Nihombashi Station, очень хорошая дорога, идти 5 минут. По пути есть все необходимое: lawson, хозяйственный магазин-аптека. От станции Higashi-Nihombashi Station добирались во все интересующие нас места за пол часа. Отель очень советую. Во вторую свою поездку я бы забронировала опять его.",,,初めての日本旅行。今回の旅行で最高のホテルのひとつでした。160サイズのベッドがある広めの部屋を予約しました。11階で、窓からは通りが見えました。部屋は素晴らしく、写真通りで、とても清潔で、すべてが新品でした。素敵な広いバスルーム！新しくてパワフルなヘアドライヤー！少しでも節約しようと思ってクローゼットのない部屋を予約しましたが、結局、クローゼットがないのが本当に不便でした。立地は最高です。周辺はとても静かです。東日本橋駅まで歩いて5分。道はとても整備されていて歩きやすく、必要なものはすべて揃っていました。ローソン、ホームセンター、薬局など。東日本橋駅からなら、必要なものはすべて30分で行けました。このホテルは本当におすすめです。2回目の旅行でもまた予約したいと思います。,,,E‍l‍e‍n‍a‍C‍h‍i,trip_1924586368
false,Booking.com,9,2026-04-26,,,,,,,潘,bookingcom_2305841_2b125c9602b03f5dca64c02e748d39ce
false,Booking.com,9,2026-04-26,,Ruime propere kamers! Vriendelijk personeel. Gratis versnapering.,"Prijs, wel wat aan de dure kant.",,広々として清潔な部屋！フレンドリーなスタッフ。無料のスナック付き。,価格は、かなり高めです。,Bram,bookingcom_2305841_7313d8dbac3ae4176fba1ba0c1ba1f9c
false,Booking.com,9,2026-04-25,,Oda çok temizdi. Resepsiyondaki personel her konuda çok yardımcı oldu. Fiyatı ve aldığınız hizmet birbirini çok iyi seviyede dengeliyor. Kafeterya bölgesinde bulunan ikramlar otelin misafirlerine verdiği önemi gösteriyor. Metrolara yürüyerek çok rahat ulaşabiliyorsunuz.,,,部屋はとても清潔でした。フロントのスタッフはあらゆる面で親切でした。料金とサービスのバランスが非常に良いです。カフェテリアの無料サービスは、ホテルが宿泊客を大切にしていることが伝わってきます。地下鉄の駅へも徒歩で簡単にアクセスできます。,,Enes,bookingcom_2305841_7deca1f5166034c7bdccd5b47e5186ed
false,楽天トラベル,3,2026-04-25,外国の方が多いからか 部屋が香水の匂いで気持ち悪くなりました。 部屋の窓全開で何とか…。,,,外国の方が多いからか 部屋が香水の匂いで気持ち悪くなりました。 部屋の窓全開で何とか…。,,,ryu3470,rakuten_160785_2c321756e710260153b178ce122f3dc6
false,Booking.com,9,2026-04-24,,Staff was friendly. Location close to Subway and Convenient stores. Breakfast was good.,There was an unpleasant smell in the bathroom.,,スタッフは親切でした。サブウェイやコンビニエンスストアが近くにあり、立地も良かったです。朝食も美味しかったです。,浴室から不快な臭いがした。,Sharon,bookingcom_2305841_0030f7d211769fec814f795099f8e504
false,Booking.com,10,2026-04-24,,,,,,,Baransel,bookingcom_2305841_6eb867b22746702dd4024555d33303e0
false,Booking.com,8,2026-04-24,,,,,,,Kailing,bookingcom_2305841_9905765473df1ec221ab3f05cd4014c0
false,Booking.com,9,2026-04-24,,,,,,,Elaine,bookingcom_2305841_870865093753089ddbca0febbdef5562
false,Google,5,2026-04-24,ホテルの立地は最高、部屋も清潔。東京出張中のストレス解消に最適なホテルです。旅を楽しむ方法を知ることは、時間を最大限に活用するために不可欠です。tjh37,,,ホテルの立地は最高、部屋も清潔。東京出張中のストレス解消に最適なホテルです。旅を楽しむ方法を知ることは、時間を最大限に活用するために不可欠です。tjh37,,,Y Y,google_ChIJz8OtRayOGGAR4-DE9AFnYn8_6dc8d9d4ded9c093f6a07d2bbee8a2fd
false,Google,5,2026-04-23,部屋はとても清潔で静かでした。日本の他のホテルほど狭くはありませんでした。サービスも良かったです。多くの駅に近い場所にあります。,,,部屋はとても清潔で静かでした。日本の他のホテルほど狭くはありませんでした。サービスも良かったです。多くの駅に近い場所にあります。,,,Cemre C,google_ChIJz8OtRayOGGAR4-DE9AFnYn8_de15639c65857db06da7fe70713ac04b
false,Google,5,2026-04-23,The room was very clean and quiet. It was not as small as other hotels in Japan. The service was good. It's located close to many train stations,,,部屋はとても清潔で静かでした。日本の他のホテルほど狭くはありませんでした。サービスも良かったです。多くの駅に近い場所にあります。,,,Cemre C,google_ChIJz8OtRayOGGAR4-DE9AFnYn8_eacce1ecf6147c13b88445d7840d088b
false,Booking.com,9,2026-04-22,,,,,,,Javiera,bookingcom_2305841_168326f86cefc8f73233225d75a43ed2
false,Trip.com,10,2026-04-22,設施：很完善 衞生：非常乾淨 環境：很整潔 服務：非常細緻,,,設備：非常に充実している。衛生状態：非常に清潔。環境：非常に整頓されている。サービス：非常に丁寧。,,,ゲ‍ス‍ト,trip_1919603139
false,Agoda,9,2026-04-21,The check-in/out process was very straightforward. I know westerners often expect too much English to be spoken sometimes but I was appreciative of just how much they did.   The room itself was comfortable and clean. All the basic amenities were available and usable. I booked two rooms for us and they were able to place us adjacently and near the elevator.   The only downside was it was a longer walk to the train station as opposed to a lot of other hotels. But that is a small inconvenience.   There is a bus station right outside which can help connect to the main station.,,,チェックイン／チェックアウトの手続きは非常にスムーズでした。欧米人は英語が通じることを期待しすぎる傾向があることは承知していますが、彼らの英語力には感心しました。部屋自体は快適で清潔でした。基本的なアメニティはすべて揃っていて、問題なく使用できました。2部屋予約したのですが、隣同士でエレベーターに近い部屋を用意してくれました。唯一の難点は、他の多くのホテルと比べて駅まで少し歩く距離が長かったことですが、それは些細なことです。ホテルのすぐ外にバスターミナルがあり、そこから主要駅へアクセスできます。,,,Loren,agoda_3326011_8c7c37af4f5cc88708e079767e6657a0
false,Trip.com,10,2026-04-21,"Отличный отель с действительно просторными номерами — места хватило на два огромных чемодана и еще осталось. Находится в 10-15 минутах от пересадочных узлов, при этом сам район очень спокойный: на улицах не людно и очень тихо. Идеальное комбо из комфорта и тишины. К уборке претензий нет. В номере был сейф — если для кого-то это важно. На 2-м этаже находится прачечная, людей там бывает много, так что надо успевать занять машинку вовремя. Отель нам очень понравился!",,,本当に広々とした客室を備えた素晴らしいホテルです。大きなスーツケース2個を置いても十分なスペースがあります。主要都市から10～15分ほどの距離にありながら、周辺は非常に静かで、通りは静かで混雑していません。快適さと静けさが完璧に融合したホテルです。ハウスキーピングにも全く不満はありませんでした。部屋にはセーフティボックスも備え付けられています（必要な方のために）。2階にはランドリールームがありますが、混雑することが多いので、早めに洗濯機を確保することをお勧めします。私たちはこのホテルがとても気に入りました！,,,ゲ‍ス‍ト,trip_1919160780
false,Booking.com,9,2026-04-21,,"La ubicación,cerca de una estación con muy buenas comunicaciones, limpio, sobretodo la ubicación y un barrio muy tranquilo KANDA",Nada que decir,,立地が良く、駅に近く交通の便も抜群、清潔で、何よりも静かな住宅街です。,何も言うことはない,Joan,bookingcom_2305841_31b7523e0a82bfe53b798d705e222b1f
false,Booking.com,9,2026-04-21,,,,,,,Zsolt,bookingcom_2305841_53be5e26d0d08f14a92f0d3361251b16
false,Google,3,2026-04-21,とても不快です,,,とても不快です,,,Arunthathy Edwardpulle,google_ChIJz8OtRayOGGAR4-DE9AFnYn8_777388ddd266409a7c5bf5983e9074bd
false,Google,3,2026-04-21,とても不快,,,とても不快,,,Arunthathy Edwardpulle,google_ChIJz8OtRayOGGAR4-DE9AFnYn8_5334e9b023a92feea7e9e98342e5b6a0
false,Booking.com,9,2026-04-20,,"The entire hotel looks very modern and the room I booked was very spacious by Tokyo standards. It has some nice amenities like USB power sockets and different light settings that make the rooms quite comfortable.    The hotel's in a quiet location but quite close to 2 train stations (one is a 10-minute walk away and the other's 15 minutes from the hotel), so reaching other parts of the city is very convenient while avoiding the crowds in Akihabara.","Since the entire hotel looks quite new, the rooms have a fairly standard ""hotel room"" layout, which means you can still hear people shutting their doors in the corridor or children making noise in adjacent rooms. A bit annoying, but compared to hotels in other countries it was still very comfortable.    The hotel breakfast was not my favorite and most options felt more like lunch than breakfast. This is just personal preference though, and the food and the service were great.",,ホテル全体がとてもモダンな雰囲気で、私が予約した部屋は東京の基準からすると非常に広々としていました。USB電源ソケットや照明の調整機能など、快適な設備が整っています。ホテルは静かな場所にありますが、2つの駅（1つは徒歩10分、もう1つは徒歩15分）に非常に近いので、秋葉原の混雑を避けながら市内の他の地域へも簡単にアクセスできます。,ホテル全体がかなり新しいので、客室はごく一般的な「ホテルの客室」といったレイアウトになっています。そのため、廊下で人がドアを閉める音や隣室の子供の騒ぎ声が聞こえてきます。少し気になる点ではありますが、他の国のホテルと比べると非常に快適でした。ホテルの朝食はあまり好みではなく、ほとんどのメニューが朝食というよりランチに近い印象でした。とはいえ、これはあくまで個人的な好みであり、料理とサービスは素晴らしかったです。,Raphael,bookingcom_2305841_bb240a9679fff1608c50e15a63c61e56
false,Booking.com,9,2026-04-20,,"Gutes Preis/Leistungsverhältnis. Die Zimmer sind, typisch für Tokio sehr klein. Gute Lage 8 Min zur MRT",,,値段の割には良い。部屋は東京ではよくあることだが、とても狭い。立地は良く、MRTまで8分。,,Fxw,bookingcom_2305841_2be81081c596a07d5ea162313c9a0efb
false,Trip.com,8,2026-04-20,丁寧に対応していただきました,,,丁寧に対応していただきました,,,ゲ‍ス‍ト,trip_1916972730
false,Trip.com,10,2026-04-20,"Нормально.. хороший отель, пешком до акихабары можно дойти.",,,普通…良いホテルで、秋葉原まで歩いて行けます。,,,ゲ‍ス‍ト,trip_1917343138
false,Trip.com,10,2026-04-20,很超過預期的酒店誒！衞生不必説了，日本酒店的衞生一向值得信賴。樓下有可以免費借出的傘，有個小小的讀書角還有不少有意思的書，特別加分～餐廳不大但食物選擇居然還蠻多，每天也會稍微換換品種，都挺好吃！！房間小但也能攤開一個大箱子，在東京已經算還可以的了。服務也很好。 酒店位置不算最方便吧，走到地鐵站十多分鐘，不過是在比較安靜的居民區，而且看起來是還比較好的居民區，所以挺好的 總之非常滿意！愉快的入住體驗,,,このホテルは期待以上でした！日本のホテルらしく、清潔さは申し分ありませんでした。階下には無料の傘が貸し出されていて、興味深い本が揃った小さな読書コーナーもあり、これは大きなプラスポイントでした！レストランはそれほど広くはありませんでしたが、驚くほど種類が豊富で、日替わりメニューもあって、どれも美味しかったです！部屋は小さかったものの、大きなスーツケースも入るくらいの広さで、東京にしてはかなり良い方だと思います。サービスも素晴らしかったです。立地は地下鉄の駅まで徒歩10分とあまり便利ではありませんでしたが、比較的静かな住宅街にあり、素敵なエリアのようだったので問題ありませんでした。全体的にとても満足しています！快適な滞在でした。,,,匿‍名‍ユ‍ー‍ザ‍ー,trip_1917823655
false,Trip.com,10,2026-04-20,服務很好，有免費茶水小吃，附近很安靜,,,サービスは素晴らしく、無料のお茶と軽食が提供され、周辺地域も非常に静かでした。,,,ゲ‍ス‍ト,trip_1917986365
false,Booking.com,8,2026-04-19,,The hotel was spotless and the staff were exceptionally friendly and helpful. Luggage lockers in reception. Lovely breakfast.,Nothing.,,ホテルは清潔そのもので、スタッフは非常に親切で協力的でした。フロントには荷物ロッカーがあります。朝食も素晴らしかったです。,何もない。,Piotr,bookingcom_2305841_b137ff4f10f3979aa6d0b52ddee712bb
false,Booking.com,9,2026-04-19,,Comfort et qualité de l'hôtel et de la chambre. L'accueil et la gentillesse du personnel et enfin le bon petit déjeuner.,Rien,,ホテルと客室の快適さと質の高さ。スタッフの温かい歓迎と親切さ、そして美味しい朝食。,何もない,Adrien,bookingcom_2305841_9d1e6c98c3bd995274c7b016d29e017b
false,Booking.com,9,2026-04-19,,"The room was super clean and had space. The hotel is well located, quiet street and well connected with many metro/train connections. Very nice staff. Very good breakfast.",The window was facing a wall.,,部屋はとても清潔で広々としていました。ホテルは立地が良く、静かな通りに面していて、地下鉄や電車の乗り換えも多数あり便利です。スタッフの方々もとても親切でした。朝食もとても美味しかったです。,窓は壁に面していた。,Johanne,bookingcom_2305841_959a1971a93548f000023dfdbad78e2b
false,Booking.com,10,2026-04-16,,Great staff and facilities,N/A,,素晴らしいスタッフと設備,該当なし,Ujjwala,bookingcom_2305841_32fce4e090cd6d8be180af5b293e7655
false,楽天トラベル,5,2026-04-16,ばしょもいいし、清潔感があってよかったわ,,,ばしょもいいし、清潔感があってよかったわ,,,あきだんごａ,rakuten_160785_4fd8be4d302f463034f49db0df8b9de3
false,Trip.com,10,2026-04-16,我是二月獨自一個人去的 票價算挺便宜加上房間看起來很乾淨整潔就選擇了這家  首先來講地理位置 位置離電車站不遠 大概走個5-7分鐘就到了 飯店附近非常的安靜 也代表比較偏僻 所以還是要小心安全～ 離羅森或者其他便利店都也算方便 但要走的比較遠 大概10多分鐘 但我覺得這段路程其實也還好  因為是早上七點到的 還沒到check in時間 詢問後可以先寄放行李在他們那邊 24小時都有供應 服務人員的態度都很好 讓人心情很好～～  房間的話我覺得一個人住不需要太大 行李箱打開的話還是可以的 但只能打開在走廊的地方 有時候經過可能會卡卡的啦但沒關係 浴室有浴缸可以泡澡！  關於餐點上我沒有加點 公共區域我是沒有過去到那邊的 但有瞄到位子很多蠻大的,,,2月に一人で行きました。チケットの値段がかなり安く、部屋も清潔で整頓されているように見えたので、このホテルを選びました。まず、立地についてお話ししましょう。トラムの停留所からは遠くなく、徒歩5～7分くらいです。ホテルの周辺はとても静かで、少し辺鄙な場所にあるので注意が必要です。ローソンなどのコンビニに行くには便利ですが、少し遠く、徒歩10分くらいかかります。でも、私は問題ないと思いました。チェックイン時間前の午前7時に到着したのですが、24時間荷物を預かってくれると言ってくれました。スタッフは皆とても親切で、気持ちよく過ごせました。部屋については、一人ならそれほど広くなくてもいいと思います。スーツケースは開けられますが、廊下でしか開けられません。時々、通り過ぎる時に少し不便に感じるかもしれませんが、それは問題ありません。バスルームにはバスタブがあります。特に何も注文しませんでした。公共エリアには入りませんでしたが、大きな椅子がたくさんあることに気づきました。,,,ゲ‍ス‍ト,trip_1912249906
false,Trip.com,10,2026-04-16,"it was just a little expensive but no choice cus its tokyo. otherwise everything was great, the room was huge. we did not opt for room service to clean the room but the staff still placed new towels and toiletries at our door for use everyday and it was very much appreciated!!",,,少し値段が高かったのは残念でしたが、東京なので仕方ありません。それ以外は全て素晴らしかったです。部屋は広々としていました。ルームサービスは利用しませんでしたが、スタッフの方が毎日新しいタオルとアメニティをドアに置いてくださり、とてもありがたかったです！,,,匿‍名‍ユ‍ー‍ザ‍ー,trip_1912797576
false,Trip.com,10,2026-04-15,房間不小，至少行李可以完全打開，也蠻乾淨的，廁所熱水很快就熱,,,部屋はスーツケースを完全に広げられるほど広々としていて、とても清潔だった。トイレのお湯もすぐに沸いた。,,,匿‍名‍ユ‍ー‍ザ‍ー,trip_1911338448
false,Trip.com,10,2026-04-13,Es war sehr sauber und die Lage war perfekt! Ungefähr 6 Minuten zu Fuß von der nächsten Ubahn Station entfernt👍 Personal sehr zuvorkommend und es gab kleine Extras wie Getränke und Goodies umsonst,,,とても清潔で、立地も最高でした！最寄りの地下鉄駅から徒歩約6分です👍 スタッフの方々もとても親切で、無料の飲み物やお菓子などのちょっとしたサービスもありました。,,,ゲ‍ス‍ト,trip_1908431803
false,Booking.com,9,2026-04-13,,The room was very clean and the bed comfortable. The staff was very kind and helpful.,,,部屋はとても清潔で、ベッドも快適でした。スタッフの方々もとても親切で親身になってくれました。,,Maria-elena,bookingcom_2305841_ef04489bc36c0bdd3f102a25dd3dc64a
false,Trip.com,8,2026-04-13,"Сам отель хороший, местоположение удобное, но персонал абсолютно недружелюбный.",,,ホテル自体は良いし、立地も便利だが、スタッフの対応が全く親切ではない。,,,M‍a‍r‍i‍k‍a‍t‍a,trip_1908848500
false,Booking.com,10,2026-04-13,,,,,,,Miklovicz,bookingcom_2305841_4e2d3902dd404ea35e53fd9894611215
false,Booking.com,10,2026-04-13,,"It was very well located with several stations nearby and a bus stop right outside. Easy to get to everything we wanted to do. The room was clean, spacious and very comfortable. The staff was very friendly and helpful in giving recommendations and helping with luggage delivery. All in all a really positive experience.",,,駅が近くに複数あり、バス停もすぐ目の前という絶好のロケーションでした。行きたい場所にどこへでも簡単にアクセスできました。部屋は清潔で広々としていて、とても快適でした。スタッフの方々はとても親切で、おすすめスポットを教えてくれたり、荷物の配達を手伝ってくれたりと、大変助かりました。全体的に見て、本当に素晴らしい滞在でした。,,Ralvi,bookingcom_2305841_9cdd14942a1bd4d5453d7d8bffa7f52a
false,Google,3,2026-04-13,部屋はまあまあ、フロントスタッフのサービスは普通。立地は良い。,,,部屋はまあまあ、フロントスタッフのサービスは普通。立地は良い。,,,Alfred Lee,google_ChIJz8OtRayOGGAR4-DE9AFnYn8_4f3bcb495e39bb20eca1ed620527526e
false,Google,5,2026-04-12,東京にしては部屋がかなり広くて、本当に快適です。しかもヨーロッパ式の朝食付きです👍,,,東京にしては部屋がかなり広くて、本当に快適です。しかもヨーロッパ式の朝食付きです👍,,,Екатерина Атакова,google_ChIJz8OtRayOGGAR4-DE9AFnYn8_34d894f0ae5e53da30140dee16650508
false,Google,5,2026-04-12,"для Токио достаточно просторные номера, действительно очень комфортно, завтраки есть европейские👍",,,東京にしては部屋がかなり広くて、本当に快適です。しかもヨーロッパ式の朝食付きです👍,,,Екатерина Атакова,google_ChIJz8OtRayOGGAR4-DE9AFnYn8_7a0289b943c5ad8b3599fa7ff4f63ed5
false,Trip.com,9,2026-04-11,"There are many hotels available in Tokyo. However, to find a comparatively bigger room is not easy. We made it this time, enough space to put our two large suitcases and still able to move around the room with ease. The hotel is located in a quiet neighborhood closed to many famous spots and subway stations but about 10 minutes walking required. The breakfast is served with various kinds of delicious food as well as offering snack and drinks all day around. The staff are very friendly and helpful.8",,,東京には多くのホテルがありますが、比較的広い部屋を見つけるのは容易ではありません。今回は、大きなスーツケース2個を置いても部屋の中を楽に移動できる十分な広さのホテルを見つけることができました。ホテルは静かな住宅街に位置し、多くの有名スポットや地下鉄駅にも近いですが、徒歩約10分かかります。朝食は種類豊富な美味しい料理が揃っており、終日軽食や飲み物も提供されています。スタッフはとてもフレンドリーで親切です。,,,P‍e‍n‍g‍u‍i‍n‍_‍B‍B,trip_1906292390
false,Booking.com,9,2026-04-11,,"Bien de espacio. Le iba a poner un 7 u 8, pero el personal me ayudó mucho con el traslado de mis maletas y fueron super atentos. Buen desayuno.","La ubicación no es genial, pero tampoco mala. Cerca no hay mucho que hacer, pero hay metro cercano.",,広さは十分でした。7点か8点にしようかと思いましたが、スタッフの方々が荷物の運搬をとても親切に手伝ってくださり、非常に気配りが行き届いていたので、それ以上の評価にしました。朝食も美味しかったです。,立地は最高とは言えないが、悪くもない。周辺にはあまり娯楽施設はないが、地下鉄の駅がすぐ近くにある。,Fernando,bookingcom_2305841_8d6582e903a1012707a9a705390902f8
false,Google,4,2026-04-11,清潔で快適、サービスも素晴らしい。静かに寝たりシャワーを浴びたりしたい方におすすめです。料金も手頃。スタッフは親切で協力的でした。,,,清潔で快適、サービスも素晴らしい。静かに寝たりシャワーを浴びたりしたい方におすすめです。料金も手頃。スタッフは親切で協力的でした。,,,Jen Gaw,google_ChIJz8OtRayOGGAR4-DE9AFnYn8_bfe185855232349966ca5a0d0cffac7a
false,Trip.com,9,2026-04-11,"Great service with great equipment in the hotel. We stay here for two days, and feel comfortable all the time 👍🏻",,,ホテルの設備もサービスも素晴らしかったです。2日間滞在しましたが、ずっと快適に過ごせました👍🏻,,,a‍n‍z‍o‍t‍w,trip_1906686164
false,Booking.com,10,2026-04-11,,"I had a wonderful experience here. The hotel is located in a very calm and peaceful area, yet it’s incredibly central and close to all metro lines. The rooms have enough space for two people and include a convenient makeup table. Most importantly, the staff are very hardworking and genuinely try their best to be helpful. Their effort made my stay much more pleasant. Highly recommended!",,,素晴らしい滞在でした。ホテルはとても静かで落ち着いた場所にありながら、中心部に位置し、地下鉄の路線にも非常に近いです。客室は2名がゆったり過ごせる広さで、便利な化粧台も備え付けられています。何よりも、スタッフの方々はとても勤勉で、心から親切​​に対応してくださいます。おかげで、滞在がより一層快適になりました。本当におすすめです！,,Muhammet,bookingcom_2305841_317bc43e9f97212d95963e00e5b1325b
false,Booking.com,10,2026-04-11,,,,,,,Elif,bookingcom_2305841_a4febedee5842ec113ebab30c44acc2a
false,Google,5,2026-04-11,先日日本旅行に行った際、友人に「しぐれプレミアムアウトティング」（TG：@kana69）を勧められました。期待以上の素晴らしい体験でした。  日本語があまり話せなくても、会話は自然でリラックスした雰囲気で、気まずい沈黙も全くありませんでした。  質の高さは他のカジュアルなアウトティングとは一線を画しており、初めての方には特におすすめです。  日本旅行中で、いつもとは違うリラックス方法を探しているなら、ぜひチェックしてみてください。きっと特別な体験になるはずです。,,,先日日本旅行に行った際、友人に「しぐれプレミアムアウトティング」（TG：@kana69）を勧められました。期待以上の素晴らしい体験でした。  日本語があまり話せなくても、会話は自然でリラックスした雰囲気で、気まずい沈黙も全くありませんでした。  質の高さは他のカジュアルなアウトティングとは一線を画しており、初めての方には特におすすめです。  日本旅行中で、いつもとは違うリラックス方法を探しているなら、ぜひチェックしてみてください。きっと特別な体験になるはずです。,,,Kelvin Kelvin,google_ChIJz8OtRayOGGAR4-DE9AFnYn8_c92c0ad0deb2882fe4608a7b361f4f5c
false,Google,5,2026-04-11,先日日本旅行に行った際、友人に「しぐれプレミアムアウトティング」（TG：@kana69）を勧められました。期待以上の素晴らしい体験でした。  日本語があまり話せなくても、会話は自然でリラックスした雰囲気で、気まずい沈黙も全くありませんでした。  質の高さは他のカジュアルなアウトティングとは一線を画しており、初めての方には特におすすめです。  日本旅行中で、いつもとは違うリラックス方法を探しているなら、ぜひ試してみてください。きっと特別な体験になるはずです。,,,先日日本旅行に行った際、友人に「しぐれプレミアムアウトティング」（TG：@kana69）を勧められました。期待以上の素晴らしい体験でした。  日本語があまり話せなくても、会話は自然でリラックスした雰囲気で、気まずい沈黙も全くありませんでした。  質の高さは他のカジュアルなアウトティングとは一線を画しており、初めての方には特におすすめです。  日本旅行中で、いつもとは違うリラックス方法を探しているなら、ぜひ試してみてください。きっと特別な体験になるはずです。,,,Kelvin Kelvin,google_ChIJz8OtRayOGGAR4-DE9AFnYn8_6106e63ea2abd6b8d7030795fb22ade4
false,Trip.com,10,2026-04-10,房間大小還不錯，隔音很好很安靜，check in 的時候因為看到是中國護照，還特地有台灣小哥辦理，很舒適的兩晚。,,,部屋は適度な広さで、防音性も抜群で静かでした。チェックインの際、私が中国のパスポートを持っていることに気づいた台湾人の男性が親切に対応してくれました。とても快適な2泊でした。,,,ゲ‍ス‍ト,trip_1905150283
false,Trip.com,10,2026-04-10,"Чисто, хорошие сотрудники на ресепшен. Со всем могут помочь.",,,清潔で親切な受付スタッフ。どんなことでも手伝ってくれます。,,,ゲ‍ス‍ト,trip_1905259672
false,Booking.com,9,2026-04-10,,"Selective but good, nutritious breakfast. Convenient relaxing common room with free coffee and snacks. Very clean throughout and comfortable beds. Friendly attentive staff and daily room servicing. Relatively close to Tokyo Station and the Bullet Train.","Wine selection could have been better, but the free tasting helped. About a 500 metre walk to the nearest local station (Bakurocho) and restaurant precinct. Lots of steps and no escalators at the station - ideal for getting some exercise, if needed.",,厳選された良質で栄養満点の朝食。無料のコーヒーと軽食が楽しめる、便利でリラックスできる共用ルーム。館内は隅々まで清潔で、ベッドも快適。フレンドリーで気配りの行き届いたスタッフと毎日のルームサービス。東京駅と新幹線にも比較的近い。,ワインの品揃えはもう少し充実していても良かったが、無料試飲はありがたかった。最寄りの駅（馬呂町駅）と飲食店街までは徒歩約500メートル。駅には階段が多くエスカレーターはないので、運動不足解消には最適だ。,Graham,bookingcom_2305841_ef72475dc1628028a4048cb1cf669b22
false,Booking.com,10,2026-04-10,,,,,,,Ioannis,bookingcom_2305841_017c19ee25feb1f4e83afdf848395949
false,Trip.com,6,2026-04-10,出張で宿泊する分には全く問題ありません。 所謂普通のビジネスホテルです。,,,出張で宿泊する分には全く問題ありません。 所謂普通のビジネスホテルです。,,,ゲ‍ス‍ト,trip_1905371912
false,Google,5,2026-04-09,最高の朝食とフレンドリーなスタッフ😍 とても親切で可愛かったです。部屋も素敵で、温かい便座も良かったです。もちろんまたすぐに戻ってきます xx,,,最高の朝食とフレンドリーなスタッフ😍 とても親切で可愛かったです。部屋も素敵で、温かい便座も良かったです。もちろんまたすぐに戻ってきます xx,,,Honey Boobee,google_ChIJz8OtRayOGGAR4-DE9AFnYn8_18aa7bcc704bb0578b388482e8432019
false,Google,5,2026-04-09,Best breakfast and friendly staffs 😍 they’re so nice and kawaii too.  The room  was so nice as well as the warm toilet seat and ofc I will be back soon xx,,,最高の朝食とフレンドリーなスタッフ😍 とても親切で可愛かったです。部屋も素敵で、温かい便座も良かったです。もちろんまたすぐに戻ってきますxx,,,Honey Boobee,google_ChIJz8OtRayOGGAR4-DE9AFnYn8_c92c750749b475bd73b04d1612a8b812
false,Booking.com,9,2026-04-08,,"La ubicación es muy buena, queda cerca de varias estaciones que conectan muy bien y de la asakusa line que es la que te trae y te lleva al aeropuerto","Las habitaciones son pequeñas para estándares occidentales, pero no para los estándares en Tokio",,立地は非常に良く、複数の駅に近く、交通の便も非常に良く、空港へもアクセスできる浅草線にも近い。,部屋は欧米の基準からすると狭いが、東京の基準からするとそうでもない。,Katerin,bookingcom_2305841_cbb93294643c7d49f7870690a600416b
false,Booking.com,7,2026-04-07,,Clean and comfortable,Location is far from most sites although good access by subway is good,,清潔で快適,立地はほとんどの観光スポットから遠いが、地下鉄でのアクセスは良好である。,Clare,bookingcom_2305841_a70d91d61b165b59c11f81b93e76d4e0
false,Booking.com,7,2026-04-07,,"Tiszta volt, kedves személyzet.","Semmilyen gluténmentes pékáru, kenyér nem volt reggelire, továbbá ázsiai jellegű inkább a reggeli (se sajt, se felvágott).",,清潔で、スタッフも親切でした。,朝食にはグルテンフリーのペストリーやパンはなく、朝食はどちらかというとアジア風だった（チーズやハムなどの加工肉はなかった）。,Kerényi,bookingcom_2305841_e460395112029765b005aa9906fb3f11
false,Trip.com,10,2026-04-07,"Удобное расположение, классные сотрудники на ресепшене. Завтрак окей. Мест в номере было достаточно",,,立地が便利で、受付スタッフも素晴らしかったです。朝食はまあまあでした。部屋は十分な広さでした。,,,ゲ‍ス‍ト,trip_1902727568
false,Trip.com,10,2026-04-05,"I had a great stay at this hotel and would highly recommend it. I stayed here as a solo traveller and felt safe walking back to the hotel during evenings and early mornings.  The receptionists were attentive, helpful, and always present at the counter. They also offer luggage storage, which is very convenient if you’re checking out but want to explore the area a bit more or are transitioning to another city or coming from the airport.  The location is great, with multiple train stations nearby, and it’s within walking distance to Akihabara and Ueno. There’s also a 7-Eleven close by, which is perfect for grabbing a quick bite if you’re heading out early.  Amenities are well provided and can be collected from the lobby. I also enjoyed the communal lounge/library area, where free snacks, coffee, and cold drinks are available. Umbrellas are also provided, which is very helpful during rainy days.  The room was kept very clean, with daily makeup service done well. During my stay, I used the laundry facilities (coin-operated), which worked perfectly.  The hotel is very quiet and peaceful, with no noise issues. The only minor downside was that I could occasionally smell some sewage from the drain during showers, but it wasn’t too strong or overwhelming.",,,このホテルでの滞在は素晴らしく、強くお勧めします。一人旅でしたが、夜や早朝にホテルまで歩いて帰る際も安全だと感じました。受付スタッフは親切で気配りが行き届いており、常にカウンターにいました。チェックアウト後も周辺を少し散策したい場合や、別の都市へ移動する場合、空港から来た場合などに便利な荷物預かりサービスもあります。立地も抜群で、近くに複数の駅があり、秋葉原や上野へも徒歩圏内です。近くにセブンイレブンもあるので、早朝に出かける際にちょっとした軽食を買うのに最適です。アメニティも充実しており、ロビーで受け取ることができます。無料のスナック、コーヒー、冷たい飲み物が用意されている共用ラウンジ/ライブラリーエリアも気に入りました。傘も用意されているので、雨の日にもとても便利です。部屋は常に清潔に保たれており、毎日のメイクアップサービスも行き届いていました。滞在中、コインランドリーを利用しましたが、問題なく使えました。ホテルはとても静かで穏やかで、騒音の問題は全くありませんでした。唯一の小さな難点は、シャワー中に排水溝から時折下水の臭いがすることでしたが、それほど強い臭いではなく、耐えられないほどではありませんでした。,,,ゲ‍ス‍ト,trip_1899073004
false,Booking.com,10,2026-04-05,,,,,,,Livio,bookingcom_2305841_062e8751075a2d8e8249b14c6aac5e7a
false,楽天トラベル,5,2026-04-03,平日で駐車場が空いていたので助かりました！ラウンジのスナック美味しい！本もちゃんとある！バイキングおしゃれ！ベッド広い！大満足です。フロントの方もみなさん親切でした。リピ大いに有りです！,,,平日で駐車場が空いていたので助かりました！ラウンジのスナック美味しい！本もちゃんとある！バイキングおしゃれ！ベッド広い！大満足です。フロントの方もみなさん親切でした。リピ大いに有りです！,,,ぱらちゃん5654,rakuten_160785_8e7e892fb552be49139f96a3c9c8e45a
false,Booking.com,10,2026-04-03,,Das Zimmer war sauber und verhältnismäßig groß.,Nichts,,部屋は清潔で、比較的広かった。,何もない,Sabine,bookingcom_2305841_a5383d39171c9b0440ccb071a24167b6
false,Google,4,2026-04-03,秋葉原近辺のホテルをお探しなら、ここは中心部に位置する非常に便利なホテルです。  客室は典型的な東京の部屋で、やや狭めです。事前チェックインサービスも利用できます。  唯一の難点は朝食で、もう少し種類が豊富だと良いと思います。,,,秋葉原近辺のホテルをお探しなら、ここは中心部に位置する非常に便利なホテルです。  客室は典型的な東京の部屋で、やや狭めです。事前チェックインサービスも利用できます。  唯一の難点は朝食で、もう少し種類が豊富だと良いと思います。,,,Ayca,google_ChIJz8OtRayOGGAR4-DE9AFnYn8_8a250adeeee8298c46a290e71ab2c3c1
false,Google,4,2026-04-03,"Akihibaranın yakınında bir otel arayışı içindeyseniz gayet merkezi bir hotel. Odalar klasik tokyo odaları olup küçük, bavulu önceden gönderme servisleri kabul ediyorlar. Tek kritiğim, Kahvaltı konusunda, biraz daha çeşitlilik sunabilirler.",,,秋葉原近辺のホテルをお探しなら、ここは中心部に位置する非常に便利なホテルです。客室は典型的な東京の部屋で、やや狭めですが、チェックイン代行サービスも利用できます。唯一の難点は朝食で、もう少し種類が豊富だと良いと思います。,,,Ayca,google_ChIJz8OtRayOGGAR4-DE9AFnYn8_74e412334b74e01088839b3b97134948
false,Trip.com,6,2026-04-02,"Overall average, hotel cleaning was good. Rest needs improvement",,,全体的に見て、ホテルの清掃は良かった。その他は改善が必要。,,,ゲ‍ス‍ト,trip_1895662706
false,Booking.com,10,2026-04-02,,"The staff were always wonderful and happy to assist with any questions. The breakfasts every day were excellent and varied. The location was super - there were about five different stations (metro and JR) within a ten minute walk of the hotel, so getting anywhere in Tokyo was easy. The bed was comfy and everything in the room worked well.",-,,スタッフの方々はいつも素晴らしく、どんな質問にも快く答えてくれました。毎日の朝食は種類豊富でとても美味しかったです。立地も最高で、ホテルから徒歩10分圏内に地下鉄とJRの駅が5つほどあったので、東京のどこへ行くにも便利でした。ベッドは快適で、部屋の設備もすべて問題なく使えました。,-,Daniel,bookingcom_2305841_d63211109bf689e458ef82c4c3749176
false,Trip.com,10,2026-04-02,"отличный отель! рядом несколько станций метро, номера чистые, ежедневная уборка, свежие полотенца, тапочки и зубной набор. персонал вежливый, готов всегда помочь. недалеко от аэропорта Ханеда. рекомендую, сама тоже остановлюсь вновь в следующий раз",,,素晴らしいホテルです！近くに地下鉄の駅が複数あり、部屋は清潔で、毎日清掃が行われ、清潔なタオル、スリッパ、歯磨きセットが用意されています。スタッフは礼儀正しく、いつでも親切に対応してくれます。羽田空港にも近いです。おすすめです。次回もまた利用したいと思います。,,,S‍h‍e‍v‍c‍h‍e‍n‍k‍o‍ ‍E‍l‍l‍a,trip_1895943670
false,Trip.com,10,2026-04-02,非常好，值得再次光臨,,,素晴らしい！間違いなくまた訪れたい。,,,K‍i‍k‍i‍k‍i‍7‍7,trip_1896186652
false,Booking.com,9,2026-04-02,,Tout sauf une personne à l’accueil un grand Mr pas très sympa pour une personne qui travail à la réception d’un hôtel,Tout sauf une personne à l’accueil un grand Mr pas très sympa pour une personne qui travail à la réception d’un hôtel,,ホテルの受付にいたのは、決して親切な人ではなく、背が高くて愛想の悪い男だった。,ホテルの受付にいたのは、決して親切な人ではなく、背が高くて愛想の悪い男だった。,Hyssam,bookingcom_2305841_7cebb6406654b7f030eed79143a6684c
false,Google,5,2026-04-02,日本旅行中にセイヤカンを試してみようと思っていたところ、偶然にもサービスを利用することになりました。手続きはとてもスムーズで、外国人にも利用しやすく、価格もリーズナブルでした。一番驚いたのは、写真が偽物に見えなかったことです。実際の商品は写真とほぼ同じでした。興味のある方は、ぜひご自身で調べてみてください。「セイヤカン 日本 ドアツードアサービス」で検索すれば見つかります。  ✈️Telegram: meiyou06 / Gleezy: meiyou008 / 公式アカウント: (@951iboll),,,日本旅行中にセイヤカンを試してみようと思っていたところ、偶然にもサービスを利用することになりました。手続きはとてもスムーズで、外国人にも利用しやすく、価格もリーズナブルでした。一番驚いたのは、写真が偽物に見えなかったことです。実際の商品は写真とほぼ同じでした。興味のある方は、ぜひご自身で調べてみてください。「セイヤカン 日本 ドアツードアサービス」で検索すれば見つかります。  ✈️Telegram: meiyou06 / Gleezy: meiyou008 / 公式アカウント: (@951iboll),,,Rosy Khan,google_ChIJz8OtRayOGGAR4-DE9AFnYn8_1fe2fe5f4c973a86374cec367fa9a0c0
false,Google,5,2026-04-02,日本旅遊期間想說試看看 剛好用到青雅館 流程蠻順的 外國人也OK，價格也正常 最意外是沒有照騙 實際來的跟照片差不多 有興趣可以自己查一下 google搜「青雅館 日本上門」就有 ✈️Telegram：meiyou06 / Gleezy：meiyou008 / 賴官方：（@951iboll ),,,日本旅行中にセイヤカンを試してみようと思っていたのですが、まさに完璧でした。手続きはスムーズで、外国人にも門戸を開いてくれていて、価格もリーズナブルでした。一番驚いたのは、実際の商品が写真とほとんど同じだったことです。興味のある方は、「セイヤカン 日本 ドアツードア サービス」で検索してみてください。✈️Telegram: meiyou06 / Gleezy: meiyou008 / Official Lai: (@951iboll),,,Rosy Khan,google_ChIJz8OtRayOGGAR4-DE9AFnYn8_eb1c9c6a600157fd14431f838976b953
false,Booking.com,8,2026-04-01,,"Good Breakfast, quite rooms",The rooms were too small and breakfast time was limiting,,朝食も美味しく、部屋も静かです。,部屋が狭すぎたし、朝食の時間も限られていた。,Gitonga,bookingcom_2305841_b6a10a0a18d588355d9a8675d46f459c
false,Google,5,2026-05-15,Ein Super Hotel was genau das bietet das man als Tourist braucht ein gutes Zimmer und Bett und ein nettes Personal am Empfang .,,,旅行者が必要とするものをすべて備えた素晴らしいホテルです。快適な部屋とベッド、そして親切なフロントスタッフが揃っています。,,,Daniel Schütz,google_ChIJz8OtRayOGGAR4-DE9AFnYn8_ef9559116eabed224ddfd5b0b070f83d
false,Booking.com,8,2026-05-14,,,,,,,Furuyama,bookingcom_2305841_9dbeedea224fe16e9a36e8a5364ca7d3
false,Booking.com,5,2026-05-13,,,,,,,Edvard,bookingcom_2305841_615b162ee09cacf6caaed7c58acf7704
false,Google,4,2026-05-13,朝食はとても美味しかった。,,,朝食はとても美味しかった。,,,Joachim Glück,google_ChIJz8OtRayOGGAR4-DE9AFnYn8_2e53a2368f0e84e091d4a0ddafaf99d2
false,Google,4,2026-05-13,朝食はとても美味しかったです,,,朝食はとても美味しかったです,,,Joachim Glück,google_ChIJz8OtRayOGGAR4-DE9AFnYn8_1c165e724cc4412814fe66cc3c794244
false,Booking.com,9,2026-05-12,,Staff is amazing. Breakfast is just alright. Location is good,Airconditioning needed filter replacement,,スタッフは素晴らしい。朝食はまあまあ。立地は良い。,エアコンのフィルター交換が必要,Radoslaw,bookingcom_2305841_1e4da0632fc96c317dbf88d665a2be3c
false,Booking.com,10,2026-05-12,,Location and facilites,Everything was great,,立地と設備,全てが素晴らしかった,Diego,bookingcom_2305841_82de741091910915e7ae5aa176a78128
false,Booking.com,10,2026-05-12,,"This is our favorite hotel so far. The breakfast is nice blend of japanese food and continental breakfast, there is a complimentary coffee, tea, water and ice the whole day, some treets are offered sometimes during the day,  plenty of tips and information about the area, small library located in the dining area where you can simply sit and work. The hotel has also a laundry room. The staff is friendly and helpful, the hotel is clean, modern, quiet, the location is best possible between 4 metro stations. You can just walk from 15 to 30 min to The Imperial palace and it's East Gardens, to the Tokyo central station, to the science museum, to Akihibara. It is located in a quiet modern area with many little restaurants and convenient stores. We would definitely recommend it and come back.",We have no complaints from this hotel. I will mention only kind of disadvantages. The rooms are a bit small for 3 people but it is super fine if you are the whole day out and return after dinner to ahower and sleep. It is pretty normal for most of the city hotels in Japan. Also the hotel is betweek similar tall city buildings so do not expect an amazing view.,,これまで泊まったホテルの中で、ここが一番のお気に入りです。朝食は和食とコンチネンタルブレックファーストがバランスよく揃っていて、コーヒー、紅茶、水、氷は終日無料で提供されます。日中は時折軽食も用意され、周辺エリアの情報やおすすめスポットもたくさんあります。ダイニングエリアには小さなライブラリーがあり、そこでゆっくり座って作業することもできます。ホテルにはランドリールームもあります。スタッフは親切でフレンドリー、ホテルは清潔でモダン、静かで、立地も最高です。地下鉄4駅に挟まれており、皇居とその東御苑、東京駅、科学館、秋葉原まで徒歩15分から30分で行けます。静かでモダンなエリアに位置し、小さなレストランやコンビニエンスストアもたくさんあります。ぜひおすすめしたいホテルで、また泊まりたいです。,このホテルに不満はありません。あえて欠点を挙げるとすれば、3人で泊まるには少し狭い部屋ですが、一日中外出して夕食後にシャワーを浴びて寝るだけなら全く問題ありません。日本の都市部のホテルではよくあることです。また、ホテルは高層ビル群に囲まれているため、素晴らしい眺望は期待しないでください。,Teodorina,bookingcom_2305841_66d2303b354c14e4e7fcb3eee6bcb173
false,Google,5,2026-05-12,Perfect stay. Room is big enough and they clean every day!  I tipped the cleaners because of their outstanding work.  Everything is close by and it's not full of noise like Shinjuku. Definitely recommended for a base!,,,最高の滞在でした。部屋は十分な広さで、毎日清掃してくれます！清掃スタッフの方々の素晴らしい仕事ぶりにチップを渡しました。すべてが近くにあり、新宿のように騒がしくもありません。滞在拠点として絶対におすすめです！,,,R.,google_ChIJz8OtRayOGGAR4-DE9AFnYn8_ded6bb360bcca6c634f16f1fe666b2f6
false,Google,5,2026-05-12,最高の滞在でした。部屋は十分な広さで、毎日清掃してくれました！  清掃スタッフの方々の素晴らしい仕事ぶりに、チップを渡しました。  どこへ行くにも便利で、新宿のように騒がしくもありません。滞在拠点として絶対におすすめです！,,,最高の滞在でした。部屋は十分な広さで、毎日清掃してくれました！  清掃スタッフの方々の素晴らしい仕事ぶりに、チップを渡しました。  どこへ行くにも便利で、新宿のように騒がしくもありません。滞在拠点として絶対におすすめです！,,,R.,google_ChIJz8OtRayOGGAR4-DE9AFnYn8_b1d3b3dc05da90f3567135aa065efb62
false,Booking.com,10,2026-05-11,,La politesse la gentillesse le confort du lit la qualité des repas une buanderie à disposition une machine à glaçon en libre accès bref idéal pour un séjour à Tokyo,La baignoire car j’ai des problèmes de santé mais c’est juste un détail j’ai l’habitude des douches,,丁寧な接客、親切な対応、快適なベッド、質の高い食事、洗濯設備、セルフサービスの製氷機など、要するに東京滞在に理想的なホテルです。,健康上の問題があるので浴槽は必要ですが、それは些細なことです。普段はシャワーで過ごしています。,Regis,bookingcom_2305841_17f7624cc4c3ef64fe64511044424253
false,Trip.com,9,2026-05-11,位置方便，房間寬敞，有免費咖啡及零食食用,,,便利な立地、広々とした客室、無料のコーヒーと軽食をご用意しています。,,,S‍t‍a‍n‍l‍e‍e‍0‍9‍2‍6,trip_1944051920
false,Booking.com,10,2026-05-11,,"Camera spaziosa e pulita, difficile da trovare in Giappone. Colazione ottima",nulla,,部屋は広くて清潔で、日本ではなかなか見かけないタイプです。朝食も素晴らしかったです。,何もない,Ameriga,bookingcom_2305841_03cee40e3eab651aeb1a942699049888
false,Booking.com,9,2026-05-11,,,camera piccola,,,小さな部屋,Ameriga,bookingcom_2305841_2461a9da52cf49bd6a82f959051e15e4
false,Booking.com,9,2026-05-11,,"Персонал чудесный! Номер был комфортный и чистый (за исключением шумного холодильника). В течение дня в холле предлагают снеки, напитки, что очень приятно. До Ханеды/Нариты можно добраться по прямой линии на экспрессе.","Далековато от метро, и до ближайших заведений нужно будет немного прогуляться.  Очень громко шумит холодильник в номере, на ночь приходилось его выключать, тк спать было невозможно.",,スタッフの方々は素晴らしかったです！部屋は快適で清潔でした（冷蔵庫の音がうるさかったのが少し残念でしたが）。ロビーでは終日軽食や飲み物が用意されていて、とても助かりました。羽田空港や成田空港へは特急電車で直通で行けます。,地下鉄の駅から少し離れているので、最寄りのレストランまでは少し歩かなければなりません。部屋の冷蔵庫の音がとてもうるさく、夜は眠れなかったので電源を切らざるを得ませんでした。,Dayana,bookingcom_2305841_82f0f57389a14ba60d7025e310c6cb45
false,Booking.com,9,2026-05-10,,,,,,,Dolores,bookingcom_2305841_c637d089b9de478173276fb4184c805e
false,Booking.com,9,2026-05-10,,"Breakfast, cleanliness",Would be much better if there is an onsen service,,朝食、清潔さ,温泉サービスがあればもっと良いでしょう,Krittanan,bookingcom_2305841_9533609f793acc456fa91e6f0fde785e
false,Booking.com,9,2026-05-09,,子どもと滞在しやすかったです。朝食バイキングも美味しかったです。,バスルームはきれいでしたが、少しカビ臭く感じました。,,子どもと滞在しやすかったです。朝食バイキングも美味しかったです。,バスルームはきれいでしたが、少しカビ臭く感じました。,Yuri,bookingcom_2305841_1f2580ad25bfc12152042c78b0a3d36c
false,Booking.com,10,2026-05-08,,"Friendly staff, enviromment, location, service. All was very nice",All great,,スタッフの対応、雰囲気、立地、サービス、全てが素晴らしかったです。,すべて素晴らしい,Eliane,bookingcom_2305841_abce3ec04a0e850da6c4b44b6c9acfb4
false,Booking.com,9,2026-05-08,,"Very clean, friendly staff, good location",n/a,,とても清潔で、スタッフも親切、立地も良い。,該当なし,Paul,bookingcom_2305841_781935ff74c6a5215f46b367f4d6da1a
false,Booking.com,10,2026-05-08,,Great location. Modern rooms with fast WiFi. Comfy bed. Excellent buffet breakfast. Free and wide range of tea options and coffee throughout the day. Free bar snacks after 5pm (nuts and crisps and dried sweetened chopped fruits) Plenty of friendly and helpful staff.,Nothing at all but note that Breakfast starts at 6:30 and when I stayed there was a rush to be in there for that time. By 7:15 people were queuing to get in as it was full.,,最高のロケーション。高速Wi-Fi完備のモダンな客室。快適なベッド。素晴らしいビュッフェ式朝食。終日、種類豊富な紅茶とコーヒーが無料で楽しめます。午後5時以降は、ナッツ、ポテトチップス、甘く味付けしたドライフルーツなどの軽食が無料で提供されます。親切で頼りになるスタッフがたくさんいます。,特に問題はないのですが、朝食は6時30分からで、私が宿泊した時はその時間に間に合うように大勢の人が押し寄せていました。7時15分には満席で、入場待ちの列ができていました。,Kerry,bookingcom_2305841_4d1048d4f82878708aa7a42dffa2b4f4
false,Trip.com,9,2026-05-08,"Good staff, cosy, affordable, relatively convenient area - can easily walk to Akihabara. No complaints during my stay 👍",,,スタッフの対応も良く、居心地も良く、料金も手頃で、周辺環境も比較的便利で、秋葉原まで歩いてすぐ行けます。滞在中、全く不満はありませんでした👍,,,D‍l‍l‍e‍s‍m,trip_1940552726
false,Booking.com,8,2026-05-08,,Quiet part of Tokyo but within walking distance to all subway stations,Bed was a little to hard for me,,東京の静かなエリアでありながら、すべての地下鉄駅まで徒歩圏内です。,ベッドが私には少し硬すぎた,Emma,bookingcom_2305841_580ab8c330b667351d3e93835e12f8af
false,Booking.com,10,2026-05-07,,The service and staff.,"I needed a double bed, bed was to the call, not a easy access with one arm.",,サービスとスタッフ。,ダブルベッドが必要だったのですが、ベッドは指定の場所にあり、片腕では簡単に乗り降りできませんでした。,Melissa,bookingcom_2305841_aa3338181477e5d3463df9854a4b8af6
false,Booking.com,10,2026-05-07,,,,,,,Naveen,bookingcom_2305841_81d824ec5105fe0423b10651d8c83fa8
false,Booking.com,9,2026-05-06,,"The hotel is a 10 minute walk from Akihabara, great restaurants and cafés nearby. The hotel itself offers all a traveler needs. Good complimentary coffee and an interesting library collection to browse through! Some travelers might find the room small but we didn’t mind at all.",,,ホテルは秋葉原から徒歩10分の場所にあり、周辺には素晴らしいレストランやカフェがたくさんあります。ホテル自体も旅行者に必要なものがすべて揃っています。無料の美味しいコーヒーや、興味深い蔵書が揃ったライブラリーも楽しめます。部屋が少し狭いと感じる旅行者もいるかもしれませんが、私たちは全く気になりませんでした。,,Nikolay,bookingcom_2305841_06d73fa0b7c2491861f97aa1bc88309f
false,じゃらん,4,2026-05-06,コンパクトですが、静かで清潔なので出張等の利用におすすめです。  また、立地もよくスタッフも親切です。,,,コンパクトですが、静かで清潔なので出張等の利用におすすめです。  また、立地もよくスタッフも親切です。,,,そさん,jalan_355819_550c82de9169f88ed4e1110d2c9afd5e
false,Booking.com,10,2026-05-05,,"The hotel staff were exceptionally friendly and always quick to help with anything we needed. The breakfast buffet was great, offering a wide variety of options that changed slightly each day - it is worth including it. The rooms were not too small and well-equipped with all the necessary amenities. We also really appreciated the location: about 30 minutes (by metro and a short walk) from major attractions, yet situated in a quiet neighborhood. It was the perfect balance, allowing us to explore Tokyo easily while avoiding the crowds and hustle. We had a wonderful stay and I would 100% recommend this hotel.",All good.,,ホテルのスタッフは非常に親切で、必要なことは何でもすぐに手伝ってくれました。朝食ビュッフェは素晴らしく、毎日少しずつ内容が変わる豊富なメニューが用意されており、ぜひおすすめしたいです。客室は狭すぎず、必要なアメニティもすべて揃っていました。立地も最高でした。主要観光スポットまで地下鉄で約30分、徒歩でもすぐの距離でありながら、静かな住宅街に位置していました。まさに理想的なバランスで、混雑や喧騒を避けつつ、東京を気軽に観光することができました。素晴らしい滞在となり、このホテルを100％おすすめします。,すべて順調です。,Francisca,bookingcom_2305841_0730777a92216a1adb692bb07831dd76
false,Booking.com,10,2026-05-05,,●スーツケースもチェックアウト後も長く預かって頂き助かりました。 ●朝食も美味しく特に人参と柚の入ったdrinkがかなり美味しかった🤤レシピが知りたいです。💕,フロントが最初分かりずらかったです。,,●スーツケースもチェックアウト後も長く預かって頂き助かりました。 ●朝食も美味しく特に人参と柚の入ったdrinkがかなり美味しかった🤤レシピが知りたいです。💕,フロントが最初分かりずらかったです。,Masako,bookingcom_2305841_5575fb35a8ee88fa193af4c9531a4c64
false,Booking.com,10,2026-05-05,,,,,,,Liam,bookingcom_2305841_b723ec00f1a277fc71e5644eea40af38
false,Booking.com,8,2026-05-05,,,,,,,Parida,bookingcom_2305841_75e88fbdfcc3ea12183a51c7102a09f7
false,Booking.com,10,2026-05-05,,,,,,,Clément,bookingcom_2305841_21b4a9849777a3fc4a95f79847965a86
false,Trip.com,10,2026-05-05,"Уборка каждый день, постельное белье меняют раз в три дня, полотенца каждый день, рядом несколько станций метро в 10минутах ходьбы, до акихабара пешком минут 15-20. До всех известных районов можно доехать на метро за 30минут.",,,毎日清掃、3日ごとにベッドリネン交換、タオル交換は毎日行います。地下鉄の駅は複数あり、徒歩10分圏内です。秋葉原までは徒歩15～20分。人気のエリアはすべて地下鉄で30分以内です。,,,D‍a‍r‍i‍i‍a‍ ‍m‍o‍c‍u‍s‍h‍l‍o,trip_1936664656
false,Booking.com,9,2026-05-05,,,,,,,Barazani,bookingcom_2305841_01dabd61c4d42bc5afc438010256d528
false,Trip.com,7,2026-05-04,"Staff efficient, polite and helpful.  Small room but as expected in Japan.",,,スタッフは有能で、礼儀正しく、親切でした。部屋は狭いですが、日本ではよくあることです。,,,ゲ‍ス‍ト,trip_1933943967
false,Booking.com,9,2026-05-04,,服務人員態度良好、每日提供下午茶水,無,,スタッフは親切で、毎日アフタヌーンティーを提供してくれる。,なし,Tai,bookingcom_2305841_2c2921ea6797cb86d87827369b71fa8e
false,Booking.com,10,2026-05-04,,,,,,,Evgenii,bookingcom_2305841_7b054a15f5c74fb38950f74625c3d306
false,Booking.com,10,2026-05-04,,,,,,,Albert,bookingcom_2305841_91869f9f8d6f767b7b960a41d133fc67
false,Booking.com,9,2026-05-03,,"Nhân viên rất chu đáo, nhiệt tình",Khong,,スタッフの方々はとても親切で熱心でした。,いいえ,Nhung,bookingcom_2305841_fd45943048b70e80d4cf3c2b2de9c974
false,Booking.com,10,2026-05-03,,"Kapıdan içeri girdiğimizde andan çıkışa kadar tüm çalışanların misafirperver yaklaşımı, otelin rahatlığı ve açık büfe kahvaltısı gerçekten çok iyiydi. Havalimanı olarak Hanada seçerseniz bu otel muazzam bir tercih olur.",Sevmediğim tel bir şey yok,,ホテルに到着してから出発するまで、スタッフ全員の温かいおもてなし、ホテルの快適さ、そしてビュッフェスタイルの朝食は本当に素晴らしかったです。花田空港を目的地に選ぶなら、このホテルは最高の選択肢となるでしょう。,嫌いなものは一つもない。,Filiz,bookingcom_2305841_040e5f86b0e215cf85b4f57464b9bd5b
false,Booking.com,8,2026-05-03,,"Letto comodo,  stanza pulita, in bagno presenti shampoo, balsamo e doccia schiuma. Posizione ottima a 600mt dalla metro",-,,快適なベッド、清潔な部屋、シャンプー、コンディショナー、シャワージェルが備え付けられたバスルーム。地下鉄駅から600メートルという絶好のロケーション。,-,Elisa,bookingcom_2305841_292b2d9836d4fa6bf30dc525b15bd998
false,Booking.com,10,2026-05-03,,Tout,,,全て,,Mohamed,bookingcom_2305841_23f36bd093068202ed957d7fc25c1bc1
false,Booking.com,8,2026-05-02,,"Breakfast was great, nice variety, combination of sweet and savory, fresh fruit, asian and international  Location is extremely close to the main train station and very near a few subway stations  The staff is very tentative and kind  Plenty of elevators, we never had to wait too long, even during ""rush"" hours  The doors to the rooms actually cancelled noise from tha hall much better than most hotels we've been to","Location is extremely close to the main train station - you can hear it everywhere  Complicated views from the rooms - you either have a nice view of the train, but you can hear it quite a lot and there are trains coming and going constantly, or you face a wall of the building next to you (veeery closely)  Cleanliness could be improved - Rooms are definitely older compared to a lot of other hotels, which didn't bother us much, but the carpet didn't really feel that clean and we found hair on the chairs",,朝食は素晴らしく、種類も豊富で、甘いものと塩味のもの、新鮮なフルーツ、アジア料理と各国料理が揃っていました。立地は主要鉄道駅に非常に近く、地下鉄の駅もいくつかすぐそばです。スタッフはとても親切で丁寧です。エレベーターもたくさんあり、ラッシュアワーでも長時間待つ必要はありませんでした。部屋のドアは、これまで泊まったほとんどのホテルよりも廊下の騒音をはるかに効果的に遮断してくれました。,立地は主要駅に非常に近く、どこからでも電車の音が聞こえます。部屋からの眺めは複雑で、電車の眺めは良いのですが、電車の音がかなり大きく、電車が絶えず行き来しています。あるいは、隣の建物の壁（非常に近い）に面している場合もあります。清潔さは改善の余地があります。部屋は他の多くのホテルと比べて明らかに古く、それはあまり気になりませんでしたが、カーペットはあまり清潔に感じられず、椅子に髪の毛が付着していました。,Viktor,bookingcom_2305841_adc493c30f8b4658608254f7dd71ba8c
false,Trip.com,10,2026-05-02,房間夠大舒服,,,部屋は広くて快適です,,,ゲ‍ス‍ト,trip_1931597432
false,Trip.com,10,2026-05-02,Отличное местоположение. Уборка в номере проводилась каждый день. Номер очень просторный.,,,立地が最高でした。部屋は毎日清掃されていました。部屋はとても広々としていました。,,,匿‍名‍ユ‍ー‍ザ‍ー,trip_1932511374
false,Google,5,2026-05-02,,,,,,,Rap Kar,google_ChIJz8OtRayOGGAR4-DE9AFnYn8_6edbcc6a62ca20b1f528d0bc5c593d3d
false,Trip.com,10,2026-05-01,Very friendly staff. Very clean and very comfortable,,,とてもフレンドリーなスタッフ。とても清潔で快適。,,,ゲ‍ス‍ト,trip_1930327036
false,Booking.com,10,2026-05-01,,Pulizia della camera e la professionalità del personale.,,,部屋の清潔さとスタッフのプロ意識。,,Danromanti,bookingcom_2305841_ac1bb98728252f636663e77623415fee
false,Google,5,2026-05-15,Ein Super Hotel was genau das bietet das man als Tourist braucht ein gutes Zimmer und Bett und ein nettes Personal am Empfang .,,,旅行者が必要とするものをすべて備えた素晴らしいホテルです。快適な部屋とベッド、そして親切なフロントスタッフが揃っています。,,,Daniel Schütz,google_ChIJz8OtRayOGGAR4-DE9AFnYn8_ef9559116eabed224ddfd5b0b070f83d
false,Booking.com,8,2026-05-14,,,,,,,Furuyama,bookingcom_2305841_9dbeedea224fe16e9a36e8a5364ca7d3
false,Booking.com,5,2026-05-13,,,,,,,Edvard,bookingcom_2305841_615b162ee09cacf6caaed7c58acf7704
false,Google,4,2026-05-13,朝食はとても美味しかった。,,,朝食はとても美味しかった。,,,Joachim Glück,google_ChIJz8OtRayOGGAR4-DE9AFnYn8_2e53a2368f0e84e091d4a0ddafaf99d2
false,Google,4,2026-05-13,朝食はとても美味しかったです,,,朝食はとても美味しかったです,,,Joachim Glück,google_ChIJz8OtRayOGGAR4-DE9AFnYn8_1c165e724cc4412814fe66cc3c794244
false,Booking.com,9,2026-05-12,,Staff is amazing. Breakfast is just alright. Location is good,Airconditioning needed filter replacement,,スタッフは素晴らしい。朝食はまあまあ。立地は良い。,エアコンのフィルター交換が必要,Radoslaw,bookingcom_2305841_1e4da0632fc96c317dbf88d665a2be3c
false,Booking.com,10,2026-05-12,,Location and facilites,Everything was great,,立地と設備,全てが素晴らしかった,Diego,bookingcom_2305841_82de741091910915e7ae5aa176a78128
false,Booking.com,10,2026-05-12,,"This is our favorite hotel so far. The breakfast is nice blend of japanese food and continental breakfast, there is a complimentary coffee, tea, water and ice the whole day, some treets are offered sometimes during the day,  plenty of tips and information about the area, small library located in the dining area where you can simply sit and work. The hotel has also a laundry room. The staff is friendly and helpful, the hotel is clean, modern, quiet, the location is best possible between 4 metro stations. You can just walk from 15 to 30 min to The Imperial palace and it's East Gardens, to the Tokyo central station, to the science museum, to Akihibara. It is located in a quiet modern area with many little restaurants and convenient stores. We would definitely recommend it and come back.",We have no complaints from this hotel. I will mention only kind of disadvantages. The rooms are a bit small for 3 people but it is super fine if you are the whole day out and return after dinner to ahower and sleep. It is pretty normal for most of the city hotels in Japan. Also the hotel is betweek similar tall city buildings so do not expect an amazing view.,,これまで泊まったホテルの中で、ここが一番のお気に入りです。朝食は和食とコンチネンタルブレックファーストがバランスよく揃っていて、コーヒー、紅茶、水、氷は終日無料で提供されます。日中は時折軽食も用意され、周辺エリアの情報やおすすめスポットもたくさんあります。ダイニングエリアには小さなライブラリーがあり、そこでゆっくり座って作業することもできます。ホテルにはランドリールームもあります。スタッフは親切でフレンドリー、ホテルは清潔でモダン、静かで、立地も最高です。地下鉄4駅に挟まれており、皇居とその東御苑、東京駅、科学館、秋葉原まで徒歩15分から30分で行けます。静かでモダンなエリアに位置し、小さなレストランやコンビニエンスストアもたくさんあります。ぜひおすすめしたいホテルで、また泊まりたいです。,このホテルに不満はありません。あえて欠点を挙げるとすれば、3人で泊まるには少し狭い部屋ですが、一日中外出して夕食後にシャワーを浴びて寝るだけなら全く問題ありません。日本の都市部のホテルではよくあることです。また、ホテルは高層ビル群に囲まれているため、素晴らしい眺望は期待しないでください。,Teodorina,bookingcom_2305841_66d2303b354c14e4e7fcb3eee6bcb173
false,Google,5,2026-05-12,Perfect stay. Room is big enough and they clean every day!  I tipped the cleaners because of their outstanding work.  Everything is close by and it's not full of noise like Shinjuku. Definitely recommended for a base!,,,最高の滞在でした。部屋は十分な広さで、毎日清掃してくれます！清掃スタッフの方々の素晴らしい仕事ぶりにチップを渡しました。すべてが近くにあり、新宿のように騒がしくもありません。滞在拠点として絶対におすすめです！,,,R.,google_ChIJz8OtRayOGGAR4-DE9AFnYn8_ded6bb360bcca6c634f16f1fe666b2f6
false,Google,5,2026-05-12,最高の滞在でした。部屋は十分な広さで、毎日清掃してくれました！  清掃スタッフの方々の素晴らしい仕事ぶりに、チップを渡しました。  どこへ行くにも便利で、新宿のように騒がしくもありません。滞在拠点として絶対におすすめです！,,,最高の滞在でした。部屋は十分な広さで、毎日清掃してくれました！  清掃スタッフの方々の素晴らしい仕事ぶりに、チップを渡しました。  どこへ行くにも便利で、新宿のように騒がしくもありません。滞在拠点として絶対におすすめです！,,,R.,google_ChIJz8OtRayOGGAR4-DE9AFnYn8_b1d3b3dc05da90f3567135aa065efb62
false,Booking.com,10,2026-05-11,,La politesse la gentillesse le confort du lit la qualité des repas une buanderie à disposition une machine à glaçon en libre accès bref idéal pour un séjour à Tokyo,La baignoire car j’ai des problèmes de santé mais c’est juste un détail j’ai l’habitude des douches,,丁寧な接客、親切な対応、快適なベッド、質の高い食事、洗濯設備、セルフサービスの製氷機など、要するに東京滞在に理想的なホテルです。,健康上の問題があるので浴槽は必要ですが、それは些細なことです。普段はシャワーで過ごしています。,Regis,bookingcom_2305841_17f7624cc4c3ef64fe64511044424253
false,Trip.com,9,2026-05-11,位置方便，房間寬敞，有免費咖啡及零食食用,,,便利な立地、広々とした客室、無料のコーヒーと軽食をご用意しています。,,,S‍t‍a‍n‍l‍e‍e‍0‍9‍2‍6,trip_1944051920
false,Booking.com,10,2026-05-11,,"Camera spaziosa e pulita, difficile da trovare in Giappone. Colazione ottima",nulla,,部屋は広くて清潔で、日本ではなかなか見かけないタイプです。朝食も素晴らしかったです。,何もない,Ameriga,bookingcom_2305841_03cee40e3eab651aeb1a942699049888
false,Booking.com,9,2026-05-11,,,camera piccola,,,小さな部屋,Ameriga,bookingcom_2305841_2461a9da52cf49bd6a82f959051e15e4
false,Booking.com,9,2026-05-11,,"Персонал чудесный! Номер был комфортный и чистый (за исключением шумного холодильника). В течение дня в холле предлагают снеки, напитки, что очень приятно. До Ханеды/Нариты можно добраться по прямой линии на экспрессе.","Далековато от метро, и до ближайших заведений нужно будет немного прогуляться.  Очень громко шумит холодильник в номере, на ночь приходилось его выключать, тк спать было невозможно.",,スタッフの方々は素晴らしかったです！部屋は快適で清潔でした（冷蔵庫の音がうるさかったのが少し残念でしたが）。ロビーでは終日軽食や飲み物が用意されていて、とても助かりました。羽田空港や成田空港へは特急電車で直通で行けます。,地下鉄の駅から少し離れているので、最寄りのレストランまでは少し歩かなければなりません。部屋の冷蔵庫の音がとてもうるさく、夜は眠れなかったので電源を切らざるを得ませんでした。,Dayana,bookingcom_2305841_82f0f57389a14ba60d7025e310c6cb45
false,Booking.com,9,2026-05-10,,,,,,,Dolores,bookingcom_2305841_c637d089b9de478173276fb4184c805e
false,Booking.com,9,2026-05-10,,"Breakfast, cleanliness",Would be much better if there is an onsen service,,朝食、清潔さ,温泉サービスがあればもっと良いでしょう,Krittanan,bookingcom_2305841_9533609f793acc456fa91e6f0fde785e
false,Booking.com,9,2026-05-09,,子どもと滞在しやすかったです。朝食バイキングも美味しかったです。,バスルームはきれいでしたが、少しカビ臭く感じました。,,子どもと滞在しやすかったです。朝食バイキングも美味しかったです。,バスルームはきれいでしたが、少しカビ臭く感じました。,Yuri,bookingcom_2305841_1f2580ad25bfc12152042c78b0a3d36c
false,Booking.com,10,2026-05-08,,"Friendly staff, enviromment, location, service. All was very nice",All great,,スタッフの対応、雰囲気、立地、サービス、全てが素晴らしかったです。,すべて素晴らしい,Eliane,bookingcom_2305841_abce3ec04a0e850da6c4b44b6c9acfb4
false,Booking.com,9,2026-05-08,,"Very clean, friendly staff, good location",n/a,,とても清潔で、スタッフも親切、立地も良い。,該当なし,Paul,bookingcom_2305841_781935ff74c6a5215f46b367f4d6da1a
false,Booking.com,10,2026-05-08,,Great location. Modern rooms with fast WiFi. Comfy bed. Excellent buffet breakfast. Free and wide range of tea options and coffee throughout the day. Free bar snacks after 5pm (nuts and crisps and dried sweetened chopped fruits) Plenty of friendly and helpful staff.,Nothing at all but note that Breakfast starts at 6:30 and when I stayed there was a rush to be in there for that time. By 7:15 people were queuing to get in as it was full.,,最高のロケーション。高速Wi-Fi完備のモダンな客室。快適なベッド。素晴らしいビュッフェ式朝食。終日、種類豊富な紅茶とコーヒーが無料で楽しめます。午後5時以降は、ナッツ、ポテトチップス、甘く味付けしたドライフルーツなどの軽食が無料で提供されます。親切で頼りになるスタッフがたくさんいます。,特に問題はないのですが、朝食は6時30分からで、私が宿泊した時はその時間に間に合うように大勢の人が押し寄せていました。7時15分には満席で、入場待ちの列ができていました。,Kerry,bookingcom_2305841_4d1048d4f82878708aa7a42dffa2b4f4
false,Trip.com,9,2026-05-08,"Good staff, cosy, affordable, relatively convenient area - can easily walk to Akihabara. No complaints during my stay 👍",,,スタッフの対応も良く、居心地も良く、料金も手頃で、周辺環境も比較的便利で、秋葉原まで歩いてすぐ行けます。滞在中、全く不満はありませんでした👍,,,D‍l‍l‍e‍s‍m,trip_1940552726
false,Booking.com,8,2026-05-08,,Quiet part of Tokyo but within walking distance to all subway stations,Bed was a little to hard for me,,東京の静かなエリアでありながら、すべての地下鉄駅まで徒歩圏内です。,ベッドが私には少し硬すぎた,Emma,bookingcom_2305841_580ab8c330b667351d3e93835e12f8af
false,Booking.com,10,2026-05-07,,The service and staff.,"I needed a double bed, bed was to the call, not a easy access with one arm.",,サービスとスタッフ。,ダブルベッドが必要だったのですが、ベッドは指定の場所にあり、片腕では簡単に乗り降りできませんでした。,Melissa,bookingcom_2305841_aa3338181477e5d3463df9854a4b8af6
false,Booking.com,10,2026-05-07,,,,,,,Naveen,bookingcom_2305841_81d824ec5105fe0423b10651d8c83fa8
false,Booking.com,9,2026-05-06,,"The hotel is a 10 minute walk from Akihabara, great restaurants and cafés nearby. The hotel itself offers all a traveler needs. Good complimentary coffee and an interesting library collection to browse through! Some travelers might find the room small but we didn’t mind at all.",,,ホテルは秋葉原から徒歩10分の場所にあり、周辺には素晴らしいレストランやカフェがたくさんあります。ホテル自体も旅行者に必要なものがすべて揃っています。無料の美味しいコーヒーや、興味深い蔵書が揃ったライブラリーも楽しめます。部屋が少し狭いと感じる旅行者もいるかもしれませんが、私たちは全く気になりませんでした。,,Nikolay,bookingcom_2305841_06d73fa0b7c2491861f97aa1bc88309f
false,じゃらん,4,2026-05-06,コンパクトですが、静かで清潔なので出張等の利用におすすめです。  また、立地もよくスタッフも親切です。,,,コンパクトですが、静かで清潔なので出張等の利用におすすめです。  また、立地もよくスタッフも親切です。,,,そさん,jalan_355819_550c82de9169f88ed4e1110d2c9afd5e
false,Booking.com,10,2026-05-05,,"The hotel staff were exceptionally friendly and always quick to help with anything we needed. The breakfast buffet was great, offering a wide variety of options that changed slightly each day - it is worth including it. The rooms were not too small and well-equipped with all the necessary amenities. We also really appreciated the location: about 30 minutes (by metro and a short walk) from major attractions, yet situated in a quiet neighborhood. It was the perfect balance, allowing us to explore Tokyo easily while avoiding the crowds and hustle. We had a wonderful stay and I would 100% recommend this hotel.",All good.,,ホテルのスタッフは非常に親切で、必要なことは何でもすぐに手伝ってくれました。朝食ビュッフェは素晴らしく、毎日少しずつ内容が変わる豊富なメニューが用意されており、ぜひおすすめしたいです。客室は狭すぎず、必要なアメニティもすべて揃っていました。立地も最高でした。主要観光スポットまで地下鉄で約30分、徒歩でもすぐの距離でありながら、静かな住宅街に位置していました。まさに理想的なバランスで、混雑や喧騒を避けつつ、東京を気軽に観光することができました。素晴らしい滞在となり、このホテルを100％おすすめします。,すべて順調です。,Francisca,bookingcom_2305841_0730777a92216a1adb692bb07831dd76
false,Booking.com,10,2026-05-05,,●スーツケースもチェックアウト後も長く預かって頂き助かりました。 ●朝食も美味しく特に人参と柚の入ったdrinkがかなり美味しかった🤤レシピが知りたいです。💕,フロントが最初分かりずらかったです。,,●スーツケースもチェックアウト後も長く預かって頂き助かりました。 ●朝食も美味しく特に人参と柚の入ったdrinkがかなり美味しかった🤤レシピが知りたいです。💕,フロントが最初分かりずらかったです。,Masako,bookingcom_2305841_5575fb35a8ee88fa193af4c9531a4c64
false,Booking.com,10,2026-05-05,,,,,,,Liam,bookingcom_2305841_b723ec00f1a277fc71e5644eea40af38
false,Booking.com,8,2026-05-05,,,,,,,Parida,bookingcom_2305841_75e88fbdfcc3ea12183a51c7102a09f7
false,Booking.com,10,2026-05-05,,,,,,,Clément,bookingcom_2305841_21b4a9849777a3fc4a95f79847965a86
false,Trip.com,10,2026-05-05,"Уборка каждый день, постельное белье меняют раз в три дня, полотенца каждый день, рядом несколько станций метро в 10минутах ходьбы, до акихабара пешком минут 15-20. До всех известных районов можно доехать на метро за 30минут.",,,毎日清掃、3日ごとにベッドリネン交換、タオル交換は毎日行います。地下鉄の駅は複数あり、徒歩10分圏内です。秋葉原までは徒歩15～20分。人気のエリアはすべて地下鉄で30分以内です。,,,D‍a‍r‍i‍i‍a‍ ‍m‍o‍c‍u‍s‍h‍l‍o,trip_1936664656
false,Booking.com,9,2026-05-05,,,,,,,Barazani,bookingcom_2305841_01dabd61c4d42bc5afc438010256d528
false,Trip.com,7,2026-05-04,"Staff efficient, polite and helpful.  Small room but as expected in Japan.",,,スタッフは有能で、礼儀正しく、親切でした。部屋は狭いですが、日本ではよくあることです。,,,ゲ‍ス‍ト,trip_1933943967
false,Booking.com,9,2026-05-04,,服務人員態度良好、每日提供下午茶水,無,,スタッフは親切で、毎日アフタヌーンティーを提供してくれる。,なし,Tai,bookingcom_2305841_2c2921ea6797cb86d87827369b71fa8e
false,Booking.com,10,2026-05-04,,,,,,,Evgenii,bookingcom_2305841_7b054a15f5c74fb38950f74625c3d306
false,Booking.com,10,2026-05-04,,,,,,,Albert,bookingcom_2305841_91869f9f8d6f767b7b960a41d133fc67
false,Booking.com,9,2026-05-03,,"Nhân viên rất chu đáo, nhiệt tình",Khong,,スタッフの方々はとても親切で熱心でした。,いいえ,Nhung,bookingcom_2305841_fd45943048b70e80d4cf3c2b2de9c974
false,Booking.com,10,2026-05-03,,"Kapıdan içeri girdiğimizde andan çıkışa kadar tüm çalışanların misafirperver yaklaşımı, otelin rahatlığı ve açık büfe kahvaltısı gerçekten çok iyiydi. Havalimanı olarak Hanada seçerseniz bu otel muazzam bir tercih olur.",Sevmediğim tel bir şey yok,,ホテルに到着してから出発するまで、スタッフ全員の温かいおもてなし、ホテルの快適さ、そしてビュッフェスタイルの朝食は本当に素晴らしかったです。花田空港を目的地に選ぶなら、このホテルは最高の選択肢となるでしょう。,嫌いなものは一つもない。,Filiz,bookingcom_2305841_040e5f86b0e215cf85b4f57464b9bd5b
false,Booking.com,8,2026-05-03,,"Letto comodo,  stanza pulita, in bagno presenti shampoo, balsamo e doccia schiuma. Posizione ottima a 600mt dalla metro",-,,快適なベッド、清潔な部屋、シャンプー、コンディショナー、シャワージェルが備え付けられたバスルーム。地下鉄駅から600メートルという絶好のロケーション。,-,Elisa,bookingcom_2305841_292b2d9836d4fa6bf30dc525b15bd998
false,Booking.com,10,2026-05-03,,Tout,,,全て,,Mohamed,bookingcom_2305841_23f36bd093068202ed957d7fc25c1bc1
false,Booking.com,8,2026-05-02,,"Breakfast was great, nice variety, combination of sweet and savory, fresh fruit, asian and international  Location is extremely close to the main train station and very near a few subway stations  The staff is very tentative and kind  Plenty of elevators, we never had to wait too long, even during ""rush"" hours  The doors to the rooms actually cancelled noise from tha hall much better than most hotels we've been to","Location is extremely close to the main train station - you can hear it everywhere  Complicated views from the rooms - you either have a nice view of the train, but you can hear it quite a lot and there are trains coming and going constantly, or you face a wall of the building next to you (veeery closely)  Cleanliness could be improved - Rooms are definitely older compared to a lot of other hotels, which didn't bother us much, but the carpet didn't really feel that clean and we found hair on the chairs",,朝食は素晴らしく、種類も豊富で、甘いものと塩味のもの、新鮮なフルーツ、アジア料理と各国料理が揃っていました。立地は主要鉄道駅に非常に近く、地下鉄の駅もいくつかすぐそばです。スタッフはとても親切で丁寧です。エレベーターもたくさんあり、ラッシュアワーでも長時間待つ必要はありませんでした。部屋のドアは、これまで泊まったほとんどのホテルよりも廊下の騒音をはるかに効果的に遮断してくれました。,立地は主要駅に非常に近く、どこからでも電車の音が聞こえます。部屋からの眺めは複雑で、電車の眺めは良いのですが、電車の音がかなり大きく、電車が絶えず行き来しています。あるいは、隣の建物の壁（非常に近い）に面している場合もあります。清潔さは改善の余地があります。部屋は他の多くのホテルと比べて明らかに古く、それはあまり気になりませんでしたが、カーペットはあまり清潔に感じられず、椅子に髪の毛が付着していました。,Viktor,bookingcom_2305841_adc493c30f8b4658608254f7dd71ba8c
false,Trip.com,10,2026-05-02,房間夠大舒服,,,部屋は広くて快適です,,,ゲ‍ス‍ト,trip_1931597432
false,Trip.com,10,2026-05-02,Отличное местоположение. Уборка в номере проводилась каждый день. Номер очень просторный.,,,立地が最高でした。部屋は毎日清掃されていました。部屋はとても広々としていました。,,,匿‍名‍ユ‍ー‍ザ‍ー,trip_1932511374
false,Google,5,2026-05-02,,,,,,,Rap Kar,google_ChIJz8OtRayOGGAR4-DE9AFnYn8_6edbcc6a62ca20b1f528d0bc5c593d3d
false,Trip.com,10,2026-05-01,Very friendly staff. Very clean and very comfortable,,,とてもフレンドリーなスタッフ。とても清潔で快適。,,,ゲ‍ス‍ト,trip_1930327036
false,Booking.com,10,2026-05-01,,Pulizia della camera e la professionalità del personale.,,,部屋の清潔さとスタッフのプロ意識。,,Danromanti,bookingcom_2305841_ac1bb98728252f636663e77623415fee
false,Google,5,2026-05-15,Ein Super Hotel was genau das bietet das man als Tourist braucht ein gutes Zimmer und Bett und ein nettes Personal am Empfang .,,,旅行者が必要とするものをすべて備えた素晴らしいホテルです。快適な部屋とベッド、そして親切なフロントスタッフが揃っています。,,,Daniel Schütz,google_ChIJz8OtRayOGGAR4-DE9AFnYn8_ef9559116eabed224ddfd5b0b070f83d
false,Booking.com,8,2026-05-14,,,,,,,Furuyama,bookingcom_2305841_9dbeedea224fe16e9a36e8a5364ca7d3
false,Booking.com,5,2026-05-13,,,,,,,Edvard,bookingcom_2305841_615b162ee09cacf6caaed7c58acf7704
false,Google,4,2026-05-13,朝食はとても美味しかった。,,,朝食はとても美味しかった。,,,Joachim Glück,google_ChIJz8OtRayOGGAR4-DE9AFnYn8_2e53a2368f0e84e091d4a0ddafaf99d2
false,Google,4,2026-05-13,朝食はとても美味しかったです,,,朝食はとても美味しかったです,,,Joachim Glück,google_ChIJz8OtRayOGGAR4-DE9AFnYn8_1c165e724cc4412814fe66cc3c794244
false,Booking.com,9,2026-05-12,,Staff is amazing. Breakfast is just alright. Location is good,Airconditioning needed filter replacement,,スタッフは素晴らしい。朝食はまあまあ。立地は良い。,エアコンのフィルター交換が必要,Radoslaw,bookingcom_2305841_1e4da0632fc96c317dbf88d665a2be3c
false,Booking.com,10,2026-05-12,,Location and facilites,Everything was great,,立地と設備,全てが素晴らしかった,Diego,bookingcom_2305841_82de741091910915e7ae5aa176a78128
false,Booking.com,10,2026-05-12,,"This is our favorite hotel so far. The breakfast is nice blend of japanese food and continental breakfast, there is a complimentary coffee, tea, water and ice the whole day, some treets are offered sometimes during the day,  plenty of tips and information about the area, small library located in the dining area where you can simply sit and work. The hotel has also a laundry room. The staff is friendly and helpful, the hotel is clean, modern, quiet, the location is best possible between 4 metro stations. You can just walk from 15 to 30 min to The Imperial palace and it's East Gardens, to the Tokyo central station, to the science museum, to Akihibara. It is located in a quiet modern area with many little restaurants and convenient stores. We would definitely recommend it and come back.",We have no complaints from this hotel. I will mention only kind of disadvantages. The rooms are a bit small for 3 people but it is super fine if you are the whole day out and return after dinner to ahower and sleep. It is pretty normal for most of the city hotels in Japan. Also the hotel is betweek similar tall city buildings so do not expect an amazing view.,,これまで泊まったホテルの中で、ここが一番のお気に入りです。朝食は和食とコンチネンタルブレックファーストがバランスよく揃っていて、コーヒー、紅茶、水、氷は終日無料で提供されます。日中は時折軽食も用意され、周辺エリアの情報やおすすめスポットもたくさんあります。ダイニングエリアには小さなライブラリーがあり、そこでゆっくり座って作業することもできます。ホテルにはランドリールームもあります。スタッフは親切でフレンドリー、ホテルは清潔でモダン、静かで、立地も最高です。地下鉄4駅に挟まれており、皇居とその東御苑、東京駅、科学館、秋葉原まで徒歩15分から30分で行けます。静かでモダンなエリアに位置し、小さなレストランやコンビニエンスストアもたくさんあります。ぜひおすすめしたいホテルで、また泊まりたいです。,このホテルに不満はありません。あえて欠点を挙げるとすれば、3人で泊まるには少し狭い部屋ですが、一日中外出して夕食後にシャワーを浴びて寝るだけなら全く問題ありません。日本の都市部のホテルではよくあることです。また、ホテルは高層ビル群に囲まれているため、素晴らしい眺望は期待しないでください。,Teodorina,bookingcom_2305841_66d2303b354c14e4e7fcb3eee6bcb173
false,Google,5,2026-05-12,Perfect stay. Room is big enough and they clean every day!  I tipped the cleaners because of their outstanding work.  Everything is close by and it's not full of noise like Shinjuku. Definitely recommended for a base!,,,最高の滞在でした。部屋は十分な広さで、毎日清掃してくれます！清掃スタッフの方々の素晴らしい仕事ぶりにチップを渡しました。すべてが近くにあり、新宿のように騒がしくもありません。滞在拠点として絶対におすすめです！,,,R.,google_ChIJz8OtRayOGGAR4-DE9AFnYn8_ded6bb360bcca6c634f16f1fe666b2f6
false,Google,5,2026-05-12,最高の滞在でした。部屋は十分な広さで、毎日清掃してくれました！  清掃スタッフの方々の素晴らしい仕事ぶりに、チップを渡しました。  どこへ行くにも便利で、新宿のように騒がしくもありません。滞在拠点として絶対におすすめです！,,,最高の滞在でした。部屋は十分な広さで、毎日清掃してくれました！  清掃スタッフの方々の素晴らしい仕事ぶりに、チップを渡しました。  どこへ行くにも便利で、新宿のように騒がしくもありません。滞在拠点として絶対におすすめです！,,,R.,google_ChIJz8OtRayOGGAR4-DE9AFnYn8_b1d3b3dc05da90f3567135aa065efb62
false,Booking.com,10,2026-05-11,,La politesse la gentillesse le confort du lit la qualité des repas une buanderie à disposition une machine à glaçon en libre accès bref idéal pour un séjour à Tokyo,La baignoire car j’ai des problèmes de santé mais c’est juste un détail j’ai l’habitude des douches,,丁寧な接客、親切な対応、快適なベッド、質の高い食事、洗濯設備、セルフサービスの製氷機など、要するに東京滞在に理想的なホテルです。,健康上の問題があるので浴槽は必要ですが、それは些細なことです。普段はシャワーで過ごしています。,Regis,bookingcom_2305841_17f7624cc4c3ef64fe64511044424253
false,Trip.com,9,2026-05-11,位置方便，房間寬敞，有免費咖啡及零食食用,,,便利な立地、広々とした客室、無料のコーヒーと軽食をご用意しています。,,,S‍t‍a‍n‍l‍e‍e‍0‍9‍2‍6,trip_1944051920
false,Booking.com,10,2026-05-11,,"Camera spaziosa e pulita, difficile da trovare in Giappone. Colazione ottima",nulla,,部屋は広くて清潔で、日本ではなかなか見かけないタイプです。朝食も素晴らしかったです。,何もない,Ameriga,bookingcom_2305841_03cee40e3eab651aeb1a942699049888
false,Booking.com,9,2026-05-11,,,camera piccola,,,小さな部屋,Ameriga,bookingcom_2305841_2461a9da52cf49bd6a82f959051e15e4
false,Booking.com,9,2026-05-11,,"Персонал чудесный! Номер был комфортный и чистый (за исключением шумного холодильника). В течение дня в холле предлагают снеки, напитки, что очень приятно. До Ханеды/Нариты можно добраться по прямой линии на экспрессе.","Далековато от метро, и до ближайших заведений нужно будет немного прогуляться.  Очень громко шумит холодильник в номере, на ночь приходилось его выключать, тк спать было невозможно.",,スタッフの方々は素晴らしかったです！部屋は快適で清潔でした（冷蔵庫の音がうるさかったのが少し残念でしたが）。ロビーでは終日軽食や飲み物が用意されていて、とても助かりました。羽田空港や成田空港へは特急電車で直通で行けます。,地下鉄の駅から少し離れているので、最寄りのレストランまでは少し歩かなければなりません。部屋の冷蔵庫の音がとてもうるさく、夜は眠れなかったので電源を切らざるを得ませんでした。,Dayana,bookingcom_2305841_82f0f57389a14ba60d7025e310c6cb45
false,Booking.com,9,2026-05-10,,,,,,,Dolores,bookingcom_2305841_c637d089b9de478173276fb4184c805e
false,Booking.com,9,2026-05-10,,"Breakfast, cleanliness",Would be much better if there is an onsen service,,朝食、清潔さ,温泉サービスがあればもっと良いでしょう,Krittanan,bookingcom_2305841_9533609f793acc456fa91e6f0fde785e
false,Booking.com,9,2026-05-09,,子どもと滞在しやすかったです。朝食バイキングも美味しかったです。,バスルームはきれいでしたが、少しカビ臭く感じました。,,子どもと滞在しやすかったです。朝食バイキングも美味しかったです。,バスルームはきれいでしたが、少しカビ臭く感じました。,Yuri,bookingcom_2305841_1f2580ad25bfc12152042c78b0a3d36c
false,Booking.com,10,2026-05-08,,"Friendly staff, enviromment, location, service. All was very nice",All great,,スタッフの対応、雰囲気、立地、サービス、全てが素晴らしかったです。,すべて素晴らしい,Eliane,bookingcom_2305841_abce3ec04a0e850da6c4b44b6c9acfb4
false,Booking.com,9,2026-05-08,,"Very clean, friendly staff, good location",n/a,,とても清潔で、スタッフも親切、立地も良い。,該当なし,Paul,bookingcom_2305841_781935ff74c6a5215f46b367f4d6da1a
false,Booking.com,10,2026-05-08,,Great location. Modern rooms with fast WiFi. Comfy bed. Excellent buffet breakfast. Free and wide range of tea options and coffee throughout the day. Free bar snacks after 5pm (nuts and crisps and dried sweetened chopped fruits) Plenty of friendly and helpful staff.,Nothing at all but note that Breakfast starts at 6:30 and when I stayed there was a rush to be in there for that time. By 7:15 people were queuing to get in as it was full.,,最高のロケーション。高速Wi-Fi完備のモダンな客室。快適なベッド。素晴らしいビュッフェ式朝食。終日、種類豊富な紅茶とコーヒーが無料で楽しめます。午後5時以降は、ナッツ、ポテトチップス、甘く味付けしたドライフルーツなどの軽食が無料で提供されます。親切で頼りになるスタッフがたくさんいます。,特に問題はないのですが、朝食は6時30分からで、私が宿泊した時はその時間に間に合うように大勢の人が押し寄せていました。7時15分には満席で、入場待ちの列ができていました。,Kerry,bookingcom_2305841_4d1048d4f82878708aa7a42dffa2b4f4
false,Trip.com,9,2026-05-08,"Good staff, cosy, affordable, relatively convenient area - can easily walk to Akihabara. No complaints during my stay 👍",,,スタッフの対応も良く、居心地も良く、料金も手頃で、周辺環境も比較的便利で、秋葉原まで歩いてすぐ行けます。滞在中、全く不満はありませんでした👍,,,D‍l‍l‍e‍s‍m,trip_1940552726
false,Booking.com,8,2026-05-08,,Quiet part of Tokyo but within walking distance to all subway stations,Bed was a little to hard for me,,東京の静かなエリアでありながら、すべての地下鉄駅まで徒歩圏内です。,ベッドが私には少し硬すぎた,Emma,bookingcom_2305841_580ab8c330b667351d3e93835e12f8af
false,Booking.com,10,2026-05-07,,The service and staff.,"I needed a double bed, bed was to the call, not a easy access with one arm.",,サービスとスタッフ。,ダブルベッドが必要だったのですが、ベッドは指定の場所にあり、片腕では簡単に乗り降りできませんでした。,Melissa,bookingcom_2305841_aa3338181477e5d3463df9854a4b8af6
false,Booking.com,10,2026-05-07,,,,,,,Naveen,bookingcom_2305841_81d824ec5105fe0423b10651d8c83fa8
false,Booking.com,9,2026-05-06,,"The hotel is a 10 minute walk from Akihabara, great restaurants and cafés nearby. The hotel itself offers all a traveler needs. Good complimentary coffee and an interesting library collection to browse through! Some travelers might find the room small but we didn’t mind at all.",,,ホテルは秋葉原から徒歩10分の場所にあり、周辺には素晴らしいレストランやカフェがたくさんあります。ホテル自体も旅行者に必要なものがすべて揃っています。無料の美味しいコーヒーや、興味深い蔵書が揃ったライブラリーも楽しめます。部屋が少し狭いと感じる旅行者もいるかもしれませんが、私たちは全く気になりませんでした。,,Nikolay,bookingcom_2305841_06d73fa0b7c2491861f97aa1bc88309f
false,じゃらん,4,2026-05-06,コンパクトですが、静かで清潔なので出張等の利用におすすめです。  また、立地もよくスタッフも親切です。,,,コンパクトですが、静かで清潔なので出張等の利用におすすめです。  また、立地もよくスタッフも親切です。,,,そさん,jalan_355819_550c82de9169f88ed4e1110d2c9afd5e
false,Booking.com,10,2026-05-05,,"The hotel staff were exceptionally friendly and always quick to help with anything we needed. The breakfast buffet was great, offering a wide variety of options that changed slightly each day - it is worth including it. The rooms were not too small and well-equipped with all the necessary amenities. We also really appreciated the location: about 30 minutes (by metro and a short walk) from major attractions, yet situated in a quiet neighborhood. It was the perfect balance, allowing us to explore Tokyo easily while avoiding the crowds and hustle. We had a wonderful stay and I would 100% recommend this hotel.",All good.,,ホテルのスタッフは非常に親切で、必要なことは何でもすぐに手伝ってくれました。朝食ビュッフェは素晴らしく、毎日少しずつ内容が変わる豊富なメニューが用意されており、ぜひおすすめしたいです。客室は狭すぎず、必要なアメニティもすべて揃っていました。立地も最高でした。主要観光スポットまで地下鉄で約30分、徒歩でもすぐの距離でありながら、静かな住宅街に位置していました。まさに理想的なバランスで、混雑や喧騒を避けつつ、東京を気軽に観光することができました。素晴らしい滞在となり、このホテルを100％おすすめします。,すべて順調です。,Francisca,bookingcom_2305841_0730777a92216a1adb692bb07831dd76
false,Booking.com,10,2026-05-05,,●スーツケースもチェックアウト後も長く預かって頂き助かりました。 ●朝食も美味しく特に人参と柚の入ったdrinkがかなり美味しかった🤤レシピが知りたいです。💕,フロントが最初分かりずらかったです。,,●スーツケースもチェックアウト後も長く預かって頂き助かりました。 ●朝食も美味しく特に人参と柚の入ったdrinkがかなり美味しかった🤤レシピが知りたいです。💕,フロントが最初分かりずらかったです。,Masako,bookingcom_2305841_5575fb35a8ee88fa193af4c9531a4c64
false,Booking.com,10,2026-05-05,,,,,,,Liam,bookingcom_2305841_b723ec00f1a277fc71e5644eea40af38
false,Booking.com,8,2026-05-05,,,,,,,Parida,bookingcom_2305841_75e88fbdfcc3ea12183a51c7102a09f7
false,Booking.com,10,2026-05-05,,,,,,,Clément,bookingcom_2305841_21b4a9849777a3fc4a95f79847965a86
false,Trip.com,10,2026-05-05,"Уборка каждый день, постельное белье меняют раз в три дня, полотенца каждый день, рядом несколько станций метро в 10минутах ходьбы, до акихабара пешком минут 15-20. До всех известных районов можно доехать на метро за 30минут.",,,毎日清掃、3日ごとにベッドリネン交換、タオル交換は毎日行います。地下鉄の駅は複数あり、徒歩10分圏内です。秋葉原までは徒歩15～20分。人気のエリアはすべて地下鉄で30分以内です。,,,D‍a‍r‍i‍i‍a‍ ‍m‍o‍c‍u‍s‍h‍l‍o,trip_1936664656
false,Booking.com,9,2026-05-05,,,,,,,Barazani,bookingcom_2305841_01dabd61c4d42bc5afc438010256d528
false,Trip.com,7,2026-05-04,"Staff efficient, polite and helpful.  Small room but as expected in Japan.",,,スタッフは有能で、礼儀正しく、親切でした。部屋は狭いですが、日本ではよくあることです。,,,ゲ‍ス‍ト,trip_1933943967
false,Booking.com,9,2026-05-04,,服務人員態度良好、每日提供下午茶水,無,,スタッフは親切で、毎日アフタヌーンティーを提供してくれる。,なし,Tai,bookingcom_2305841_2c2921ea6797cb86d87827369b71fa8e
false,Booking.com,10,2026-05-04,,,,,,,Evgenii,bookingcom_2305841_7b054a15f5c74fb38950f74625c3d306
false,Booking.com,10,2026-05-04,,,,,,,Albert,bookingcom_2305841_91869f9f8d6f767b7b960a41d133fc67
false,Booking.com,9,2026-05-03,,"Nhân viên rất chu đáo, nhiệt tình",Khong,,スタッフの方々はとても親切で熱心でした。,いいえ,Nhung,bookingcom_2305841_fd45943048b70e80d4cf3c2b2de9c974
false,Booking.com,10,2026-05-03,,"Kapıdan içeri girdiğimizde andan çıkışa kadar tüm çalışanların misafirperver yaklaşımı, otelin rahatlığı ve açık büfe kahvaltısı gerçekten çok iyiydi. Havalimanı olarak Hanada seçerseniz bu otel muazzam bir tercih olur.",Sevmediğim tel bir şey yok,,ホテルに到着してから出発するまで、スタッフ全員の温かいおもてなし、ホテルの快適さ、そしてビュッフェスタイルの朝食は本当に素晴らしかったです。花田空港を目的地に選ぶなら、このホテルは最高の選択肢となるでしょう。,嫌いなものは一つもない。,Filiz,bookingcom_2305841_040e5f86b0e215cf85b4f57464b9bd5b
false,Booking.com,8,2026-05-03,,"Letto comodo,  stanza pulita, in bagno presenti shampoo, balsamo e doccia schiuma. Posizione ottima a 600mt dalla metro",-,,快適なベッド、清潔な部屋、シャンプー、コンディショナー、シャワージェルが備え付けられたバスルーム。地下鉄駅から600メートルという絶好のロケーション。,-,Elisa,bookingcom_2305841_292b2d9836d4fa6bf30dc525b15bd998
false,Booking.com,10,2026-05-03,,Tout,,,全て,,Mohamed,bookingcom_2305841_23f36bd093068202ed957d7fc25c1bc1
false,Booking.com,8,2026-05-02,,"Breakfast was great, nice variety, combination of sweet and savory, fresh fruit, asian and international  Location is extremely close to the main train station and very near a few subway stations  The staff is very tentative and kind  Plenty of elevators, we never had to wait too long, even during ""rush"" hours  The doors to the rooms actually cancelled noise from tha hall much better than most hotels we've been to","Location is extremely close to the main train station - you can hear it everywhere  Complicated views from the rooms - you either have a nice view of the train, but you can hear it quite a lot and there are trains coming and going constantly, or you face a wall of the building next to you (veeery closely)  Cleanliness could be improved - Rooms are definitely older compared to a lot of other hotels, which didn't bother us much, but the carpet didn't really feel that clean and we found hair on the chairs",,朝食は素晴らしく、種類も豊富で、甘いものと塩味のもの、新鮮なフルーツ、アジア料理と各国料理が揃っていました。立地は主要鉄道駅に非常に近く、地下鉄の駅もいくつかすぐそばです。スタッフはとても親切で丁寧です。エレベーターもたくさんあり、ラッシュアワーでも長時間待つ必要はありませんでした。部屋のドアは、これまで泊まったほとんどのホテルよりも廊下の騒音をはるかに効果的に遮断してくれました。,立地は主要駅に非常に近く、どこからでも電車の音が聞こえます。部屋からの眺めは複雑で、電車の眺めは良いのですが、電車の音がかなり大きく、電車が絶えず行き来しています。あるいは、隣の建物の壁（非常に近い）に面している場合もあります。清潔さは改善の余地があります。部屋は他の多くのホテルと比べて明らかに古く、それはあまり気になりませんでしたが、カーペットはあまり清潔に感じられず、椅子に髪の毛が付着していました。,Viktor,bookingcom_2305841_adc493c30f8b4658608254f7dd71ba8c
false,Trip.com,10,2026-05-02,房間夠大舒服,,,部屋は広くて快適です,,,ゲ‍ス‍ト,trip_1931597432
false,Trip.com,10,2026-05-02,Отличное местоположение. Уборка в номере проводилась каждый день. Номер очень просторный.,,,立地が最高でした。部屋は毎日清掃されていました。部屋はとても広々としていました。,,,匿‍名‍ユ‍ー‍ザ‍ー,trip_1932511374
false,Google,5,2026-05-02,,,,,,,Rap Kar,google_ChIJz8OtRayOGGAR4-DE9AFnYn8_6edbcc6a62ca20b1f528d0bc5c593d3d
false,Trip.com,10,2026-05-01,Very friendly staff. Very clean and very comfortable,,,とてもフレンドリーなスタッフ。とても清潔で快適。,,,ゲ‍ス‍ト,trip_1930327036
false,Booking.com,10,2026-05-01,,Pulizia della camera e la professionalità del personale.,,,部屋の清潔さとスタッフのプロ意識。,,Danromanti,bookingcom_2305841_ac1bb98728252f636663e77623415fee
