チェック,サイト名,評価,投稿日,コメント(全体),コメント(良い点),コメント(改善点),コメント（翻訳:全体),コメント（翻訳:良い),コメント（翻訳:改善点),投稿者,レビューID
false,Booking.com,8,2026-01-31,,,,,,,Eiko,bookingcom_272466_d0586c0f68b640b0df9b98891037d17b
false,楽天トラベル,4,2026-01-31,清潔感があり、静かですごしやすかったです。すぐ近くにイオンもあり、食事も困りませんでした。,,,清潔感があり、静かですごしやすかったです。すぐ近くにイオンもあり、食事も困りませんでした。,,,不明,rakuten_51870_88e3c1797da1aa0e1147865e6ec9044e
false,Booking.com,10,2026-01-31,,圧倒的に便利なロケーション（駅近、ショッピングモール、コンビニ）,以前置いてあったアイロンが各部屋から撤去された点,,圧倒的に便利なロケーション（駅近、ショッピングモール、コンビニ）,以前置いてあったアイロンが各部屋から撤去された点,Nagoya,bookingcom_272466_db270e0915c86b413d90961d21f001cf
false,じゃらん,5,2026-01-31,安かったので選びました。  ホテル自体は綺麗だし、買い物もイオンやコンビニもあり便利でした。  最寄り駅があまり利用したことのないりんかい線だったので心配してましたが、ディズニーリゾートへも乗り換え1回で行けて便利でした。  またディズニーリゾートに行くときは選択肢の一つとして考えたいと思います。  お世話になりました。,,,安かったので選びました。  ホテル自体は綺麗だし、買い物もイオンやコンビニもあり便利でした。  最寄り駅があまり利用したことのないりんかい線だったので心配してましたが、ディズニーリゾートへも乗り換え1回で行けて便利でした。  またディズニーリゾートに行くときは選択肢の一つとして考えたいと思います。  お世話になりました。,,,まっつんさん,jalan_362580_20eca688d1e37a9fe17c777e593d50d7
false,じゃらん,3,2026-01-30,ホテルはとても清潔感があり、今回は出張での利用でしたがＰＣでの作業スペースも確保でき快適でした。ただ駅近ではあるものの新幹線や飛行機を使っての移動だと乗り換えが発生します。そこだけ割り切れば良いホテルかと思いました。あと夜１０時を過ぎてチェックインをする場合はコンビニ以外は遅い夕食は近辺では難しい立地条件でした。,,,ホテルはとても清潔感があり、今回は出張での利用でしたがＰＣでの作業スペースも確保でき快適でした。ただ駅近ではあるものの新幹線や飛行機を使っての移動だと乗り換えが発生します。そこだけ割り切れば良いホテルかと思いました。あと夜１０時を過ぎてチェックインをする場合はコンビニ以外は遅い夕食は近辺では難しい立地条件でした。,,,kunioさん,jalan_362580_7ac02330e27594430ec94906e0a711a1
false,じゃらん,5,2026-01-30,TOYOTA ARENA TOKYOでのライブのため利用しました。  ホテルは品川シーサイド駅を出てすぐなので迷うことはなく、また会場までのアクセスも最高でした。  ホテルスタッフの皆様は清潔感があり、対応も親切でとても素晴らしかったです。  部屋はいわゆる一般的なビジネスホテルでしたが、清潔感があり満足でした。,,,TOYOTA ARENA TOKYOでのライブのため利用しました。  ホテルは品川シーサイド駅を出てすぐなので迷うことはなく、また会場までのアクセスも最高でした。  ホテルスタッフの皆様は清潔感があり、対応も親切でとても素晴らしかったです。  部屋はいわゆる一般的なビジネスホテルでしたが、清潔感があり満足でした。,,,つるださん,jalan_362580_11f9055a26644edfa8a1dff1bb4a9bb5
false,Booking.com,8,2026-01-29,,駅が近い。　イオン(スタバ)、コンビニも近くてとても便利でした。 ホテルのエレベーターも数台あるので、待たずに外出 出来ました。,ユニットバスの水栓が2ハンドル式だったので適温の調整が面倒でした。 特に洗面器の水栓は、洗顔や夜中の手洗い時に不便でした。,,駅が近い。　イオン(スタバ)、コンビニも近くてとても便利でした。 ホテルのエレベーターも数台あるので、待たずに外出 出来ました。,ユニットバスの水栓が2ハンドル式だったので適温の調整が面倒でした。 特に洗面器の水栓は、洗顔や夜中の手洗い時に不便でした。,Mika,bookingcom_272466_9e3c2ea2ba2cf7437598c6efa2f86db5
false,Agoda,4,2026-01-29,アメニティが少ない ,,,アメニティが少ない ,,,智昭,agoda_96271_35c34c04769e85c88879a161d469b022
false,Google,4,2026-01-29,最新の設備ではないですが、東京の中心地でお値打ち サービスも満足いくものでした また、利用したいと思います,,,最新の設備ではないですが、東京の中心地でお値打ち サービスも満足いくものでした また、利用したいと思います,,,I Nakajo,google_ChIJGcL-hHSKGGAR49LdCBFUUIY_8c85ea75b23c0112c9dca2e1271592d3
false,Booking.com,6,2026-01-29,,駅に近い。イオンで食事も出来る。,,,駅に近い。イオンで食事も出来る。,,Honan,bookingcom_272466_e0dc6a2a7ca2bbe5cd9e97fa07afd304
false,Agoda,9,2026-01-29,スタッフの方々はとても丁寧で親切でした。清掃もきちっとされておりとてもキレイでとてもいい旅行になりました。 食事なしのプランにしたので近くで購入し部屋で食べました。その際ごみがたくさん出てしまい部屋にあるゴミ箱には入りきらず…いろいろ見てまわりましたが部屋以外のゴミ箱を見つける事ができませんでした。（ペットボトルのゴミ箱はありました）一階にでもいいので1つ大きなゴミ箱があるとうれしかったです。その他は大変満足だったのでまた次回も泊まろうと思います。,,,スタッフの方々はとても丁寧で親切でした。清掃もきちっとされておりとてもキレイでとてもいい旅行になりました。 食事なしのプランにしたので近くで購入し部屋で食べました。その際ごみがたくさん出てしまい部屋にあるゴミ箱には入りきらず…いろいろ見てまわりましたが部屋以外のゴミ箱を見つける事ができませんでした。（ペットボトルのゴミ箱はありました）一階にでもいいので1つ大きなゴミ箱があるとうれしかったです。その他は大変満足だったのでまた次回も泊まろうと思います。,,,Sonomi,agoda_96271_691804ed5ac631a9c4237beba2f6ed45
false,じゃらん,4,2026-01-28,駅近くで移動に便利。ディズニーリゾートへも乗り換え一回なので楽です。空港行きのバス停も近くにあり東京での常宿です。,,,駅近くで移動に便利。ディズニーリゾートへも乗り換え一回なので楽です。空港行きのバス停も近くにあり東京での常宿です。,,,あちゃさん,jalan_362580_736f5d9c64f9157b16535d0783a9164f
false,じゃらん,4,2026-01-28,今回は観劇目的宿泊しております、交通はりんかい線と食事や日常品購入など付近のイオンモールいろいろとありまして、夜帰るでもフードコート営業しており  すごくよかったです  スタッフさんの対応も素晴らしいかったです,,,今回は観劇目的宿泊しております、交通はりんかい線と食事や日常品購入など付近のイオンモールいろいろとありまして、夜帰るでもフードコート営業しており  すごくよかったです  スタッフさんの対応も素晴らしいかったです,,,Kelly Tsangさん,jalan_362580_22e015f4ea8ef84d934b1dc5df53f4d2
false,じゃらん,4,2026-01-28,リニューアルしてお部屋も清潔感あり  ツインベッドの一つがソファベッドでしたが  しっかりとしたマットレスを敷いてあったので  違和感なく快適に眠れました。  浴槽も割合大きく  給湯もしっかりしてすごく暖まりました。  朝食も充実して満足でした。  ただパンを温めるトースターがあれば  言う事なしでしたが  それと駐車場完備となっていましたが  車体の高さの指定が低すぎて  利用出来なかったのが残念しでした。  ホテルの前にイオンスタイルがあり  そちらの広い駐車場を利用できたので  とりあえずは安心しました。,,,リニューアルしてお部屋も清潔感あり  ツインベッドの一つがソファベッドでしたが  しっかりとしたマットレスを敷いてあったので  違和感なく快適に眠れました。  浴槽も割合大きく  給湯もしっかりしてすごく暖まりました。  朝食も充実して満足でした。  ただパンを温めるトースターがあれば  言う事なしでしたが  それと駐車場完備となっていましたが  車体の高さの指定が低すぎて  利用出来なかったのが残念しでした。  ホテルの前にイオンスタイルがあり  そちらの広い駐車場を利用できたので  とりあえずは安心しました。,,,ゆきさん,jalan_362580_939a67b9cea5f65f8cf17293d9682ed4
false,じゃらん,5,2026-01-28,今回は観劇目的宿泊しております、交通はりんかい線と食事や日常品購入など付近のイオンモールいろいろとありまして、夜帰るでもフードコート営業しており  すごくよかったです  スタッフさんの対応も素晴らしいかったです,,,今回は観劇目的宿泊しております、交通はりんかい線と食事や日常品購入など付近のイオンモールいろいろとありまして、夜帰るでもフードコート営業しており  すごくよかったです  スタッフさんの対応も素晴らしいかったです,,,Kelly Tsangさん,jalan_362580_c7f5bc437eaf4699cf92350ca34d686f
false,Google,4,2026-01-27,,,,,,,kan maeshiro,google_ChIJGcL-hHSKGGAR49LdCBFUUIY_ac0f36e4db9f1251e0ed07fb3f39601b
false,Agoda,9,2026-01-27,立地は便利です,,,立地は便利です,,,YURI,agoda_96271_57aa5fbf72fe520a2e72f1923ccd96b2
false,Trip.com,9,2026-01-27,"Perfect location if want a quiet place to rest after the hustle and bustle of visiting busy places like Shibuya. Take the rinkai line which is just opposite the hotel, 20mins ride to shibuya.  Aeon mart, familymart, 7-11 and sukiya are just across the road at the business hub.  Room was extremely clean, no complains.",,,渋谷のような賑やかな場所を観光した後、静かにゆっくり休みたい方には最適なロケーションです。ホテルのすぐ向かいにあるりんかい線に乗れば、渋谷まで20分ほどです。イオンマート、ファミリーマート、セブンイレブン、すき家スーパーマーケットは、道路を挟んで向かい側のビジネス街にあります。部屋は非常に清潔で、文句のつけようがありませんでした。,,,ゲ‍ス‍ト,trip_1828060946
false,Booking.com,7,2026-01-26,,,,,,,Matteo,bookingcom_272466_386f5a33c3a60dc1c8166bebd1e6aaf2
false,Booking.com,10,2026-01-26,,駅近で最高です。,特にありません。,,駅近で最高です。,特にありません。,蒲池,bookingcom_272466_bc1d41842f91b5eff0e34827a1448f2d
false,Booking.com,9,2026-01-26,,品川シーサイド駅から近い！,特にない,,品川シーサイド駅から近い！,特にない,Yumiko,bookingcom_272466_68ca382ff2b808b7a8a33ddaa7f09eb8
false,楽天トラベル,4,2026-01-26,出張で東京ビックサイトの展示会を訪れる際に、前日泊で利用しました。 ＜アクセス＞ 　品川駅からバスですぐ近くまで移動でき、翌日のビックサイトへの移動もりんかい線で一本で行けたので良好。 ＜食事＞ 　到着日の夜は近くの商業施設の飲食店にて済ませました。お店の選択肢が少なく、不便に感じます。朝食はホテル内のビュッフェを利用。ビジネス利用としては十分でした。 ＜設備＞ 　部屋の広さはベッドの大きさを考えると普通ぐらい。洗面所はユニットバスで浴槽がかなり広く使いやすかった。唯一気になるのはテレビが小さかったことぐらいか。掃除は行き届いていた。,,,出張で東京ビックサイトの展示会を訪れる際に、前日泊で利用しました。 ＜アクセス＞ 　品川駅からバスですぐ近くまで移動でき、翌日のビックサイトへの移動もりんかい線で一本で行けたので良好。 ＜食事＞ 　到着日の夜は近くの商業施設の飲食店にて済ませました。お店の選択肢が少なく、不便に感じます。朝食はホテル内のビュッフェを利用。ビジネス利用としては十分でした。 ＜設備＞ 　部屋の広さはベッドの大きさを考えると普通ぐらい。洗面所はユニットバスで浴槽がかなり広く使いやすかった。唯一気になるのはテレビが小さかったことぐらいか。掃除は行き届いていた。,,,YasuP5248,rakuten_51870_8f815ee7f8acc37dc5219e49c73a5b2c
false,楽天トラベル,1,2026-01-26,仕事で2名連泊で利用させていただきました。代金と領収書を折半で支払いたく申し出しましたが、受け付けていただけませんでした。手書きの領収書でも構わないので頼みましたがそれもダメでした。 お客様の都合よりホテル側の都合でこの様な結果となり残念です。 仕事なので経理と税務署の確認も必要となり面倒になりました。  その為評価は最低とさせていただきます。,,,仕事で2名連泊で利用させていただきました。代金と領収書を折半で支払いたく申し出しましたが、受け付けていただけませんでした。手書きの領収書でも構わないので頼みましたがそれもダメでした。 お客様の都合よりホテル側の都合でこの様な結果となり残念です。 仕事なので経理と税務署の確認も必要となり面倒になりました。  その為評価は最低とさせていただきます。,,,19195581,rakuten_51870_8f1b5b30e17174e6465196e4569e2a8b
false,Trip.com,7,2026-01-26,部屋の机が広く、清潔で、部屋の広さもちょうどよかったです。 また利用させていただきたいと思います。,,,部屋の机が広く、清潔で、部屋の広さもちょうどよかったです。 また利用させていただきたいと思います。,,,ゲ‍ス‍ト,trip_1826220320
false,楽天トラベル,2,2026-01-26,チェックイン前に預けていたキャリーバッグを、目の前でバタン！と倒されたのに謝られず(小太りのメガネの女性スタッフ)、最悪な気持ちでのスタートになりました。荷物の扱いは気をつけた方がいいです。旅行先で買ったお皿が入ってたんですよ、、割れてませんでしたが謝ってほしかった。家族のキャリーバッグ倒しても普通謝ると思う。何も言わずにキャリーバッグを立て直して、黙って引き渡してきました。びっくりしすぎて指摘できなかったのが悔しい。  こちらのホテルは3ベッドなので予約しました。 特筆することが何もないくらいオススメのポイントが見つかりません。建物もやや古さを感じますが、割と静かで良かったです。駅も近いし。,,,チェックイン前に預けていたキャリーバッグを、目の前でバタン！と倒されたのに謝られず(小太りのメガネの女性スタッフ)、最悪な気持ちでのスタートになりました。荷物の扱いは気をつけた方がいいです。旅行先で買ったお皿が入ってたんですよ、、割れてませんでしたが謝ってほしかった。家族のキャリーバッグ倒しても普通謝ると思う。何も言わずにキャリーバッグを立て直して、黙って引き渡してきました。びっくりしすぎて指摘できなかったのが悔しい。  こちらのホテルは3ベッドなので予約しました。 特筆することが何もないくらいオススメのポイントが見つかりません。建物もやや古さを感じますが、割と静かで良かったです。駅も近いし。,,,北海道のたぬき,rakuten_51870_00884fa5ed9d9243cf5943339c81c32d
false,Agoda,8,2026-01-26,素泊まりで宿泊。駅近で近隣よりも安価で広さも狭くはなく、設備もきれいでした。ビジネス・旅行の拠点として使うには十分有効だと思います。,,,素泊まりで宿泊。駅近で近隣よりも安価で広さも狭くはなく、設備もきれいでした。ビジネス・旅行の拠点として使うには十分有効だと思います。,,,DAISUKE,agoda_96271_8b88baf10f0922fb33dd582d27fa8bb9
false,じゃらん,5,2026-01-26,TOYOTA ARENA TOKYOでのライブのため利用させていただきました。  品川シーサイド駅から迷わず行けるくらいめちゃくちゃ近かったです。駅からはA出口へ行くと道路挟んで目の前に出てるので本当に迷いません。  最初2泊の予定でしたが急遽ライブ追加で行けることになりそのまま３泊させていただいたのですが同じ部屋で追加で泊まるのに快く対応してくださって受付の方には本当に感謝しました。  アメニティに関して歯ブラシ以外はフロント近くに置いてありメイク落とし、化粧水、乳液などあるので家から持っていく必要なく有難かったです。  朝食はこんなにコスパ良いのに頑張ってくださってるのが伝わります。今食材高騰で大変な中ありがとうございます。  ホテルの前にイオンがあって23時までやってるのはとても助かりました。フードコートもあり夜ご飯も安く済み飲料も安く買えるしとても助かりました。  お台場辺りの会場でライブある時はまた利用させていただきたいです。,,,TOYOTA ARENA TOKYOでのライブのため利用させていただきました。  品川シーサイド駅から迷わず行けるくらいめちゃくちゃ近かったです。駅からはA出口へ行くと道路挟んで目の前に出てるので本当に迷いません。  最初2泊の予定でしたが急遽ライブ追加で行けることになりそのまま３泊させていただいたのですが同じ部屋で追加で泊まるのに快く対応してくださって受付の方には本当に感謝しました。  アメニティに関して歯ブラシ以外はフロント近くに置いてありメイク落とし、化粧水、乳液などあるので家から持っていく必要なく有難かったです。  朝食はこんなにコスパ良いのに頑張ってくださってるのが伝わります。今食材高騰で大変な中ありがとうございます。  ホテルの前にイオンがあって23時までやってるのはとても助かりました。フードコートもあり夜ご飯も安く済み飲料も安く買えるしとても助かりました。  お台場辺りの会場でライブある時はまた利用させていただきたいです。,,,ジャス姐さん,jalan_362580_8a085b0b99d8f7307c258b4ec7949f87
false,楽天トラベル,5,2026-01-25,大井町から一駅で、やや古めのイオンやコンビニあり便利です。スタッフもとても親切で、部屋やお風呂まビジネスホテルの中ではとても広くゆったりできます。,,,大井町から一駅で、やや古めのイオンやコンビニあり便利です。スタッフもとても親切で、部屋やお風呂まビジネスホテルの中ではとても広くゆったりできます。,,,紅のブゥ〜,rakuten_51870_ffcd8dac53137985b1ca4a75384df14d
false,Trip.com,10,2026-01-25,"Just opposite the train station, and easy access to anywhere. The price is good, the room is perfect for 1 pax, it has everything I needed. I was there for a business event at Daiba so it wasn’t too expensive for me to take a cab as it’s just around the corner.",,,駅の真向かいにあり、どこへ行くにも便利です。料金も手頃で、部屋は1人用にちょうど良く、必要なものはすべて揃っていました。私はダイバでのビジネスイベントのために滞在していたので、すぐ近くなのでタクシーを利用してもそれほど高くありませんでした。,,,S‍t‍e‍f‍f‍y‍l‍s‍y,trip_1825271004
false,Booking.com,10,2026-01-25,,,,,,,Chia-ling,bookingcom_272466_b9fd0c6fcdd477a5998e7b9d48e5d9c2
false,Agoda,10,2026-01-25,毎回利用させていただいてます。部屋は綺麗だしコスパもよく店員さんの対応も全最高です。,,,毎回利用させていただいてます。部屋は綺麗だしコスパもよく店員さんの対応も全最高です。,,,ATSUSHI,agoda_96271_9c339f0aefb2794418590698f1bec328
false,じゃらん,4,2026-01-25,夜到着したのでホテルの周りは静かなオフィス街でした。大きな駅から少し離れただけで予約もしやすく、価格も相応だと思います。観光目的でないのなら十分でしょう。ホテル前のコンビニで寝酒を買って静かにテレビを観ていました。加湿器が無くてフロントに電話したら設置してくれました。冬場は常設しても良いのでは…,,,夜到着したのでホテルの周りは静かなオフィス街でした。大きな駅から少し離れただけで予約もしやすく、価格も相応だと思います。観光目的でないのなら十分でしょう。ホテル前のコンビニで寝酒を買って静かにテレビを観ていました。加湿器が無くてフロントに電話したら設置してくれました。冬場は常設しても良いのでは…,,,ミッキーだよさん,jalan_362580_ecca1b302f780900c4cdf9709f5742ee
false,じゃらん,4,2026-01-25,出張で宿泊させていただきました。  部屋も綺麗ですし、駅に近くイオンもあるので、とても便利でした。  また、利用させてもらいます。,,,出張で宿泊させていただきました。  部屋も綺麗ですし、駅に近くイオンもあるので、とても便利でした。  また、利用させてもらいます。,,,みずりおさん,jalan_362580_7663b7b04e79d04e4813b2745569a5c0
false,Trip.com,10,2026-01-24,購物與餐飲：酒店對面即是永旺購物中心，內有超市、藥妝店和多間餐廳，生活機能便利。 觀光：酒店位置方便前往台場、東京迪士尼度假區、東京鐵塔等東京著名景點。 休閒：附近的河岸旁景色不錯，適合喜歡跑步的旅客。,,,ショッピングとダイニング：ホテルはイオンモールの真向かいに位置し、スーパーマーケット、ドラッグストア、多数のレストランなど、様々な施設へのアクセスが便利です。観光：ホテルの立地は、お台場、東京ディズニーリゾート、東京タワーなど、東京の有名な観光スポットへのアクセスに便利です。レジャー：近くの川沿いは景色が美しく、ジョギングを楽しむ旅行者に最適です。,,,鈴‍森‍千‍花,trip_1824095034
false,Trip.com,10,2026-01-24,快適なホテルです！,,,快適なホテルです！,,,k‍u‍-‍c‍h‍a‍n,trip_1824527780
false,楽天トラベル,4,2026-01-24,部屋は清潔で広くて良かったです。青物横丁駅からもう少し近ければ言うことなしでした。,,,部屋は清潔で広くて良かったです。青物横丁駅からもう少し近ければ言うことなしでした。,,,TKO2A,rakuten_51870_0e246e002494195dd30cb90b42ad2b8d
false,Booking.com,9,2026-01-24,,,,,,,구근,bookingcom_272466_93978847fef82589881227a8b147254a
false,楽天トラベル,5,2026-01-24,朝食が美味しい。,,,朝食が美味しい。,,,中山安兵衛,rakuten_51870_4ea11b71eaca76061503055ce422ccef
false,じゃらん,3,2026-01-24,何度か利用させていただいております。  ライブに行くのに今回は利用しました。  荷物もチェックイン前に預かって頂き、帰りもランチに行くので荷物を預かってもらいました。  ２人でちょっと狭く感じましたが、寝るだけだったので全然大丈夫でした。  また利用させて頂きたいです。,,,何度か利用させていただいております。  ライブに行くのに今回は利用しました。  荷物もチェックイン前に預かって頂き、帰りもランチに行くので荷物を預かってもらいました。  ２人でちょっと狭く感じましたが、寝るだけだったので全然大丈夫でした。  また利用させて頂きたいです。,,,愛菜さん,jalan_362580_9f6757d6382363e32627f1cd9a4ea2bb
false,じゃらん,4,2026-01-24,何度か利用させていただいております。  ライブに行くのに今回は利用しました。  荷物もチェックイン前に預かって頂き、帰りもランチに行くので荷物を預かってもらいました。  ２人でちょっと狭く感じましたが、寝るだけだったので全然大丈夫でした。  また利用させて頂きたいです。,,,何度か利用させていただいております。  ライブに行くのに今回は利用しました。  荷物もチェックイン前に預かって頂き、帰りもランチに行くので荷物を預かってもらいました。  ２人でちょっと狭く感じましたが、寝るだけだったので全然大丈夫でした。  また利用させて頂きたいです。,,,愛菜さん,jalan_362580_c4f1806f399acf4bca98cc1ac24818c8
false,楽天トラベル,5,2026-01-23,朝食が美味しかったです。 瓶を割ってご迷惑をお掛けしましたが、嫌な顔せず対応していただき、ありがとうございました。,,,朝食が美味しかったです。 瓶を割ってご迷惑をお掛けしましたが、嫌な顔せず対応していただき、ありがとうございました。,,,ニクマん監督,rakuten_51870_18cb6ead2bfc3a356a407642bf39b8cf
false,楽天トラベル,5,2026-01-23,寒かったので駅から近くて助かりましたぁ。 イオンも近くにあるので買い物も楽でした。 東京出張の際はまた利用したいです。,,,寒かったので駅から近くて助かりましたぁ。 イオンも近くにあるので買い物も楽でした。 東京出張の際はまた利用したいです。,,,マクロス3223,rakuten_51870_308c44583f5eceb506b9b144eb63c187
false,Booking.com,5,2026-01-22,,,,,,,Wenxin,bookingcom_272466_0d3ed6076917674c5ecaf0bf23865646
false,楽天トラベル,4,2026-01-22,窓からは日常を感じさせない景色が見え、とても良かったです。ヘアアイロンの貸し出しもあり、シャワーの水圧もバツグンによし、土地勘がなく品川駅の近辺だと思い予約しましたが、ホテルから地下鉄の駅もすぐ近くで、結果問題はなく移動しやすかったです。,,,窓からは日常を感じさせない景色が見え、とても良かったです。ヘアアイロンの貸し出しもあり、シャワーの水圧もバツグンによし、土地勘がなく品川駅の近辺だと思い予約しましたが、ホテルから地下鉄の駅もすぐ近くで、結果問題はなく移動しやすかったです。,,,えいとないん,rakuten_51870_aab0efb870857e7201569040e2964037
false,Booking.com,7,2026-01-21,,,,,,,Van,bookingcom_272466_f28f21aaea324472e73fe7dd2be19685
false,Booking.com,8,2026-01-21,,,,,,,Steven,bookingcom_272466_d41aa0b252a418e8990da1787920bf9a
false,楽天トラベル,4,2026-01-21,駅近で電車が混んで無いのが良かった。,,,駅近で電車が混んで無いのが良かった。,,,ぜんきちの旅,rakuten_51870_65c074a2afe1940844cf5375b8539270
false,Booking.com,10,2026-01-21,,,,,,,شهد,bookingcom_272466_32283c99959be98afc2e62e2bd287ec3
false,楽天トラベル,4,2026-01-20,駅から近く、少し歩けば飲食店もあり、イオンもあるので便利。また12時までいられるのでのんびり過ごすことができます。,,,駅から近く、少し歩けば飲食店もあり、イオンもあるので便利。また12時までいられるのでのんびり過ごすことができます。,,,ササ0530,rakuten_51870_a652cc8e6465d24476e2597b1c774688
false,楽天トラベル,4,2026-01-20,久しぶりに泊まりましたが、部屋も綺麗でした。 朝食も色んなメニューが有り良かったです。 ,,,久しぶりに泊まりましたが、部屋も綺麗でした。 朝食も色んなメニューが有り良かったです。 ,,,風の風来坊,rakuten_51870_06566c156658f8829e59467188a2b78c
false,Trip.com,8,2026-01-20,乾淨的酒店,,,清潔なホテル,,,n‍o‍b‍s‍a‍k‍0‍4‍1‍6,trip_1820423511
false,楽天トラベル,4,2026-01-20,仕事で東京に来た際に利用させていただきました。 目の前にイオンがありご飯買うのに便利でした。 ,,,仕事で東京に来た際に利用させていただきました。 目の前にイオンがありご飯買うのに便利でした。 ,,,こちゃろん,rakuten_51870_b49a3060492910c267a6d395a1d381df
false,楽天トラベル,5,2026-01-20,ディズニーや羽田空港からの帰りにいつもお世話になっているホテルです。綺麗な上に近くにコンビニもイオンもあるし、そして何よりもチェックアウトが12:00なこと、駅の目の前がホテルであることが最高です！！これからも利用させていただきます！！,,,ディズニーや羽田空港からの帰りにいつもお世話になっているホテルです。綺麗な上に近くにコンビニもイオンもあるし、そして何よりもチェックアウトが12:00なこと、駅の目の前がホテルであることが最高です！！これからも利用させていただきます！！,,,断捨離中です,rakuten_51870_bb8842844d70b5eaea33865bc6c0e029
false,じゃらん,5,2026-01-20,お台場でのイベントに参加する為に利用しました｡駅から近く大型ショッピングモールもありとても良かったです｡次回も利用したいと思います｡,,,お台場でのイベントに参加する為に利用しました｡駅から近く大型ショッピングモールもありとても良かったです｡次回も利用したいと思います｡,,,ぎんさん,jalan_362580_579e1e97d58c5a99c3e2f9d102d7f7bd
false,じゃらん,4,2026-01-20,有明でのイベントの為に利用しました。  りんかい線1本で移動出来て、ホテルの目の前にイオンがあるので買い物にも困らなかったです。  お部屋はエコノミーツインだったので、狭かったですが、寝るだけだったので不便は感じませんでした。  エアコンで部屋では暖かく過ごせたんですが、付けっぱなしにしていたので、加湿器が欲しかったなぁとは思いました。  (もしかしたら借りれたのかな？)  またイベントの際に利用させて頂きます。  ありがとうございました！,,,有明でのイベントの為に利用しました。  りんかい線1本で移動出来て、ホテルの目の前にイオンがあるので買い物にも困らなかったです。  お部屋はエコノミーツインだったので、狭かったですが、寝るだけだったので不便は感じませんでした。  エアコンで部屋では暖かく過ごせたんですが、付けっぱなしにしていたので、加湿器が欲しかったなぁとは思いました。  (もしかしたら借りれたのかな？)  またイベントの際に利用させて頂きます。  ありがとうございました！,,,もえこさん,jalan_362580_4b4396efde855e97d05d19eee69cc6f2
false,楽天トラベル,4,2026-01-20,駅から近く、少し歩けば飲食店もあり、イオンもあるので便利。また12時までいられるのでのんびり過ごすことができます。,,,駅から近く、少し歩けば飲食店もあり、イオンもあるので便利。また12時までいられるのでのんびり過ごすことができます。,,,ブノッキー,rakuten_51870_267e10262dcfa007091477b3d02fff75
false,Booking.com,8,2026-01-19,,,,,,,木原,bookingcom_272466_64db2dbf5c467c6cb32d40a380df96e6
false,楽天トラベル,5,2026-01-19,朝食バイキングがおいしかった。 駅からのアクセスもよく、迷わずに行けました。 冬場だったので、部屋に加湿器があれば良かったなぁと思います。,,,朝食バイキングがおいしかった。 駅からのアクセスもよく、迷わずに行けました。 冬場だったので、部屋に加湿器があれば良かったなぁと思います。,,,acc777,rakuten_51870_4af18206256a0ca41573c0bfb6b66503
false,楽天トラベル,4,2026-01-19,翌日羽田空港利用だったため、リムジンバスの停留所が近くにあり便利でした。,,,翌日羽田空港利用だったため、リムジンバスの停留所が近くにあり便利でした。,,,Sui1130,rakuten_51870_fddf6e5d7905423c4338c4130cd89782
false,楽天トラベル,5,2026-01-19,綺麗な部屋。いつも使ってます。,,,綺麗な部屋。いつも使ってます。,,,さるさるさるさ,rakuten_51870_7a063b92bbd7c71b23e5e765fc4e1374
false,Booking.com,10,2026-01-19,,駅が近い。 部屋も綺麗でホテルの雰囲気がとても良かった。,,,駅が近い。 部屋も綺麗でホテルの雰囲気がとても良かった。,,金井,bookingcom_272466_e9b9c3cdb08d7ed5dea47bf363bcae2b
false,Trip.com,9,2026-01-19,位置好，價錢平，房間足夠放兩個大行李,,,立地も良く、値段も手頃で、部屋も大型スーツケース2個が入るくらいの広さです。,,,ゲ‍ス‍ト,trip_1820082113
false,じゃらん,4,2026-01-19,出張素泊まりで利用。  駅から近く、商業施設もある。  朝食は商業施設のカフェでモーニングを食べました。  部屋やホテル内もキレイで不満はない。,,,出張素泊まりで利用。  駅から近く、商業施設もある。  朝食は商業施設のカフェでモーニングを食べました。  部屋やホテル内もキレイで不満はない。,,,りーちゃんさん,jalan_362580_2d4d5dba20e965131a6564945816a800
false,じゃらん,3,2026-01-19,出張素泊まりで利用。  駅から近く、商業施設もある。  朝食は商業施設のカフェでモーニングを食べました。  部屋やホテル内もキレイで不満はない。,,,出張素泊まりで利用。  駅から近く、商業施設もある。  朝食は商業施設のカフェでモーニングを食べました。  部屋やホテル内もキレイで不満はない。,,,りーちゃんさん,jalan_362580_538366aa9d4e81606242679a518996de
false,Booking.com,9,2026-01-18,,"Gutes, professionell geführtes, sauberes, gemütliches Hotel. Alles reibungslos funktioniert. Wenn man einfach nur ein normales Hotel sucht, in dem man ins Bett fallen kann, nachdem man in Haneda Airport gelandet ist, ist das Hearton wirklich perfekt. Das Personal ist höflich und hilfreich, wie man es erwartet und mein Hotelraum war sauber und von guter Größe, das Bett war gemütlich und an Ausstattung alles da. Der Blick über den Hafen ist auch nett. Sie haben da ein sehr vernünftiges System um die Umwelt zu schonen, mit dem sie das Bettzeug nur wechseln, wenn man ein kleines Schildchen rausstellt. Sehr gut! Das Zimmer wird natürlich trotzdem täglich gereinigt und das Bett gemacht. Der Stadtteil Shinagawa ist nicht gerade zentral, aber es gibt dort auch wirklich schöne und interessante Ecken! Die haben da einfach ein Stück der historischen Tōkaidō!","Man konnte das Fenster nur ankippen. Die Anbindung mit der Ubahn ist manchmal nicht perfekt, und die nahe Rinkai Line kostet glaub ich mehr als andere Ubahnen.",,清潔で快適な、プロフェッショナルな運営の良質なホテルです。すべてがスムーズに進みました。羽田空港に到着後、ベッドに倒れ込めるような普通のホテルをお探しなら、ハートンはまさに完璧です。スタッフは期待通り礼儀正しく親切で、私の部屋は清潔で広さも十分でした。ベッドは快適で、必要なアメニティはすべて揃っていました。港の景色も素敵です。環境保護のための非常に理にかなったシステムを採用しており、小さなタグを残した場合のみ寝具を交換してくれます。素晴らしい！もちろん、部屋は毎日清掃され、ベッドメイキングも毎日行われます。品川地区は中心部ではありませんが、本当に美しく興味深いエリアがいくつかあります！そこには歴史的な東海道の一部があります！,窓は傾けることしかできなかった。地下鉄の接続は必ずしも完璧ではなく、近くのりんかい線は他の地下鉄路線よりも料金が高いと思う。,Johannes,bookingcom_272466_454ed046584236cf8144aa9cf7e0baca
false,楽天トラベル,5,2026-01-18,東京ガーデンシアターで開催されたライブ観覧のため単身1泊で利用しましたが、駅前でアクセスが良く会場まで約30分、ホテル周辺にはショッピングセンターや食事できるお店も多く大変便利でした。フロントのスタッフさんの対応も良く部屋からの眺めも良し。また近くに行く際は是非利用したいと思います。,,,東京ガーデンシアターで開催されたライブ観覧のため単身1泊で利用しましたが、駅前でアクセスが良く会場まで約30分、ホテル周辺にはショッピングセンターや食事できるお店も多く大変便利でした。フロントのスタッフさんの対応も良く部屋からの眺めも良し。また近くに行く際は是非利用したいと思います。,,,gin97,rakuten_51870_5486574aa829dca432c8f704d41f31d0
false,じゃらん,4,2026-01-18,素朴な部屋ですが、綺麗です  ホテルの反対側にすぐ羽田空港までのバスがあって、  観光客の私にとってとても便利です,,,素朴な部屋ですが、綺麗です  ホテルの反対側にすぐ羽田空港までのバスがあって、  観光客の私にとってとても便利です,,,Nikiさん,jalan_362580_7e69a1051baf076fb64bc37669c8b61b
false,じゃらん,5,2026-01-18,母親と泊まりました。  21時イン＆翌日9時アウトでほんとに寝泊まりする為だけでしたが、特に問題点はありませんでした。ツインの部屋でしたが狭すぎることなく、サイドにローテーブルと1人席もあり、小さいけどクローゼットともあり荷物を置くのにも困りませんでした。,,,母親と泊まりました。  21時イン＆翌日9時アウトでほんとに寝泊まりする為だけでしたが、特に問題点はありませんでした。ツインの部屋でしたが狭すぎることなく、サイドにローテーブルと1人席もあり、小さいけどクローゼットともあり荷物を置くのにも困りませんでした。,,,suzukiさん,jalan_362580_1fc75e04a43f55bae6d201dcd17f5310
false,じゃらん,4,2026-01-18,夫婦で利用しました。山手線の西側中心に動きたいならお勧めです！  ただ、近くに居酒屋やレストランは少ないので安く宿泊し、色入なグルメ（乗り継ぎによっては豊洲に意外に近いのでそれを含む）を楽しみたいのであればお勧めできます！  今度は上層階に泊まってみたい！景色いいんだろうなぁ。,,,夫婦で利用しました。山手線の西側中心に動きたいならお勧めです！  ただ、近くに居酒屋やレストランは少ないので安く宿泊し、色入なグルメ（乗り継ぎによっては豊洲に意外に近いのでそれを含む）を楽しみたいのであればお勧めできます！  今度は上層階に泊まってみたい！景色いいんだろうなぁ。,,,じぇいさん,jalan_362580_e0e9346ddf1bf5ce4ccbe7eb7f7bf2bb
false,Google,4,2026-01-17,羽田空港内での仕事があり、利用させていただきました。羽田からリムジンバスで移動できて楽です。パジャマのにおいが少し気になってしまいました。,,,羽田空港内での仕事があり、利用させていただきました。羽田からリムジンバスで移動できて楽です。パジャマのにおいが少し気になってしまいました。,,,升方芳美,google_ChIJGcL-hHSKGGAR49LdCBFUUIY_847117a87bfbf902bfeab16988b2b580
false,楽天トラベル,5,2026-01-17,駅からも近く羽田空港へはバスで30分位でした。 またぜひ利用したいです。,,,駅からも近く羽田空港へはバスで30分位でした。 またぜひ利用したいです。,,,エルモ160128,rakuten_51870_373811a0f8f8deb9731ab7884452dc5c
false,楽天トラベル,5,2026-01-17,りんかい線の出口から近く、都内への観光拠点として大変便利でした。夜は周りに飲食店がないので近くのコンビニだけが頼りになりますが、朝早くに出て夜遅くに戻るタイプの滞在には不自由なく、機会があればまた利用したいと思います。,,,りんかい線の出口から近く、都内への観光拠点として大変便利でした。夜は周りに飲食店がないので近くのコンビニだけが頼りになりますが、朝早くに出て夜遅くに戻るタイプの滞在には不自由なく、機会があればまた利用したいと思います。,,,あべこべ39,rakuten_51870_85ead66e0f0cebbe8aa04bf247ed5340
false,楽天トラベル,4,2026-01-16,家族で宿泊しました。電車降りて直ぐホテルがあり子供もいたのでとても助かりました。近くにイオンもあり快適に過ごせました。また旅行の時は利用させていただきたいと思います。 ,,,家族で宿泊しました。電車降りて直ぐホテルがあり子供もいたのでとても助かりました。近くにイオンもあり快適に過ごせました。また旅行の時は利用させていただきたいと思います。 ,,,不明,rakuten_51870_00668ac31a1605f00aca1eceef3887d3
false,楽天トラベル,4,2026-01-16,ホテル独自のポイントが廃止予定なのは残念です。 その分、宿泊費はやすくなることに期待してます。,,,ホテル独自のポイントが廃止予定なのは残念です。 その分、宿泊費はやすくなることに期待してます。,,,キルヒアイス6357,rakuten_51870_b74eb4e722b82f41ade2b6e341338e09
false,楽天トラベル,5,2026-01-16,朝食もとても美味しく部屋も綺麗で使いやすかったです。 駅近、スーパー近く、コンビニ近く、飲食店近く絶肥の立地だと思います また泊まりたいです,,,朝食もとても美味しく部屋も綺麗で使いやすかったです。 駅近、スーパー近く、コンビニ近く、飲食店近く絶肥の立地だと思います また泊まりたいです,,,daumo,rakuten_51870_0799c8e37e8a1e076034f51375d5711b
false,Booking.com,10,2026-01-16,,,,,,,Tobata,bookingcom_272466_7577bbb31db455113a3691687834553d
false,Booking.com,8,2026-01-16,,,,,,,Kakizaki,bookingcom_272466_8baaca9e2db296942212be256ceb398d
false,じゃらん,4,2026-01-16,今回も利用させて頂きました。やはり空港〜のアクセスや他ルートもアクセスが良く便利でした。勿論、お部屋も綺麗で過ごしやすかったです。しかしエアコン暖房使い慣れて無いので一瞬戸惑いました。つけっぱなしだと乾燥するし、暑くなるので止めましたが、北国の者にとっては少々寒く感じました。ひやっとする布団一枚だと、しかも軽すぎて乱れてしまい、足元が寒かったです。殆どのホテルは毛布などは無いようですが有れば貸出出来るサービスも有れば助かります。昔何処かのホテルで一度有りましたが、どうなんでしょうね。特に冬場は快適睡眠とは行きませんでした。全く眠れず二日目は工夫して、辛うじてどうにか眠れました。しかしアクセス良いので又利用すると思います。朝食は少し物足りないかな？,,,今回も利用させて頂きました。やはり空港〜のアクセスや他ルートもアクセスが良く便利でした。勿論、お部屋も綺麗で過ごしやすかったです。しかしエアコン暖房使い慣れて無いので一瞬戸惑いました。つけっぱなしだと乾燥するし、暑くなるので止めましたが、北国の者にとっては少々寒く感じました。ひやっとする布団一枚だと、しかも軽すぎて乱れてしまい、足元が寒かったです。殆どのホテルは毛布などは無いようですが有れば貸出出来るサービスも有れば助かります。昔何処かのホテルで一度有りましたが、どうなんでしょうね。特に冬場は快適睡眠とは行きませんでした。全く眠れず二日目は工夫して、辛うじてどうにか眠れました。しかしアクセス良いので又利用すると思います。朝食は少し物足りないかな？,,,ブースカさん,jalan_362580_b1f18f9b5b9d8a9d86c9aeda8796e2b7
false,Booking.com,8,2026-01-15,,,,,,,Kanami,bookingcom_272466_1eb8db5c9c1b4942a0db13adaf249acf
false,楽天トラベル,4,2026-01-15,何回か利用しています。交通の便、買い物、清潔さに不便はなく安心してのんびり過ごしました。また利用したいと思います。,,,何回か利用しています。交通の便、買い物、清潔さに不便はなく安心してのんびり過ごしました。また利用したいと思います。,,,サラダ巻き,rakuten_51870_0fad1c783080f1453fc26c49208991bb
false,Booking.com,7,2026-01-15,,,,,,,Sakae,bookingcom_272466_87492d11366db5e8c3212a39755130cb
false,Booking.com,10,2026-01-15,,,,,,,ぴんじぃ,bookingcom_272466_bd4893442cd6ae1c1d3168ddefc6e47d
false,じゃらん,4,2026-01-15,品川シーサイド駅から出て道路向かいにすぐホテルがあるので迷いなく行けて良かったです。  朝食が思った以上に品数があり、和洋どちらも美味しくいただきました。スタッフさんが細かく見廻りをしていて常に補充してくださるのが良かったです。,,,品川シーサイド駅から出て道路向かいにすぐホテルがあるので迷いなく行けて良かったです。  朝食が思った以上に品数があり、和洋どちらも美味しくいただきました。スタッフさんが細かく見廻りをしていて常に補充してくださるのが良かったです。,,,てんさん,jalan_362580_eaa57cd933f2463715e72c5a182b59be
false,じゃらん,4,2026-01-15,ライブ遠征でホテルを利用しました。三連休の中日でどこも満室＆高騰！そのなかで比較的良心的な値段で宿泊できました。駅からも目の前ですぐわかりました。また利用します。,,,ライブ遠征でホテルを利用しました。三連休の中日でどこも満室＆高騰！そのなかで比較的良心的な値段で宿泊できました。駅からも目の前ですぐわかりました。また利用します。,,,よもよもさん,jalan_362580_a125934582984708374aa562ee48af8d
false,じゃらん,4,2026-01-15,駅の目の前で、部屋も広め。朝食も美味しく、ホテル自体はとても満足でした  近くにイオンがありますが、居酒屋などを楽しみたいなら別の場所で済ませた方が良いと思います  青物横丁に行けば少し賑やかですが、分煙の関係で子供入店が出来ない店が多く、少し困りました  首都圏で宿泊料金が高騰するなか、コスパが良く、ホテル自体とても良かったのでおすすめです！,,,駅の目の前で、部屋も広め。朝食も美味しく、ホテル自体はとても満足でした  近くにイオンがありますが、居酒屋などを楽しみたいなら別の場所で済ませた方が良いと思います  青物横丁に行けば少し賑やかですが、分煙の関係で子供入店が出来ない店が多く、少し困りました  首都圏で宿泊料金が高騰するなか、コスパが良く、ホテル自体とても良かったのでおすすめです！,,,綾ママさん,jalan_362580_9bed26880817c5d69ddf494e8940b99a
false,じゃらん,4,2026-01-15,駅の目の前で、部屋も広め。朝食も美味しく、ホテル自体はとても満足でした  近くにイオンがありますが、居酒屋などを楽しみたいなら別の場所で済ませた方が良いと思います  青物横丁に行けば少し賑やかですが、分煙の関係で子供入店が出来ない店が多く、少し困りました  首都圏で宿泊料金が高騰するなか、コスパが良く、ホテル自体とても良かったのでおすすめです！,,,駅の目の前で、部屋も広め。朝食も美味しく、ホテル自体はとても満足でした  近くにイオンがありますが、居酒屋などを楽しみたいなら別の場所で済ませた方が良いと思います  青物横丁に行けば少し賑やかですが、分煙の関係で子供入店が出来ない店が多く、少し困りました  首都圏で宿泊料金が高騰するなか、コスパが良く、ホテル自体とても良かったのでおすすめです！,,,不明,jalan_362580_71a3650cc5c0ca6e562d6e4556938116
false,Google,5,2026-01-14,,,,,,,Toshi.,google_ChIJGcL-hHSKGGAR49LdCBFUUIY_f4efaab4aabc4c2ecdfe071d208556a2
false,楽天トラベル,4,2026-01-14,主人と2人ですが、シングル2部屋で利用しました。ベッドも広くて大柄な主人も楽でした。 朝ごはんのバイキングも美味しくいただきました。早割りがありお得に泊まれたし、駐車場代も安く、利用はしなかったけどチェックアウトも12時と遅めなのがいいですね。また利用させていただきます。  予約時に駐車場の空きを確認するのに、ダメもとで23時ごろ問い合わせをさせてもらいましたが、留守電ではなく対応してもらえて助かりました。ありがとうございました。,,,主人と2人ですが、シングル2部屋で利用しました。ベッドも広くて大柄な主人も楽でした。 朝ごはんのバイキングも美味しくいただきました。早割りがありお得に泊まれたし、駐車場代も安く、利用はしなかったけどチェックアウトも12時と遅めなのがいいですね。また利用させていただきます。  予約時に駐車場の空きを確認するのに、ダメもとで23時ごろ問い合わせをさせてもらいましたが、留守電ではなく対応してもらえて助かりました。ありがとうございました。,,,不明,rakuten_51870_0ee482982e39c84ca25a5f8a600649fa
false,Trip.com,8,2026-01-14,晚上抵達的，入住辦理快速.退房也可以寄存行李.,,,夕方に到着したので、チェックインはスムーズでした。チェックアウト時の荷物預かりサービスも利用できます。,,,Y‍a‍n‍g‍j‍i‍a‍o‍Y,trip_1814980997
false,じゃらん,4,2026-01-14,駅からも近くすぐわかりました。  目の前にあるイオンは、どこから入るの？たぶん裏側なのか、迷ってしまいましたが買い物には便利です。  朝食も、お値段の割には満足できる内容でした。  バス停も近いです。,,,駅からも近くすぐわかりました。  目の前にあるイオンは、どこから入るの？たぶん裏側なのか、迷ってしまいましたが買い物には便利です。  朝食も、お値段の割には満足できる内容でした。  バス停も近いです。,,,suchiさん,jalan_362580_00231dd3040b90796310a18c635314d3
false,じゃらん,3,2026-01-14,駅からも近くすぐわかりました。  目の前にあるイオンは、どこから入るの？たぶん裏側なのか、迷ってしまいましたが買い物には便利です。  朝食も、お値段の割には満足できる内容でした。  バス停も近いです。,,,駅からも近くすぐわかりました。  目の前にあるイオンは、どこから入るの？たぶん裏側なのか、迷ってしまいましたが買い物には便利です。  朝食も、お値段の割には満足できる内容でした。  バス停も近いです。,,,suchiさん,jalan_362580_fa28b5bb737bf8639d155d2d956e54c6
false,Booking.com,8,2026-01-13,,,,,,,Chao,bookingcom_272466_22be0478dfe172c9bbb400808c9543bf
false,Trip.com,10,2026-01-13,"Hotel is just opposite the exit of Shinagawa Seaside, with escalator and elevator accessibility, make it hassle free for access",,,ホテルは品川海浜の出口の真向かいに位置し、エスカレーターとエレベーターが利用できるため、アクセスが非常に便利です。,,,ゲ‍ス‍ト,trip_1813783994
false,Booking.com,10,2026-01-13,,とてもコスパが良く、スタッフの対応、部屋の清潔感もあり良かった,交通便が少しだけ不便、主要駅に行くため、最寄りから乗り換えが思ったより必要だった,,とてもコスパが良く、スタッフの対応、部屋の清潔感もあり良かった,交通便が少しだけ不便、主要駅に行くため、最寄りから乗り換えが思ったより必要だった,Riku,bookingcom_272466_56012e6d2867f67c5714f101c182c091
false,楽天トラベル,4,2026-01-13,快適に過ごせたのでとてもよかったです！ ,,,快適に過ごせたのでとてもよかったです！ ,,,あーちん☺︎,rakuten_51870_10b0c82cab1ae1b847cdea8f89fea19c
false,Trip.com,10,2026-01-13,略舊但是整體很不錯,,,多少使用感はあるものの、全体的に非常に良い状態です。,,,k‍e‍n‍0‍0‍7,trip_1813942043
false,じゃらん,4,2026-01-13,目的地に近く便利な立地でした。  また利用したいとおもいます。  朝食の時間が6時くらいから食べれたらなおよかったですが  ‥,,,目的地に近く便利な立地でした。  また利用したいとおもいます。  朝食の時間が6時くらいから食べれたらなおよかったですが  ‥,,,森ママさん,jalan_362580_c7c9bc86ce9a0ecb4f14100e31787e14
false,じゃらん,2,2026-01-13,違う客を対応しているスタッフは、アメニティ、パジャマなどについて説明しているのに、私を担当したスタッフはルームキーを渡すのみ。必要なかったからよかったが、領収証の宛名を聞かれたのに領収証はもらえなかった。部屋はエアコンをつけるとドンドン音が鳴るためうるさくてつけられなかった。,,,違う客を対応しているスタッフは、アメニティ、パジャマなどについて説明しているのに、私を担当したスタッフはルームキーを渡すのみ。必要なかったからよかったが、領収証の宛名を聞かれたのに領収証はもらえなかった。部屋はエアコンをつけるとドンドン音が鳴るためうるさくてつけられなかった。,,,岩田さん,jalan_362580_8aa2e7c026e76c7bae741be24f3410f6
false,楽天トラベル,5,2026-01-12,静かな場所と、イオンがすぐ近くという立地で出張に重宝しました。バーガーキングが近くと言うのもありがたいです。 朝ご飯の健康的でおいしいものでした。,,,静かな場所と、イオンがすぐ近くという立地で出張に重宝しました。バーガーキングが近くと言うのもありがたいです。 朝ご飯の健康的でおいしいものでした。,,,野良犬の旅,rakuten_51870_be0fd47ee1349087f53b3583816bf1c6
false,じゃらん,4,2026-01-12,りんかい線からほど近くなので、お台場エリアでの用事の際に泊まるにはぴったりです。お部屋も綺麗で過ごしやすかったです。,,,りんかい線からほど近くなので、お台場エリアでの用事の際に泊まるにはぴったりです。お部屋も綺麗で過ごしやすかったです。,,,らぎさん,jalan_362580_9bf7500a0b4b391aa11b428e46264318
false,じゃらん,4,2026-01-12,有明ガーデンに用事があり宿泊しました。アメニティは必要なものは揃っていて快適でした！建物は清潔感もあり、外国人も少なくて、快適に過ごせました。また利用したいと思います。,,,有明ガーデンに用事があり宿泊しました。アメニティは必要なものは揃っていて快適でした！建物は清潔感もあり、外国人も少なくて、快適に過ごせました。また利用したいと思います。,,,KTKさん,jalan_362580_dbe87d88c2557a6be4caf9fb31eb8b7c
false,じゃらん,5,2026-01-12,有明ガーデンに用事があり宿泊しました。アメニティは必要なものは揃っていて快適でした！建物は清潔感もあり、外国人も少なくて、快適に過ごせました。また利用したいと思います。,,,有明ガーデンに用事があり宿泊しました。アメニティは必要なものは揃っていて快適でした！建物は清潔感もあり、外国人も少なくて、快適に過ごせました。また利用したいと思います。,,,KTKさん,jalan_362580_ad197a6844e702c086e65fcaa1f99702
false,楽天トラベル,5,2026-01-10,駅前で便利でした,,,駅前で便利でした,,,もーりんじゅり,rakuten_51870_5bd0f09e849d09dbc0d1e743c92e3962
false,楽天トラベル,4,2026-01-10,お部屋があれば、交通の便が良く、近くにイオンがあるので、毎回利用させていただいてます。 私はこのホテルで困ったことは特になかったです。,,,お部屋があれば、交通の便が良く、近くにイオンがあるので、毎回利用させていただいてます。 私はこのホテルで困ったことは特になかったです。,,,Chocoboooooooooru,rakuten_51870_872a2888db99a4c961bb6dd78fa9b4b6
false,Booking.com,9,2026-01-09,,Great team and a perfect location between airport and city after a hell flight,,,素晴らしいチームと、地獄のようなフライトの後でも空港と市内の中間に位置する最高のロケーション,,Ashley,bookingcom_272466_102c3f4c4fbbae0a8317cc628f3b0f56
false,Booking.com,10,2026-01-08,,,,,,,Paulina,bookingcom_272466_6d0e7b7d6397994bd64fd4593ed95b65
false,Google,3,2026-01-08,部屋が、狭い 眺望も良くない,,,部屋が、狭い 眺望も良くない,,,吉井雄二,google_ChIJGcL-hHSKGGAR49LdCBFUUIY_969708d84653ff7f43920fa832f85d1d
false,Trip.com,10,2026-01-08,呢個價位黎講，一個人住夠晒大，完全無開唔到行李箱呢個問題。 鐵路站出一分鐘，搭幾個站就到台場，budget有限嘅好適合。,,,この価格帯にしては、スーツケースが開かないといった問題もなく、一人暮らしには十分な広さです。駅から徒歩1分、お台場まで数駅なので、予算が限られている方にも最適です。,,,ゲ‍ス‍ト,trip_1808880224
false,Trip.com,10,2026-01-08,"Отель очень понравился! В Токио уже третий раз и этот отель понравился гораздо больше, чем предыдущие, где останавливались. Месторасположение отличное, прямо через дорогу метро, по которому можно доехать до большинства достопримечательностей, например до Шибуи не более 30 минут. С гугл-картами передвигаться очень удобно. В 15 минутах ходьбы от отеля ещё одна линия метро, по которой очень удобно ехать в аэропорт Ханеда, всего 20 минут на экспрессе. Рядом с отелем улица с кафешками, где можно покушать, и всё кобини, и Севен Иллевен, и Фэмэли март, и Лауассон. Очень удобно. Прямо напротив отела большой супермаркет Леон, на цокольном этаже там огромный продуктовый супермаркет, а на этажах одежда, косметика и другие товары. Номер у нас был просторный, большая прихожая, где спокойно можно ставить чемоданы, просторная ванная, две полуторные кровати, ещё и столик с креслами. У нас номер был угловой на 16 этаже, окна одно на город, а второе на залив, вид сногсшибательный! В номере есть всё: халаты, тапочки, все мыльные принадлежности, щётки и мочалки пополняли ежедневно, уборка тоже ежедневно, меняли и полотенца и халаты. Внизу у ресепшена стоят коробочки, в которых можно брать чай, кофе, одноразовые упаковки лосьена для лица и умывалки, ватные палочки и т.д.  Очень хорошее отношение персонала, вообщем мне всё очень понравилось! Спасибо большое персоналу отеля за его работу!",,,このホテル、本当に気に入りました！東京に来るのは今回で3回目ですが、これまで泊まったホテルよりもずっと良かったです。立地は最高で、地下鉄の駅が通りの向かい側にあり、渋谷などほとんどの観光スポットに30分以内で行けます。Googleマップを使えば、移動もとても簡単です。別の地下鉄路線もホテルから徒歩15分で行けるので、羽田空港へのアクセスも非常に便利で、特急電車も20分で行けます。ホテルの近くには、カフェが立ち並ぶ通りがあり、コビニ、セブンイレブン、ファミリーマート、ローソンなど、食事も楽しめます。とても便利です。ホテルの真向かいには、地下に巨大な食料品店、上層階には衣料品、化粧品、その他の商品が並ぶ大型スーパーマーケット、レオンがあります。私たちの部屋は広々としていて、スーツケースを楽に収納できる広い廊下、広々としたバスルーム、ツインベッド2台、テーブルと椅子がありました。 16階の角部屋に泊まりました。窓からは街並みと湾が一望でき、眺めは最高でした！部屋にはバスローブ、スリッパ、アメニティ、ブラシ、タオルなど、必要なものがすべて揃っていて、毎日補充されていました。清掃も毎日行われ、タオルとバスローブも交換されていました。階下の受付エリアには、紅茶やコーヒー、使い捨ての化粧水や洗顔料、綿棒などが入った箱が用意されていました。スタッフの方々もとても親切で、全体的に全てが素晴らしかったです！ホテルのスタッフの皆様、本当にありがとうございました！,,,ゲ‍ス‍ト,trip_1808919382
false,じゃらん,5,2026-01-08,乗り換えが心配なｔｗ田舎者ですが、問題なくたどり着けました。色んなプランがあり、お安く泊まれてありがたかったです。,,,乗り換えが心配なｔｗ田舎者ですが、問題なくたどり着けました。色んなプランがあり、お安く泊まれてありがたかったです。,,,ふーちゃんさん,jalan_362580_07f2b0b1e2155a12633767bb25915ca4
false,じゃらん,4,2026-01-08,乗り換えが心配なｔｗ田舎者ですが、問題なくたどり着けました。色んなプランがあり、お安く泊まれてありがたかったです。,,,乗り換えが心配なｔｗ田舎者ですが、問題なくたどり着けました。色んなプランがあり、お安く泊まれてありがたかったです。,,,ふーちゃんさん,jalan_362580_35dd0879ee9f2f48391c0a3d16327c43
false,Booking.com,9,2026-01-07,,眺めもアクセスも良く清潔感のある綺麗なホテルでした。,,,眺めもアクセスも良く清潔感のある綺麗なホテルでした。,,K,bookingcom_272466_8041cc939024e3b53ac17d0bd5b263b1
false,Agoda,8,2026-01-07,2泊3日の一人旅だったのですが、とっても快適に過ごせました！ただ、マドラーはあったのですが、スプーンがなくて買って来たヨーグルトが食べられず困りました笑小さなスプーンがあれば良かったかな？と。,,,2泊3日の一人旅だったのですが、とっても快適に過ごせました！ただ、マドラーはあったのですが、スプーンがなくて買って来たヨーグルトが食べられず困りました笑小さなスプーンがあれば良かったかな？と。,,,敬子,agoda_96271_3d79c65b7801734998356dc4470f1919
false,Agoda,9,2026-01-07,某同人即売会でお世話になりました。ロケーションを含め、近所には百均もあり、サークル参加で困らなかったです。,,,某同人即売会でお世話になりました。ロケーションを含め、近所には百均もあり、サークル参加で困らなかったです。,,,TAKERU,agoda_96271_62f99c164c51dc6fe0079ebdfc600bf9
false,Booking.com,9,2026-01-07,,Molto pulito. Ottima vista. Vicino alla fermata dell’autobus,,,とても清潔。眺めも最高。バス停も近い。,,Sofia,bookingcom_272466_f3966c55c7fd10fe7132ce7cbb030deb
false,Booking.com,9,2026-01-07,,Next to the Shinagawa train station but it is quite a walk from the airport train (Keikyu).,Pillows are really hard.,,品川駅のすぐそばですが、空港電車（京急線）からはかなり歩く必要があります。,枕って本当に硬いよね。,Dat,bookingcom_272466_a721f80fabe6cf7462fc2e2253f66f75
false,じゃらん,3,2026-01-07,立地は駅から近く便利です。学生の団体がおられたため、エレベーターの待ち時間が長く苦労した。複数の子供と一緒なのでトリプルルームがあるのは助かった。トリプルなので部屋は広め、掃除はされていると思うがカーペット等は若干年季を感じる。バスルームトイレは普通のビジネスホテル並。掃除は行き届いており清潔。朝食会場は広くてよかったが、食べ物の種類がもう少しあってもよいのではと感じる。従業員の皆様ありがとうございました。,,,立地は駅から近く便利です。学生の団体がおられたため、エレベーターの待ち時間が長く苦労した。複数の子供と一緒なのでトリプルルームがあるのは助かった。トリプルなので部屋は広め、掃除はされていると思うがカーペット等は若干年季を感じる。バスルームトイレは普通のビジネスホテル並。掃除は行き届いており清潔。朝食会場は広くてよかったが、食べ物の種類がもう少しあってもよいのではと感じる。従業員の皆様ありがとうございました。,,,daiさん,jalan_362580_03a39cfa4416510b4eb8ee83faf90056
false,Trip.com,8,2026-01-06,Sangat bagus,,,とても良い,,,S‍i‍s‍k‍a‍ ‍D‍e‍s‍n‍a‍n‍d‍a,trip_1806112074
false,Booking.com,10,2026-01-06,,,,,,,Iijima,bookingcom_272466_7af440a29d1777bf52ecce8a645d4bef
false,Booking.com,8,2026-01-06,,"Miła obsługa, duży wybór na śniadaniu w formie bufetu szwedzkiego, a łóżko było wygodne.",Mała wanna — nie da się w niej usiąść ani wyprostować nóg. W palarni było duszno i brakowało świeżego powietrza.,,サービスは親切で、朝食ビュッフェの種類も豊富、ベッドも快適でした。,浴槽は小さすぎて、座ったり足を伸ばしたりすることができなかった。喫煙室は空気がこもっていて、新鮮な空気がなかった。,Łukasz,bookingcom_272466_bc6371626680f30a4539cf9b065211ec
false,Trip.com,9,2026-01-06,とても快適だ,,,とても快適だ,,,최‍형‍걸,trip_1806273798
false,Trip.com,9,2026-01-06,整體不錯 樓下有地鐵 永旺 比較方便 離機場近,,,全体的に見て良いです。階下には地下鉄の駅とイオンモールがあり、とても便利です。空港にも近いです。,,,2‍0‍5‍6‍9‍5‍*‍*‍*‍*,trip_1806836397
false,楽天トラベル,4,2026-01-06,連泊しましたが快適に過ごせました。ロケーション・設備・サービス・コスパ等、申し分なかったです。 しいて言えば、ツインにしては部屋がやや狭かったことと、無料のコーヒーの味は不味かったです。,,,連泊しましたが快適に過ごせました。ロケーション・設備・サービス・コスパ等、申し分なかったです。 しいて言えば、ツインにしては部屋がやや狭かったことと、無料のコーヒーの味は不味かったです。,,,やっちゃん317,rakuten_51870_6776ff05099431c6a266d3e74de40d8a
false,Agoda,9,2026-01-06,,眺めもアクセスも良く清潔感のある綺麗なホテルでした。,,,眺めもアクセスも良く清潔感のある綺麗なホテルでした。,,K,agoda_96271_7b4116e25d042a0312f90a2537376e81
false,Booking.com,8,2026-01-05,,比較的安価な割には、とても良いホテルでした。,,,比較的安価な割には、とても良いホテルでした。,,Masaharu,bookingcom_272466_70f4b4e8f172e855a378fb7df42c95bd
false,Booking.com,8,2026-01-05,,,,,,,林,bookingcom_272466_1b76318bea217218dce19335c594906b
false,Booking.com,10,2026-01-05,,,,,,,Aniruddha,bookingcom_272466_6126af4b1102450d8f7e02940eaef76f
false,Booking.com,6,2026-01-05,,Prima kamers. Het is een hotel van de Hilton groep. Van oorsprong is dit (duidelijk zichtbaar) een vroeger oud hotel.,Locatie en voor Japan en dit soort hotels zeer beperkt Engels  sprekend personeel,,客室は上質です。ヒルトングループのホテルです。元々は（はっきりとわかるように）古いホテルだったようです。,立地条件、そして日本国内のこの種のホテルとしては英語を話せるスタッフが非常に少ない点が問題です。,Christina,bookingcom_272466_c38b5c06a5a618cc3d7db434ce92555d
false,Booking.com,10,2026-01-05,,,,,,,Dai,bookingcom_272466_c1feb977aec20ec92217122de8ed6028
false,Booking.com,8,2026-01-04,,,,,,,Setioko,bookingcom_272466_13a180001074b8722153af0ac01e8336
false,Trip.com,10,2026-01-04,舒服，外面就有車站，方便去機場,,,快適です。すぐ外にバス停があるので、空港へのアクセスも便利です。,,,M‍7‍5‍3‍7‍4‍8‍*‍*‍*‍*,trip_1804487705
false,楽天トラベル,4,2026-01-04,高層階のお部屋でしたので、眺めが最高でした。  ,,,高層階のお部屋でしたので、眺めが最高でした。  ,,,kenkenpa,rakuten_51870_1055cd26c91c864338476ebe4f86b47e
false,Booking.com,10,2026-01-04,,,,,,,Subeen,bookingcom_272466_ac5e96bbfe4b04737554cf9438ca821d
false,Booking.com,10,2026-01-04,,,,,,,Chuchun,bookingcom_272466_d875c92c28bbd3b59fa5c2a1437c0813
false,じゃらん,3,2026-01-04,品川シーサイド駅、イオンのすぐそばでとても立地が良く、部屋も清潔でした。  だけど、朝食はもう少し努力してほしい。品数もだけど、焼魚や鶏肉がパサついていて残念でした。  喫煙の部屋ではあるけれど、タバコの臭いが染み付いていたので、少し消臭した方がいいと思う。,,,品川シーサイド駅、イオンのすぐそばでとても立地が良く、部屋も清潔でした。  だけど、朝食はもう少し努力してほしい。品数もだけど、焼魚や鶏肉がパサついていて残念でした。  喫煙の部屋ではあるけれど、タバコの臭いが染み付いていたので、少し消臭した方がいいと思う。,,,シトラスさん,jalan_362580_cb73ac9687bef1be439fc9740e807390
false,じゃらん,5,2026-01-04,福岡からインドに行くために東京前泊で利用しました。  チェックイン前にスーツケースを預かっていただき、身軽に観光に出かけることができ、とても助かりました。  出発前にもスーツケースの重量が気になったので相談したら、快く測りを貸していただき安心して羽田に向かうことができました。  シャトルバスも出ていてそこもgoodポイントでした。,,,福岡からインドに行くために東京前泊で利用しました。  チェックイン前にスーツケースを預かっていただき、身軽に観光に出かけることができ、とても助かりました。  出発前にもスーツケースの重量が気になったので相談したら、快く測りを貸していただき安心して羽田に向かうことができました。  シャトルバスも出ていてそこもgoodポイントでした。,,,あっこぱんさん,jalan_362580_b7f0046664385c84137391f2214bbf44
false,じゃらん,4,2026-01-04,遠征で東京に行ったので、土地勘がなく不安でしたが、駅からホテルが本当に近くて迷わず行き帰りができました。チェックイン前に荷物も預かって頂けたり、受付の方も笑顔で良かったです。また、部屋もキレイで過ごしやすくて良かったです。また利用したいです。ありがとうございました。,,,遠征で東京に行ったので、土地勘がなく不安でしたが、駅からホテルが本当に近くて迷わず行き帰りができました。チェックイン前に荷物も預かって頂けたり、受付の方も笑顔で良かったです。また、部屋もキレイで過ごしやすくて良かったです。また利用したいです。ありがとうございました。,,,02nicole11さん,jalan_362580_82ddb667bfb72e4efbc945ba045912ba
false,じゃらん,4,2026-01-04,品川シーサイド駅、イオンのすぐそばでとても立地が良く、部屋も清潔でした。  だけど、朝食はもう少し努力してほしい。品数もだけど、焼魚や鶏肉がパサついていて残念でした。  喫煙の部屋ではあるけれど、タバコの臭いが染み付いていたので、少し消臭した方がいいと思う。,,,品川シーサイド駅、イオンのすぐそばでとても立地が良く、部屋も清潔でした。  だけど、朝食はもう少し努力してほしい。品数もだけど、焼魚や鶏肉がパサついていて残念でした。  喫煙の部屋ではあるけれど、タバコの臭いが染み付いていたので、少し消臭した方がいいと思う。,,,シトラスさん,jalan_362580_84c397170560e05cb23a1c976d351359
false,じゃらん,4,2026-01-04,福岡からインドに行くために東京前泊で利用しました。  チェックイン前にスーツケースを預かっていただき、身軽に観光に出かけることができ、とても助かりました。  出発前にもスーツケースの重量が気になったので相談したら、快く測りを貸していただき安心して羽田に向かうことができました。  シャトルバスも出ていてそこもgoodポイントでした。,,,福岡からインドに行くために東京前泊で利用しました。  チェックイン前にスーツケースを預かっていただき、身軽に観光に出かけることができ、とても助かりました。  出発前にもスーツケースの重量が気になったので相談したら、快く測りを貸していただき安心して羽田に向かうことができました。  シャトルバスも出ていてそこもgoodポイントでした。,,,あっこぱんさん,jalan_362580_a02ed0f97985865a955f3feb68ad3d39
false,Trip.com,10,2026-01-03,哈頓酒店性價比高，周圍永旺mall不錯。,,,ハットンホテルはコストパフォーマンスが良く、近くのイオンモールもなかなか良い。,,,2‍8‍6‍0‍7‍1‍*‍*‍*‍*,trip_1802420775
false,Trip.com,8,2026-01-03,位置還算可以，服務很好，酒店位置極佳，交通便利，周邊美食購物應有盡有。 酒店位置便利，周邊景點眾多，出行無憂。,,,立地はまずまず、サービスは素晴らしく、ホテルの立地は最高です。交通の便が良く、周辺には飲食店やショッピング施設も豊富です。ホテルの便利な立地と数多くの観光スポットのおかげで、旅行は安心して楽しめます。,,,z‍a‍r‍a‍j‍a‍n,trip_1802817601
false,Trip.com,8,2026-01-03,很小但是很乾凈,,,小さいけれど、とても清潔です。,,,y‍z‍y‍~,trip_1803306675
false,Trip.com,9,2026-01-02,Très bon hôtel avec tout le confort propre des commerces et gare,,,快適な設備がすべて揃った、清潔で、お店や駅にも近い、とても良いホテルです。,,,ゲ‍ス‍ト,trip_1800629409
false,じゃらん,5,2026-01-02,りんかい線の品川シーサイド駅が目の前にあり、徒歩５分圏内にコンビニと、ホテルの前にイオンがあり、とても便利でホテルの立地が最高でした。  ホテルも綺麗で、客室も文句無しで綺麗です。隣の部屋の音も全く気になりませんでした。  初めて使わせて頂きましたが、今後年末のイベント事の際はリピート確定です。  充実した年末を過ごせました、ありがとうございました。,,,りんかい線の品川シーサイド駅が目の前にあり、徒歩５分圏内にコンビニと、ホテルの前にイオンがあり、とても便利でホテルの立地が最高でした。  ホテルも綺麗で、客室も文句無しで綺麗です。隣の部屋の音も全く気になりませんでした。  初めて使わせて頂きましたが、今後年末のイベント事の際はリピート確定です。  充実した年末を過ごせました、ありがとうございました。,,,夕張さん,jalan_362580_08ee43c97f8ea99682c1d4807f05d47d
false,楽天トラベル,3,2026-01-02,一泊でお世話になりました。主人が喫煙者なので喫煙ルームにしましたが、やはり部屋はタバコ臭がかなりしており空気清浄機が置いてあったら良かったなと思いました。 ただ部屋は最上階で眺めもよく満足でした。 食事は朝食を頂きましたが若干種類が少ないかなと思いましたが、お正月ということでお餅があり嬉しかったです。騒音も特に感じる事はなく過ごせました。,,,一泊でお世話になりました。主人が喫煙者なので喫煙ルームにしましたが、やはり部屋はタバコ臭がかなりしており空気清浄機が置いてあったら良かったなと思いました。 ただ部屋は最上階で眺めもよく満足でした。 食事は朝食を頂きましたが若干種類が少ないかなと思いましたが、お正月ということでお餅があり嬉しかったです。騒音も特に感じる事はなく過ごせました。,,,けーたんらーぶ,rakuten_51870_3c7ed93fe44f92fbef433b32439e86c4
false,Booking.com,9,2026-01-02,,,,,,,Setioko,bookingcom_272466_665fba4b0385804814b87ecf17e188b4
false,Booking.com,8,2026-01-02,,,,,,,Setioko,bookingcom_272466_690da19d05a5e81f9f7250465923ee49
false,Agoda,10,2026-01-02,2025.12.31 from tokyo japan,,,2025年12月31日 東京（日本）発,,,DAISUKE,agoda_96271_5e3b403e906ab2091534f1e39fc4c713
false,楽天トラベル,5,2026-01-02,女3人で泊まりました。部屋も広くとても綺麗でした。コンビニも近くに有るしイオンも目の前にあり りんかい線の駅も目の前で東京観光は便利が良かったです,,,女3人で泊まりました。部屋も広くとても綺麗でした。コンビニも近くに有るしイオンも目の前にあり りんかい線の駅も目の前で東京観光は便利が良かったです,,,とろ1432,rakuten_51870_c9f11641271bf4908f7147abf0ccb7c9
false,楽天トラベル,4,2026-01-01,駅を出て信号渡ればホテルなので、立地がとにかく良い。お風呂も広くて良かった。,,,駅を出て信号渡ればホテルなので、立地がとにかく良い。お風呂も広くて良かった。,,,不明,rakuten_51870_e8b3bfe8e009e3b128a0ecf1cf68f5da
false,Trip.com,10,2026-01-01,チェックインチェックアウトは対面だが、接客が丁寧で良かった。 客室等を含め全体的に清潔だった。 ロビーに喫煙室があり助かった。 浴室、洗面のの水道はレバーハンドルではなく、2ハンドルで温度を調節するタイプだったが特段不便には感じなかった。 駅からも近く周りも静かなので、また利用したい。,,,チェックインチェックアウトは対面だが、接客が丁寧で良かった。 客室等を含め全体的に清潔だった。 ロビーに喫煙室があり助かった。 浴室、洗面のの水道はレバーハンドルではなく、2ハンドルで温度を調節するタイプだったが特段不便には感じなかった。 駅からも近く周りも静かなので、また利用したい。,,,ゲ‍ス‍ト,trip_1800187830
false,Booking.com,8,2026-01-01,,,,,,,Arai,bookingcom_272466_8bac92cb661f24ab98b6c9d0be05de8d
false,Booking.com,8,2026-01-01,,It’s very near the station and the airport. The room is also big compared to other hotels in tokyo,I only stayed for 8hrs overnight because my flight is so early so I don’t have much to comment,,駅と空港からとても近いです。部屋も東京の他のホテルと比べて広いです。,フライトが早朝だったので、一晩8時間しか滞在しなかったため、あまりコメントすることはありません。,Jenny,bookingcom_272466_8a8a053d85200c9516df34d3d60889a4
false,Agoda,10,2026-01-01,大変良かったですこれからも、利用させて頂きます,,,大変良かったですこれからも、利用させて頂きます,,,寿子,agoda_96271_4c0572d6999d891743e10e7967068538
false,じゃらん,4,2026-01-01,ライブ会場から近かったので選びました。駅から近いしイオンが近くにあり最高の立地でした。部屋も広いし浴槽も大きくて入りやすかったです。部屋に加湿器がなくとても乾燥したのでそこがマイナスでした。,,,ライブ会場から近かったので選びました。駅から近いしイオンが近くにあり最高の立地でした。部屋も広いし浴槽も大きくて入りやすかったです。部屋に加湿器がなくとても乾燥したのでそこがマイナスでした。,,,さりーさん,jalan_362580_54b9ded999fd07ab46050946f8bf86fc
false,Booking.com,10,2026-02-28,,,,,,,Asrulnizam,bookingcom_272466_8df5ea546f9b8f5c4ea3e3e0d9c782bc
false,楽天トラベル,3,2026-02-28,翌日の早朝に羽田を利用するために宿泊しました。部屋は清潔感あり心地よく過ごせましたが、バスルームの換気扇が動いてないようで湿気がすごくて不快でした。,,,翌日の早朝に羽田を利用するために宿泊しました。部屋は清潔感あり心地よく過ごせましたが、バスルームの換気扇が動いてないようで湿気がすごくて不快でした。,,,hana－87,rakuten_51870_b342a9adb3a814c3799920064f0102ce
false,Trip.com,10,2026-02-28,位置不錯 房間大小可以,,,立地は良く、部屋の広さも許容範囲です。,,,ゲ‍ス‍ト,trip_1860899133
false,Booking.com,8,2026-02-28,,,,,,,Wataru,bookingcom_272466_aefcea43590cd96445088b2fb0980ee4
false,楽天トラベル,5,2026-02-28,朝食がGood　近くにイオンがあるので夕食も安く済ませることができます,,,朝食がGood　近くにイオンがあるので夕食も安く済ませることができます,,,うさぎさん222,rakuten_51870_a5eced5a5d691a9bab12fd0698661173
false,楽天トラベル,4,2026-02-28,価格、利便性ともに満足しています。 毎年、お正月の帰省の時に利用し続けているので、安心感も、あります。,,,価格、利便性ともに満足しています。 毎年、お正月の帰省の時に利用し続けているので、安心感も、あります。,,,ピュア107,rakuten_51870_7aa77440bfd992964b31fea3005d7d9b
false,じゃらん,5,2026-02-28,駅から近いのか一番。ここは、地下道から上がって外に出たら、道路挟んで目の前がホテルでした！こんな近いホテルは中々無いと思います。,,,駅から近いのか一番。ここは、地下道から上がって外に出たら、道路挟んで目の前がホテルでした！こんな近いホテルは中々無いと思います。,,,そーりさん,jalan_362580_0d8a3c388c933d4177893062c6c743b4
false,Trip.com,10,2026-02-27,酒店乾淨整潔，房內設施齊全配套，房間每日清潔服務規範周到。附近生活相當便利，很喜歡周邊的吃喝采購。地鐵就在樓外對面，交通便利。,,,ホテルは清潔で整頓されており、客室には必要な設備がすべて揃っており、毎日プロの清掃サービスが受けられます。周辺環境も非常に便利で、近隣には飲食店やショッピングスポットがたくさんあり、とても楽しめました。地下鉄の駅が通りの向かい側にあるので、交通の便も抜群です。,,,ゲ‍ス‍ト,trip_1859825372
false,楽天トラベル,4,2026-02-27,品川シーサイド駅近くで便利でした。 青物横丁へ行く時はイオンを迂回するか地下に降りるかなので初めは迷いましたが、立地は最高でした。,,,品川シーサイド駅近くで便利でした。 青物横丁へ行く時はイオンを迂回するか地下に降りるかなので初めは迷いましたが、立地は最高でした。,,,Aki_Sk6327,rakuten_51870_9238d6d86bcae19e570b6e237446a80e
false,Agoda,8,2026-02-27,駅近ということがよかった,,,駅近ということがよかった,,,YASUHIRO,agoda_96271_7286568228a29d4c3a55ab6d12c501ec
false,Agoda,8,2026-02-27,ホテルのベットがふかふかなのと、お部屋の清掃が行き届いていたので、気持ち良くすごせました。 近く運河の景色も良かったです。 ,,,ホテルのベットがふかふかなのと、お部屋の清掃が行き届いていたので、気持ち良くすごせました。 近く運河の景色も良かったです。 ,,,chiharu,agoda_96271_b1c8f3ca5b80513a74620e902727d0eb
false,楽天トラベル,3,2026-02-27,品川シーサイド駅（A出口）を出ると直ぐ目の前で近くて嬉しい。 ツインルームだった為かバスタブも広くて快適でした。 トイレの水洗ノブが取れそうなカタカタ状態が気になったかな。,,,品川シーサイド駅（A出口）を出ると直ぐ目の前で近くて嬉しい。 ツインルームだった為かバスタブも広くて快適でした。 トイレの水洗ノブが取れそうなカタカタ状態が気になったかな。,,,オオガメラ,rakuten_51870_a70fa5e1332db60ac9349003d80ae206
false,じゃらん,5,2026-02-27,ホテルによってはエアコンが一括管理されていて、部屋ごとに運転切替や温度調整ができないことがあります。その点、当ホテルは部屋ごとに運転切替や温度調整ができます。季節の変わり目は暖房か冷房か選択に個人差がありますので、当ホテルのエアコンはたいへんよろしいかと思います。,,,ホテルによってはエアコンが一括管理されていて、部屋ごとに運転切替や温度調整ができないことがあります。その点、当ホテルは部屋ごとに運転切替や温度調整ができます。季節の変わり目は暖房か冷房か選択に個人差がありますので、当ホテルのエアコンはたいへんよろしいかと思います。,,,不明,jalan_362580_91983577409b5b37311e45c209ece01b
false,じゃらん,5,2026-02-27,2回目の利用でしたが、とても快適でした。部屋も清潔に掃除されていましたし、トイレ、お風呂も広くて使いやすかったです。シーサイド駅からも近く、コンビニも近くにあり便利でした。  また利用させていただきます。  ありがとうございました。,,,2回目の利用でしたが、とても快適でした。部屋も清潔に掃除されていましたし、トイレ、お風呂も広くて使いやすかったです。シーサイド駅からも近く、コンビニも近くにあり便利でした。  また利用させていただきます。  ありがとうございました。,,,きよちゃんさん,jalan_362580_defaa75ab9ba91608b344f03100ad1f9
false,じゃらん,5,2026-02-27,ホテルによってはエアコンが一括管理されていて、部屋ごとに運転切替や温度調整ができないことがあります。その点、当ホテルは部屋ごとに運転切替や温度調整ができます。季節の変わり目は暖房か冷房か選択に個人差がありますので、当ホテルのエアコンはたいへんよろしいかと思います。,,,ホテルによってはエアコンが一括管理されていて、部屋ごとに運転切替や温度調整ができないことがあります。その点、当ホテルは部屋ごとに運転切替や温度調整ができます。季節の変わり目は暖房か冷房か選択に個人差がありますので、当ホテルのエアコンはたいへんよろしいかと思います。,,,部長さん,jalan_362580_d4ef3784029fa7da722c9c309fcf2a19
false,Trip.com,9,2026-02-26,來旅遊不推薦住，周圍太荒了，沒什麼吃飯買東西的店。也可能是因為去的那幾天太冷了，吹風，沒心情在附近多逛逛……,,,観光客の方にはここへの滞在はお勧めしません。周辺は閑散としていて、レストランやお店もほとんどありません。私が訪れた時は寒くて風が強かったので、あまり周辺を散策する気になれなかったというのも理由の一つかもしれません。,,,T‍o‍n‍g‍d‍a‍m‍a‍o,trip_1859289943
false,Agoda,10,2026-02-26,豊洲のLIVEに外れたので観光しました！ すぐ近くにイオン、品川シーサイド駅、ファミマがあり便利です。 青物横丁駅から向かうと道沿いにとても安くて美味しそうな食べ物屋さんがズラズラとあって最高です。 ホテルは大変綺麗で快適でした。 窓の外は海？です。朝日がきれいでした 空港からも池袋、渋谷などの主要な場所からのアクセスもよくてよかったです。 駅のロッカーも三連休でしたけど空いてました,,,豊洲のLIVEに外れたので観光しました！ すぐ近くにイオン、品川シーサイド駅、ファミマがあり便利です。 青物横丁駅から向かうと道沿いにとても安くて美味しそうな食べ物屋さんがズラズラとあって最高です。 ホテルは大変綺麗で快適でした。 窓の外は海？です。朝日がきれいでした 空港からも池袋、渋谷などの主要な場所からのアクセスもよくてよかったです。 駅のロッカーも三連休でしたけど空いてました,,,asuka,agoda_96271_098021bc7c3d7bf53c8518b6072e7e2c
false,Agoda,10,2026-02-26,イベント遠征で、1泊しました。フロントの方が丁寧で、お部屋も綺麗でした。,,,イベント遠征で、1泊しました。フロントの方が丁寧で、お部屋も綺麗でした。,,,Miku,agoda_96271_7958c8879ef2b076fbd3965a5f587c41
false,Trip.com,10,2026-02-26,出張で利用させていただきました。立地が非常に便利で、駅も近く、移動が多いスケジュールの中でもとても助かりました。チェックイン・チェックアウトもスムーズで、安心して滞在することができました。 客室は清潔感があり、仕事後にゆっくり休める落ち着いた空間でした。特に朝食が充実していて、和洋ともに種類が豊富でどれも美味かった。出張はもちろん、観光にもおすすめできるホテルだと思います。,,,出張で利用させていただきました。立地が非常に便利で、駅も近く、移動が多いスケジュールの中でもとても助かりました。チェックイン・チェックアウトもスムーズで、安心して滞在することができました。 客室は清潔感があり、仕事後にゆっくり休める落ち着いた空間でした。特に朝食が充実していて、和洋ともに種類が豊富でどれも美味かった。出張はもちろん、観光にもおすすめできるホテルだと思います。,,,孫‍婧,trip_1859388754
false,じゃらん,4,2026-02-26,ホテルとしては至って普通ですが料金が割安の方なので利用させて頂いております。  喫煙部屋で当方電子タバコなので入った時のタバコ臭が気になります。  もう少し換気消臭をお願いします。  あと前からお願いしてますが朝食のパンが空気に触れてパサパサなのでトースターの導入を検討して下さい。  今からまで利用したホテルでトースターがないホテルはありません。  宜しくお願い致します。,,,ホテルとしては至って普通ですが料金が割安の方なので利用させて頂いております。  喫煙部屋で当方電子タバコなので入った時のタバコ臭が気になります。  もう少し換気消臭をお願いします。  あと前からお願いしてますが朝食のパンが空気に触れてパサパサなのでトースターの導入を検討して下さい。  今からまで利用したホテルでトースターがないホテルはありません。  宜しくお願い致します。,,,ちーさん,jalan_362580_728f31ce1279656ba4d6103a4f55ecf2
false,じゃらん,3,2026-02-26,ホテルとしては至って普通ですが料金が割安の方なので利用させて頂いております。  喫煙部屋で当方電子タバコなので入った時のタバコ臭が気になります。  もう少し換気消臭をお願いします。  あと前からお願いしてますが朝食のパンが空気に触れてパサパサなのでトースターの導入を検討して下さい。  今からまで利用したホテルでトースターがないホテルはありません。  宜しくお願い致します。,,,ホテルとしては至って普通ですが料金が割安の方なので利用させて頂いております。  喫煙部屋で当方電子タバコなので入った時のタバコ臭が気になります。  もう少し換気消臭をお願いします。  あと前からお願いしてますが朝食のパンが空気に触れてパサパサなのでトースターの導入を検討して下さい。  今からまで利用したホテルでトースターがないホテルはありません。  宜しくお願い致します。,,,ちーさん,jalan_362580_73e0d6d5423d44187abcbde15420a4f0
false,Trip.com,8,2026-02-25,這次來日本參加展會，選了這裏坐地鐵過去比較近。房間經典日本尺寸，有點舊舊的，主要周邊真的太荒了，便利店都要走5分鐘以上才能到，來旅遊的話，不推薦這裏,,,日本旅行中に地下鉄で展覧会場に近かったので、この宿を選びました。部屋は典型的な日本式で、少し古びていますが、一番の問題は周辺が非常に寂しいことです。コンビニエンスストアでさえ徒歩5分以上かかります。観光客にはお勧めしません。,,,T‍o‍n‍g‍d‍a‍m‍a‍o,trip_1857156557
false,Trip.com,8,2026-02-25,參加展會住的這家酒店，周邊比較偏，吃飯的地方都比較少，晚上到酒店出門走了半天也沒看到一家餐廳，風大又冷，衹能去便利店買飯吃……旅遊的話，不推薦這裏,,,展覧会のために宿泊したホテルは、かなり辺鄙な場所にあり、食事の選択肢が限られていました。夜にホテルに到着してからずっと歩き回りましたが、レストランは一つも見つかりませんでした。風が強く寒かったので、コンビニで食べ物を買うしかありませんでした…。観光客にはこのホテルはお勧めしません。,,,T‍o‍n‍g‍d‍a‍m‍a‍o,trip_1857166141
false,Agoda,6,2026-02-25,駅の目の前なのでアクセスは問題なし！ ただ、りんかい線のアクセスが私にはちょっと大変だったのですが、ビジネスには良いかも。,,,駅の目の前なのでアクセスは問題なし！ ただ、りんかい線のアクセスが私にはちょっと大変だったのですが、ビジネスには良いかも。,,,NAO,agoda_96271_219050caaac97ceecca6b14eb01d7b41
false,じゃらん,4,2026-02-25,有明アリーナにて乃木坂46のLIVEに参戦するため乗り換えなしで近郊の宿を探したらこちらがhit。宿の目の前にはイオン、コンビニなど便利でした。,,,有明アリーナにて乃木坂46のLIVEに参戦するため乗り換えなしで近郊の宿を探したらこちらがhit。宿の目の前にはイオン、コンビニなど便利でした。,,,らるたんさん,jalan_362580_cce34901b048e1c6bc18127d5396b7ca
false,楽天トラベル,4,2026-02-25,朝食バイキングを前日のチェックイン時に急遽追加したのですが、とても美味しかったです。  比較的アクセスもしやすく、また利用したいと思いました！,,,朝食バイキングを前日のチェックイン時に急遽追加したのですが、とても美味しかったです。  比較的アクセスもしやすく、また利用したいと思いました！,,,おひたしちゃん,rakuten_51870_e5b2e998606a6721cd4110db9d6f9ca3
false,楽天トラベル,4,2026-02-25,駅の目の前に位置しており、徒歩圏内にイオンやコンビニがあるため滞在には不自由ありませんでした。 アメニティはチェックイン後バイキング形式で必要なものを持っていくスタイルで、歯ブラシのみ部屋にありました。1階には電子レンジもあり、設備も申し分なかったと思います。 ディズニーやトヨタアリーナでのライブなどの際に便利な立地だと思います。,,,駅の目の前に位置しており、徒歩圏内にイオンやコンビニがあるため滞在には不自由ありませんでした。 アメニティはチェックイン後バイキング形式で必要なものを持っていくスタイルで、歯ブラシのみ部屋にありました。1階には電子レンジもあり、設備も申し分なかったと思います。 ディズニーやトヨタアリーナでのライブなどの際に便利な立地だと思います。,,,じゃんけんポニー,rakuten_51870_07b665b2dd5de7c92abb97ac577b3b47
false,Agoda,8,2026-02-24,大浴場などはありませんでしたが 室内も清潔に保たれていて 気持ちよく過ごすことができました。 ありがとうございました。,,,大浴場などはありませんでしたが 室内も清潔に保たれていて 気持ちよく過ごすことができました。 ありがとうございました。,,,HITOMI,agoda_96271_82dbe1f68e4f89f33c91f6c18c018aee
false,楽天トラベル,5,2026-02-24,駅からの立地がとてもよく、色々なところにアクセスしやすかったです！ホテル内も綺麗で過ごしやすかったです,,,駅からの立地がとてもよく、色々なところにアクセスしやすかったです！ホテル内も綺麗で過ごしやすかったです,,,くまごろ🧸,rakuten_51870_cf13f6fbb7732714787431f96d5f77fe
false,Trip.com,10,2026-02-24,環境安靜，衞生乾淨,,,環境は静かで清潔です。,,,ゲ‍ス‍ト,trip_1856715465
false,Google,5,2026-02-24,,,,,,,たなか,google_ChIJGcL-hHSKGGAR49LdCBFUUIY_51464536c51b0f1548d6d74a9c190cc9
false,Booking.com,8,2026-02-23,,ロケーション,バス周りの音が煩ったのでよく眠れなかった,,ロケーション,バス周りの音が煩ったのでよく眠れなかった,Masahiko,bookingcom_272466_93d757802d5d969fcd268b952d0dca8a
false,楽天トラベル,4,2026-02-23,外がどぶくさいのが気になった,,,外がどぶくさいのが気になった,,,ふじりんご8301,rakuten_51870_248948164eacfdd85bb45be8732d9c8e
false,Trip.com,10,2026-02-23,駅からすぐでとても便利でした！ 翌日はディズニーランドへ行きましたが30分くらいで到着できるのも助かりました！,,,駅からすぐでとても便利でした！ 翌日はディズニーランドへ行きましたが30分くらいで到着できるのも助かりました！,,,ゲ‍ス‍ト,trip_1854726384
false,Trip.com,10,2026-02-23,房間乾淨，性價比超高。旁邊是地鐵站和永旺，出行方便快捷。周圍餐廳也很多，吃飯也很方便。旅行首選。,,,部屋は清潔で、料金に見合った素晴らしい価値を提供してくれました。地下鉄駅とイオンモールに隣接しており、交通の便も良く、移動も簡単です。周辺には多くのレストランがあり、食事にも大変便利です。旅行者にとって最高の選択肢と言えるでしょう。,,,ゲ‍ス‍ト,trip_1855016315
false,Booking.com,10,2026-02-23,,,,,,,Teiko,bookingcom_272466_0d0b6a4c342c5fc2581a1e9fb89469e1
false,Booking.com,8,2026-02-23,,"Hotel bardzo przyjemny. Obsługa miła i pomocna, bezproblemowa komunikacja w języku angielskim. Pokój na dwie osoby i na kilka dni w Tokio wystarczający, lecz przy dwóch dużych bagażach, które otwieraliśmy, aby dostać się do naszych rzeczy, był trochę za mały. Reszta bez zarzutów. Czysto i komfortowo. Śniadania rewelacja. Różnorodność wyboru, trochę kuchni azjatyckiej, trochę europejskiej. Generalnie codziennie to samo, ale wybór jest spory. Obsługa cały czas czuwa i donosi jedzenie, gdy coś się skończy. Na dole na piętrze z recepcją jest pralnia oraz palarnia. Niedaleko dwie stacje metra, jedna tuż pod samym hotelem. Skorzystaliśmy z opcji nadania bagażu do hotelu w Nagoyi. Panie w recepcji bardzo miłe, wypełniły za nas wszystkie formalności. Płatność tylko gotówką z dostawą na następny dzień. Jesteśmy bardzo zadowoleni z wyboru na nasz kilkudniowy wyjazd do Tokio, polecamy :)","Ciasny pokój, ciężko rozłożyć dwie duże walizki.",,ホテルはとても快適でした。スタッフは親切で協力的で、英語でのコミュニケーションもスムーズでした。部屋は2人で数日間東京に滞在するには十分でしたが、大きなスーツケースが2つあり、荷物を取り出すために開けなければならなかったため、少し狭く感じました。それ以外はすべて完璧でした。清潔で快適でした。朝食は素晴らしかったです。アジア料理やヨーロッパ料理など、幅広い種類がありました。基本的に毎日同じメニューでしたが、選択肢は豊富でした。スタッフは常に近くにいて、食べ物がなくなると持ってきてくれました。1階の受付にはランドリールームと喫煙所があります。地下鉄の駅が2つ近くにあり、1つはホテルの真下にあります。私たちは名古屋のホテルに荷物を預けるオプションを利用しました。受付係はとても親切で、すべての書類手続きを代行してくれました。支払いは現金のみで、翌日配達でした。東京への数日間の旅行でこのホテルを選んで本当に良かったと思っています。強くお勧めします。,部屋が狭く、大きなスーツケース2個を広げるのが大変だった。,Martyna,bookingcom_272466_22a16348f9ef10075ff63cc64c3693ba
false,楽天トラベル,4,2026-02-23,駅からはすぐ、目の前にはイオン、何も困らない 部屋も綺麗でゆっくり眠れてよかった  チェックアウトが12時はほんとうにありがたい,,,駅からはすぐ、目の前にはイオン、何も困らない 部屋も綺麗でゆっくり眠れてよかった  チェックアウトが12時はほんとうにありがたい,,,不明,rakuten_51870_5550b1442b493d178fb7c69232b2df32
false,Google,1,2026-02-23,館内の雰囲気やお部屋の広さは満足のいくものでしたが、ベッド上にたたんである館内着を着用しようと思い広げてみると、髪の毛が5.6本付着したままの状態のものが置いてありました。未洗濯のものだと思い込んで使い回したのか、洗濯時に取れなかったのかはわかりかねますが、非常に不快でした。 このことを内線電話にて伝えたところ、電話口で対応してくださった方はこちらの言い分に困惑しているようでしたが、困惑したのはこちらです。 訪室して館内着を届けてくださった方は、新しい館内着について「一応見えるところは確認させていただいたんですけれども、」とのことでした。 クリーニングをして使い回しているものとはいえ直に人の肌身に触れるものですし、部屋の清掃時にその点は確認していらっしゃらないのでしょうか。今一度お部屋の清掃方法や教育体制を見直してみてはどうかと思うほどに衝撃を受けました。  アメニティ類も豊富で入館時のイメージが良かっただけに、大変残念です。,,,館内の雰囲気やお部屋の広さは満足のいくものでしたが、ベッド上にたたんである館内着を着用しようと思い広げてみると、髪の毛が5.6本付着したままの状態のものが置いてありました。未洗濯のものだと思い込んで使い回したのか、洗濯時に取れなかったのかはわかりかねますが、非常に不快でした。 このことを内線電話にて伝えたところ、電話口で対応してくださった方はこちらの言い分に困惑しているようでしたが、困惑したのはこちらです。 訪室して館内着を届けてくださった方は、新しい館内着について「一応見えるところは確認させていただいたんですけれども、」とのことでした。 クリーニングをして使い回しているものとはいえ直に人の肌身に触れるものですし、部屋の清掃時にその点は確認していらっしゃらないのでしょうか。今一度お部屋の清掃方法や教育体制を見直してみてはどうかと思うほどに衝撃を受けました。  アメニティ類も豊富で入館時のイメージが良かっただけに、大変残念です。,,,トレイシー,google_ChIJGcL-hHSKGGAR49LdCBFUUIY_ba51d1b9048d297a0515cd78405e4756
false,Google,4,2026-02-23,,,,,,,城崎和久,google_ChIJGcL-hHSKGGAR49LdCBFUUIY_4c301b0cda2301c24912cb3e2f364634
false,じゃらん,4,2026-02-23,出張で利用しました。アクセスは良くホテルは駅出口目の前でした。  ホテルの前にはスーパーやコンビニがあり買い出しにも困りません。周りも静かでよく休めれました。  部屋は広めで最低限のアメニティが揃っており申し分ないです。  品川方面の出張の際はまた泊まりたいと思います。,,,出張で利用しました。アクセスは良くホテルは駅出口目の前でした。  ホテルの前にはスーパーやコンビニがあり買い出しにも困りません。周りも静かでよく休めれました。  部屋は広めで最低限のアメニティが揃っており申し分ないです。  品川方面の出張の際はまた泊まりたいと思います。,,,ショーヘイさんさん,jalan_362580_a24e05923095852b976c72edbf7a073d
false,じゃらん,5,2026-02-23,とても綺麗な部屋でした。  夜景もとても綺麗に見れて得した気分です。  バス・トイレも綺麗で駅も近くて大変助かりました。,,,とても綺麗な部屋でした。  夜景もとても綺麗に見れて得した気分です。  バス・トイレも綺麗で駅も近くて大変助かりました。,,,わかめさん,jalan_362580_4ecdeb63682d338c0ec72df71af7a59a
false,じゃらん,4,2026-02-23,品川シーサイド駅から徒歩1〜2分です。近くにコンビニ、イオンがあるので食事、買い物に便利。ディズニーリゾート、渋谷などアクセス良くお勧めです。,,,品川シーサイド駅から徒歩1〜2分です。近くにコンビニ、イオンがあるので食事、買い物に便利。ディズニーリゾート、渋谷などアクセス良くお勧めです。,,,あちゃさん,jalan_362580_68461915af8964f711f3b993e8ffc3e0
false,Booking.com,10,2026-02-22,,,,,,,Kasumi,bookingcom_272466_3f885af4f8077c735b8d754d64665541
false,Trip.com,7,2026-02-22,部屋が広くて綺麗でした。 また電話での対応も丁寧で安心して利用出来ました。,,,部屋が広くて綺麗でした。 また電話での対応も丁寧で安心して利用出来ました。,,,匿‍名‍ユ‍ー‍ザ‍ー,trip_1852925882
false,Agoda,7,2026-02-22,ゆっくり眠るだけなら、手軽さ、シンプルさ、スマートさで快適。部屋も値段の割には広く感じました。,,,ゆっくり眠るだけなら、手軽さ、シンプルさ、スマートさで快適。部屋も値段の割には広く感じました。,,,Nobuo,agoda_96271_8c446592ef9c014ba97c7edef4cd94a1
false,Trip.com,10,2026-02-22,"Love everything in this hotel, this is view from my hotel direct to the river. The hotel location really near from train station just walk 2 minutes",,,このホテルの全てが気に入りました。これは私のホテルから川が見える景色です。ホテルは駅からとても近く、徒歩わずか2分です。,,,匿‍名‍ユ‍ー‍ザ‍ー,trip_1853362814
false,じゃらん,3,2026-02-22,駅が近くて便利でした。  ツインのお部屋でしたが広くて使いやすかったです。  外観に比べると部屋が古いイメージで少し残念でした。,,,駅が近くて便利でした。  ツインのお部屋でしたが広くて使いやすかったです。  外観に比べると部屋が古いイメージで少し残念でした。,,,ピグレットさん,jalan_362580_9848c7f78d17f0610e963fa2b6183066
false,Booking.com,8,2026-02-21,,,,,,,Sakae,bookingcom_272466_b32e4a6ca85418fab772e536d524207a
false,楽天トラベル,5,2026-02-21,素泊まりです。 綺麗だし眺めも良いし インもアウトも大変スムーズでとても良かったです。 なんせ駅の目の前！,,,素泊まりです。 綺麗だし眺めも良いし インもアウトも大変スムーズでとても良かったです。 なんせ駅の目の前！,,,近衛兵コノエヘイ,rakuten_51870_5c290dac08f65abadc9c6ddf863ab729
false,楽天トラベル,5,2026-02-21,りんかい線の出口前。 イオンの目の前。 コンビニや店は飲食店はありませんが、飲食にはイオンがあれば大丈夫。 りんかい線に乗れば新宿、池袋などの主要都市に直ぐに行けるので、時間を惜しみなく使いました。ロケーションいいです。,,,りんかい線の出口前。 イオンの目の前。 コンビニや店は飲食店はありませんが、飲食にはイオンがあれば大丈夫。 りんかい線に乗れば新宿、池袋などの主要都市に直ぐに行けるので、時間を惜しみなく使いました。ロケーションいいです。,,,あおぶのれあ,rakuten_51870_b14a41b19e4ae46fe5ecdfacb4580c67
false,Trip.com,10,2026-02-21,"不錯的, 樓下的備品挺多的, 離地鐵站也很近",,,いいですよ。階下には物資が豊富に揃っているし、地下鉄の駅からもとても近いです。,,,匿‍名‍ユ‍ー‍ザ‍ー,trip_1852180543
false,じゃらん,5,2026-02-21,東京ビッグサイトへのイベント参加時に利用させてもらってます。ホテル出てすぐに駅があるので、ビッグサイトまですぐです。また利用させてもらいます。,,,東京ビッグサイトへのイベント参加時に利用させてもらってます。ホテル出てすぐに駅があるので、ビッグサイトまですぐです。また利用させてもらいます。,,,あつこさん,jalan_362580_d231cccf8ae679276d878b162059948d
false,じゃらん,3,2026-02-21,朝食は料理が冷めてるのがあったり、ほとんどのおかずに料理名が書いてなく見た目で判断するしかなかったです,,,朝食は料理が冷めてるのがあったり、ほとんどのおかずに料理名が書いてなく見た目で判断するしかなかったです,,,薇斗さん,jalan_362580_9a2cae1f5cfc069cbf0a0caff60ec881
false,じゃらん,4,2026-02-21,2泊しました。  清掃のスタッフの方の笑顔と挨拶、そしてチェックアウト時のフロントの女性の方の笑顔と優しい対応がとても気持ちの良いものでした。  また利用したいと思います。,,,2泊しました。  清掃のスタッフの方の笑顔と挨拶、そしてチェックアウト時のフロントの女性の方の笑顔と優しい対応がとても気持ちの良いものでした。  また利用したいと思います。,,,ミッキーさん,jalan_362580_32542b7aa4f7e9f610daa431cb661bd1
false,じゃらん,3,2026-02-21,昨夏に続き、再度の利用でした。  バス停や、駅が近く便利です。  支払い方法を勘違いしていて、チェックイン時にもたついてしまいました。  その時のフロントの方のクールな対応がちょっと気になりました。  また機会があれば利用したいと思います。,,,昨夏に続き、再度の利用でした。  バス停や、駅が近く便利です。  支払い方法を勘違いしていて、チェックイン時にもたついてしまいました。  その時のフロントの方のクールな対応がちょっと気になりました。  また機会があれば利用したいと思います。,,,ミッキーさん,jalan_362580_0e8cb565704ba621947fa99a403c6e52
false,じゃらん,5,2026-02-21,駅に近く便利なホテルでした。最寄り駅の出口にエスカレーターがあったのも、キャリーで移動する時にとても良かったです。  スタッフの対応も大変良く、また利用したいとおもいました。,,,駅に近く便利なホテルでした。最寄り駅の出口にエスカレーターがあったのも、キャリーで移動する時にとても良かったです。  スタッフの対応も大変良く、また利用したいとおもいました。,,,いっけさん,jalan_362580_b2dbf104986e9cb7ab0ffd6904ac4ca3
false,じゃらん,3,2026-02-21,朝食は料理が冷めてるのがあったり、ほとんどのおかずに料理名が書いてなく見た目で判断するしかなかったです,,,朝食は料理が冷めてるのがあったり、ほとんどのおかずに料理名が書いてなく見た目で判断するしかなかったです,,,不明,jalan_362580_da418fa994ac21b81818f2c26ba980e4
false,じゃらん,4,2026-02-21,駅に近く便利なホテルでした。最寄り駅の出口にエスカレーターがあったのも、キャリーで移動する時にとても良かったです。  スタッフの対応も大変良く、また利用したいとおもいました。,,,駅に近く便利なホテルでした。最寄り駅の出口にエスカレーターがあったのも、キャリーで移動する時にとても良かったです。  スタッフの対応も大変良く、また利用したいとおもいました。,,,いっけさん,jalan_362580_cb6c6f70157b9b1938f1aafd5d596fa1
false,じゃらん,5,2026-02-20,東京観光の為利用。  駐車場、コンビニも近くで、立地も良かった。  部屋も広くて清潔。  落ち着い過ごせた。,,,東京観光の為利用。  駐車場、コンビニも近くで、立地も良かった。  部屋も広くて清潔。  落ち着い過ごせた。,,,あられさん,jalan_362580_0642b4ae44a64f4a05363c2b83ba9cc6
false,Trip.com,10,2026-02-20,ที่พักประจำเมื่อมาญี่ปุ่น เดินทางจากฮาเนดะสะดวกมากด้วยรถบัสต่อเดียวจากหน้าโรงแรม,,,日本に来るときはいつもここに泊まります。ホテルの目の前からバスに乗れば羽田空港からすぐなので、とても便利です。,,,ゲ‍ス‍ト,trip_1850566616
false,じゃらん,4,2026-02-20,りんかい線で国際展示場にアクセスの良いところを探して宿泊しました。  古い感じはありますが、清潔感は全く問題ありません。駅からも近く、駅にはお店がなんでもあって困りませんでした。  部屋は大人２人でも十分寝られるベッドサイズで、手狭過ぎず、コスパは良かったです。  お風呂のお湯は調整しないといけないので、そこは設備が古いかもしれませんが、シャワーの勢いもしっかりしていて、個人的には全く問題ありませんでした。個別空調ですし、とても快適でした！,,,りんかい線で国際展示場にアクセスの良いところを探して宿泊しました。  古い感じはありますが、清潔感は全く問題ありません。駅からも近く、駅にはお店がなんでもあって困りませんでした。  部屋は大人２人でも十分寝られるベッドサイズで、手狭過ぎず、コスパは良かったです。  お風呂のお湯は調整しないといけないので、そこは設備が古いかもしれませんが、シャワーの勢いもしっかりしていて、個人的には全く問題ありませんでした。個別空調ですし、とても快適でした！,,,★オハナ★さん,jalan_362580_eddb80a1456271ecb436afffcedbcb4c
false,じゃらん,4,2026-02-20,りんかい線で国際展示場にアクセスの良いところを探して宿泊しました。  古い感じはありますが、清潔感は全く問題ありません。駅からも近く、駅にはお店がなんでもあって困りませんでした。  部屋は大人２人でも十分寝られるベッドサイズで、手狭過ぎず、コスパは良かったです。  お風呂のお湯は調整しないといけないので、そこは設備が古いかもしれませんが、シャワーの勢いもしっかりしていて、個人的には全く問題ありませんでした。個別空調ですし、とても快適でした！,,,りんかい線で国際展示場にアクセスの良いところを探して宿泊しました。  古い感じはありますが、清潔感は全く問題ありません。駅からも近く、駅にはお店がなんでもあって困りませんでした。  部屋は大人２人でも十分寝られるベッドサイズで、手狭過ぎず、コスパは良かったです。  お風呂のお湯は調整しないといけないので、そこは設備が古いかもしれませんが、シャワーの勢いもしっかりしていて、個人的には全く問題ありませんでした。個別空調ですし、とても快適でした！,,,不明,jalan_362580_c53e1d67fb7d46ee46f27c6e21bd01ad
false,楽天トラベル,5,2026-02-19,地方都市から羽田空港移動の前泊で泊まりました。建物自体は古いですが部屋は広く、夜景がとてもきれい。 朝食バイキングも種類が多く楽しめました。お皿の入れ替えも頻繁に行われてましたので、足りない少ないというトラブルもありませんでした。 チェックアウト時、空港リムジンバスの場所を詳しく教えて頂き助かりました。ホテルからとても近く便利でした。 羽田空港を利用する際、最初の選択肢に挙げたいホテルになりました。,,,地方都市から羽田空港移動の前泊で泊まりました。建物自体は古いですが部屋は広く、夜景がとてもきれい。 朝食バイキングも種類が多く楽しめました。お皿の入れ替えも頻繁に行われてましたので、足りない少ないというトラブルもありませんでした。 チェックアウト時、空港リムジンバスの場所を詳しく教えて頂き助かりました。ホテルからとても近く便利でした。 羽田空港を利用する際、最初の選択肢に挙げたいホテルになりました。,,,ぱんこ0913,rakuten_51870_44851a7da5d171c70fbc5326b7a153df
false,Booking.com,8,2026-02-19,,,,,,,Wen,bookingcom_272466_8cbe283c1bb907086817efc37550287a
false,Booking.com,7,2026-02-19,,,,,,,Maeda,bookingcom_272466_48553b26564e5751e4ca1493f45cd762
false,Booking.com,8,2026-02-19,,スタッフさんの対応が良かった,高速道路の走行音が気になった,,スタッフさんの対応が良かった,高速道路の走行音が気になった,新田,bookingcom_272466_73838b99216e027a15eb10a57500fca0
false,Google,4,2026-02-19,ともかく安い！ 部屋が、狭い 眺望も良くない,,,ともかく安い！ 部屋が、狭い 眺望も良くない,,,吉井雄二,google_ChIJGcL-hHSKGGAR49LdCBFUUIY_64f165cfcdbabfff18a33591939a106a
false,楽天トラベル,5,2026-02-18,駅から近くに、コンビニも近くにあるので便利です。アメニティがあるのも助かります。また利用したいです。,,,駅から近くに、コンビニも近くにあるので便利です。アメニティがあるのも助かります。また利用したいです。,,,ニックネームか,rakuten_51870_0cfee379eacee9d6cca878912e002eed
false,Booking.com,7,2026-02-18,,朝ごはんが美味しい,部屋の掃除がいまいち,,朝ごはんが美味しい,部屋の掃除がいまいち,Toshiro,bookingcom_272466_73e0a7c9a3b385ae88bf0b0e4d70c8ce
false,じゃらん,5,2026-02-18,近辺には飲食店もあり、従業員の方も快く対応して頂き  快適に過ごすことができました。  また機会があれば泊まりたいです,,,近辺には飲食店もあり、従業員の方も快く対応して頂き  快適に過ごすことができました。  また機会があれば泊まりたいです,,,finさん,jalan_362580_5660930a3ed5ba65048342865f9255cc
false,じゃらん,5,2026-02-18,今回は一泊2日で友人と利用しましたが、快適に過ごすことができました。ホテルから徒歩5分ほどでファミマがあり、観光から帰ってきても利用しやすかったです。また、ホテルの前にはイオンや、りんかい線が通っており、アクセス抜群でした。また、絵ご縁がありましたらよろしくお願いします,,,今回は一泊2日で友人と利用しましたが、快適に過ごすことができました。ホテルから徒歩5分ほどでファミマがあり、観光から帰ってきても利用しやすかったです。また、ホテルの前にはイオンや、りんかい線が通っており、アクセス抜群でした。また、絵ご縁がありましたらよろしくお願いします,,,ムクローさん,jalan_362580_b6409590a533eb3d92f79e88e477668a
false,じゃらん,4,2026-02-18,今回は一泊2日で友人と利用しましたが、快適に過ごすことができました。ホテルから徒歩5分ほどでファミマがあり、観光から帰ってきても利用しやすかったです。また、ホテルの前にはイオンや、りんかい線が通っており、アクセス抜群でした。また、絵ご縁がありましたらよろしくお願いします,,,今回は一泊2日で友人と利用しましたが、快適に過ごすことができました。ホテルから徒歩5分ほどでファミマがあり、観光から帰ってきても利用しやすかったです。また、ホテルの前にはイオンや、りんかい線が通っており、アクセス抜群でした。また、絵ご縁がありましたらよろしくお願いします,,,ムクローさん,jalan_362580_cca8692544952f7dee8e4262068e2e13
false,楽天トラベル,4,2026-02-17,コンサートに行くため一人で宿泊しました。お部屋からの眺めが良くレインボーブリッジ、車両基地を出入りする新幹線、京浜運河、東京パノラマライン、お台場、飛行機、朝日etc…とてもゆっくり楽しく過ごさせていただきました。ありがとうございました。机の下に前の方のゴミが落ちていてその点だけが少し残念…。,,,コンサートに行くため一人で宿泊しました。お部屋からの眺めが良くレインボーブリッジ、車両基地を出入りする新幹線、京浜運河、東京パノラマライン、お台場、飛行機、朝日etc…とてもゆっくり楽しく過ごさせていただきました。ありがとうございました。机の下に前の方のゴミが落ちていてその点だけが少し残念…。,,,ゆきとさくらいろ,rakuten_51870_3c17b8ff6c8cb490ec55cba09ccd168f
false,楽天トラベル,5,2026-02-17,駅から近くて良かったです。 部屋もきれいで快適に過ごせました。,,,駅から近くて良かったです。 部屋もきれいで快適に過ごせました。,,,ともぼんくら,rakuten_51870_68a7fdaa925001a4186aea0eccad2414
false,楽天トラベル,4,2026-02-17,ディズニーに行くのに利用しました！新木場乗り換えで30分程度で舞浜まで着き便利でした◎,,,ディズニーに行くのに利用しました！新木場乗り換えで30分程度で舞浜まで着き便利でした◎,,,peneropi52,rakuten_51870_a86d6361d7eb0c76f389d1ec6df94cd7
false,Trip.com,9,2026-02-17,ที่พักปรระจำเมื่อมาญี่ปุ่น สะอาด เดินทางสะดวก ใกล้ห้างแิออน,,,日本滞在中はいつもここを利用しています。清潔で便利な立地で、イオンモールにも近いです。,,,ゲ‍ス‍ト,trip_1848072174
false,じゃらん,4,2026-02-17,ビッグサイトでの展示会出展の際には決まってココ。駅近で割安な料金、周辺環境も整っておりとても過ごしやすい。,,,ビッグサイトでの展示会出展の際には決まってココ。駅近で割安な料金、周辺環境も整っておりとても過ごしやすい。,,,ぎん太さん,jalan_362580_48c5ff49a14a909f6b0afde55b8556b5
false,Booking.com,9,2026-02-16,,,,,,,Shuhei,bookingcom_272466_4ad26d767adf2cd693af54b92b212ed3
false,Trip.com,10,2026-02-16,素晴らしいホテル,,,素晴らしいホテル,,,M‍r‍.‍ ‍k‍a‍n‍g‍a‍r‍o‍o,trip_1846970333
false,楽天トラベル,4,2026-02-16,品川シーサイド駅、目の前にあり すごく良かったです 徒歩圏内にコンビニが何ヶ所もあり ました 連泊するのに冷蔵庫が小さいのと 冷えが足りないのが 少し残念でした ,,,品川シーサイド駅、目の前にあり すごく良かったです 徒歩圏内にコンビニが何ヶ所もあり ました 連泊するのに冷蔵庫が小さいのと 冷えが足りないのが 少し残念でした ,,,あさみん♪,rakuten_51870_877ef271c12deffbea5d82585bd45032
false,じゃらん,5,2026-02-16,ガーデンシアターでLIVEがあり、その為に泊まりました。  お部屋はキレイで満足しました。  また泊まりたいです。,,,ガーデンシアターでLIVEがあり、その為に泊まりました。  お部屋はキレイで満足しました。  また泊まりたいです。,,,mokomokoさん,jalan_362580_419a98015b212988e32f60d8ab270f03
false,Booking.com,9,2026-02-15,,,,,,,Shang,bookingcom_272466_205557c0b9d11007c971238c2d3f92e3
false,じゃらん,5,2026-02-15,1万円くらいのビジホを探していたらちょうどそれくらいの値段だったので予約。アメニティなども充実しており満足。12時チェックアウトで、ゆっくり準備ができたのも嬉しいポイントでした。,,,1万円くらいのビジホを探していたらちょうどそれくらいの値段だったので予約。アメニティなども充実しており満足。12時チェックアウトで、ゆっくり準備ができたのも嬉しいポイントでした。,,,てんまさん,jalan_362580_4f0dfff719d515234fbe781d59d81304
false,Booking.com,8,2026-02-15,,,,,,,Erika,bookingcom_272466_677d152ab768bb319c7bedf854a648e5
false,楽天トラベル,5,2026-02-15,駅の目の前で立地はとてもいい。チェックイン前、チェックアウト後も荷物を預けることができてとても助かりました。部屋は清潔で寝泊まりするだけであれば十分でした。,,,駅の目の前で立地はとてもいい。チェックイン前、チェックアウト後も荷物を預けることができてとても助かりました。部屋は清潔で寝泊まりするだけであれば十分でした。,,,かえでもち,rakuten_51870_eee66324e9910f71e30b08f1599e450d
false,Google,5,2026-02-15,品川駅周辺は値段も高かったので、品川シーサイド駅直ぐのこちらのホテルを利用。渋谷にもでやすく、朝食のバイキングもよかったです。,,,品川駅周辺は値段も高かったので、品川シーサイド駅直ぐのこちらのホテルを利用。渋谷にもでやすく、朝食のバイキングもよかったです。,,,知美井村,google_ChIJGcL-hHSKGGAR49LdCBFUUIY_e46704bdfe9a288eb02a0d821325bba4
false,Trip.com,8,2026-02-15,ベッドまわりが綺麗でした。朝食もよかった。フロントの女性がそっけない。,,,ベッドまわりが綺麗でした。朝食もよかった。フロントの女性がそっけない。,,,ゲ‍ス‍ト,trip_1846738734
false,楽天トラベル,5,2026-02-15,駅近でコンビニやイオンがすぐ目の前にあるので便利でした。 親切な対応で清潔なホテルでした。,,,駅近でコンビニやイオンがすぐ目の前にあるので便利でした。 親切な対応で清潔なホテルでした。,,,ぴよざきさん,rakuten_51870_af10eec3ca95693e1d00a3af12aa1ff7
false,じゃらん,3,2026-02-15,家族旅行で利用しました。何もかも可もなく不可もなくでした。クローゼット以外に服を吊るとこ欲しいです。廻りに食べるとこ少ないので、前もって食事してから入ることをお勧めします。部屋の清潔感は良かったです。,,,家族旅行で利用しました。何もかも可もなく不可もなくでした。クローゼット以外に服を吊るとこ欲しいです。廻りに食べるとこ少ないので、前もって食事してから入ることをお勧めします。部屋の清潔感は良かったです。,,,かずのりくんさん,jalan_362580_320866af555622671225347178383fbf
false,Agoda,6,2026-02-14,地下鉄がホテルの道路を挟んでほぼ向かいにあり、アクセスが良いです。,,,地下鉄がホテルの道路を挟んでほぼ向かいにあり、アクセスが良いです。,,,Masahito,agoda_96271_6ce14e059af1b1624157bd75f2ec8ff6
false,Booking.com,8,2026-02-14,,,,,,,Peter,bookingcom_272466_d2dca2f23fe071f49ad2892507f21a4c
false,Booking.com,8,2026-02-14,,,,,,,Fukae,bookingcom_272466_f6eecc4288f91baa471bff388c610512
false,Google,5,2026-02-13,,,,,,,啓恵仲田,google_ChIJGcL-hHSKGGAR49LdCBFUUIY_da6f530f04c5027d79fa7d6c85e855ea
false,Agoda,7,2026-02-13,りんかい線「品川シーサイド」駅直近に加えて京浜急行「青物横丁」駅も徒歩圏内。品川シーサイド内にはそこそこのレストランもあり、想像以上に良いロケーションでした。施設は古いですが、清潔で水回りも使いは酸かったです,,,りんかい線「品川シーサイド」駅直近に加えて京浜急行「青物横丁」駅も徒歩圏内。品川シーサイド内にはそこそこのレストランもあり、想像以上に良いロケーションでした。施設は古いですが、清潔で水回りも使いは酸かったです,,,Takeo,agoda_96271_de5d730c794f9119bde60da13b242eeb
false,Trip.com,9,2026-02-13,"Room was very small but clean, location wasn’t close to city centre but it’s fairly close to the metro station. Works well if you’re just looking for a short stay.",,,部屋はとても狭かったが清潔だった。市内中心部からは遠かったが、地下鉄の駅からは比較的近かった。短期滞在であれば問題ないだろう。,,,C‍Y‍J‍i‍e,trip_1844879098
false,楽天トラベル,5,2026-02-13,品川シーサイド駅のA出口を出たらすぐ目の前にあります！イオンモールも近くにあり夕食にも困りません！ コスパが良すぎます！ チェックアウトも12時までで、ゆっくり過ごすことができました！ ,,,品川シーサイド駅のA出口を出たらすぐ目の前にあります！イオンモールも近くにあり夕食にも困りません！ コスパが良すぎます！ チェックアウトも12時までで、ゆっくり過ごすことができました！ ,,,バタ子さん,rakuten_51870_440d0d41795312059f4dfc392f6787cb
false,楽天トラベル,5,2026-02-12,トヨタアリーナ東京でのライブのため今回宿泊しました。 以前も使ったことがあったので二回目です。 品川シーサイド駅から近いので迷うことなくチェックインできるので本当に便利です。またイオンもあるので飲食に困ることはないと思います。 今回自分の不手際で部屋の消臭スプレーを落としてしまい、弁償すると言ったところ「大丈夫です。気にしなくていい」と、とても親切な対応をしていただきお言葉に甘えさせていただきました。本当に申し訳ありませんでした、ありがとうございます。 また機会があれば必ず利用したいと思います。 本当にありがとうございました！,,,トヨタアリーナ東京でのライブのため今回宿泊しました。 以前も使ったことがあったので二回目です。 品川シーサイド駅から近いので迷うことなくチェックインできるので本当に便利です。またイオンもあるので飲食に困ることはないと思います。 今回自分の不手際で部屋の消臭スプレーを落としてしまい、弁償すると言ったところ「大丈夫です。気にしなくていい」と、とても親切な対応をしていただきお言葉に甘えさせていただきました。本当に申し訳ありませんでした、ありがとうございます。 また機会があれば必ず利用したいと思います。 本当にありがとうございました！,,,いぬころろ,rakuten_51870_d0d937afc2d0675eeba66c45aacd18ba
false,楽天トラベル,5,2026-02-12,お部屋も綺麗、立地も駅からすぐでとても便利でした。 朝食もとても美味しかったです。,,,お部屋も綺麗、立地も駅からすぐでとても便利でした。 朝食もとても美味しかったです。,,,コダイ2006,rakuten_51870_f7a6538d1329c273203c94238c291df8
false,Booking.com,8,2026-02-12,,,,,,,정,bookingcom_272466_1f38320001e01e241d4016482f7dd688
false,Booking.com,10,2026-02-12,,,,,,,Bernardita,bookingcom_272466_3c3cf2fc7f35d7d2c86a09ebc9cae8be
false,楽天トラベル,3,2026-02-12,飛行機が欠航になり、急遽予約しました。 駅から近く、コンビニもすぐにあり大変助かりました。,,,飛行機が欠航になり、急遽予約しました。 駅から近く、コンビニもすぐにあり大変助かりました。,,,シマビト,rakuten_51870_f9f8c33b962b9fcc9986269dc82cafc8
false,じゃらん,4,2026-02-12,出張時に利用しました。  部屋も綺麗に清掃されている印象がありました。  また機会があれば利用したいと思います。,,,出張時に利用しました。  部屋も綺麗に清掃されている印象がありました。  また機会があれば利用したいと思います。,,,サイトウさん,jalan_362580_18a438587904a347ad80b38feebd87d8
false,Agoda,10,2026-02-11,駅から徒歩1分で着くのは立地が良すぎるし目の前にイオンやコンビニなどもあるので何も不便ありませんでした！ 清潔でユニットバスも広く快適に過ごすことができました！個人的にセブンティーンアイスがあったのは嬉しかったです（笑）東京に泊まる際はまた利用したいと思います！,,,駅から徒歩1分で着くのは立地が良すぎるし目の前にイオンやコンビニなどもあるので何も不便ありませんでした！ 清潔でユニットバスも広く快適に過ごすことができました！個人的にセブンティーンアイスがあったのは嬉しかったです（笑）東京に泊まる際はまた利用したいと思います！,,,YUKA,agoda_96271_3b17e4f0b39fd7ff7f42b7fa1546c6f5
false,じゃらん,5,2026-02-11,飛行機の遅延や電車の遅延で予定の時間より大幅に遅れてしまい、無事に到着するか？不安でしたが。最終便で何とかたどり着きました。  フロントの方、すごい温かく丁寧な接客でホッとしました。部屋はとってもきれいで朝食バイキングも美味しかったです。無事にお台場観光出来ました。ありがとうございました。,,,飛行機の遅延や電車の遅延で予定の時間より大幅に遅れてしまい、無事に到着するか？不安でしたが。最終便で何とかたどり着きました。  フロントの方、すごい温かく丁寧な接客でホッとしました。部屋はとってもきれいで朝食バイキングも美味しかったです。無事にお台場観光出来ました。ありがとうございました。,,,しんさん,jalan_362580_47e985fc7d635c913eedd42db47d1484
false,じゃらん,3,2026-02-11,東京ビックサイトでの仕事の為利用させていただきました。駅から近くまた目的地までのアクセスも良く快適でした。また利用させていただきます。,,,東京ビックサイトでの仕事の為利用させていただきました。駅から近くまた目的地までのアクセスも良く快適でした。また利用させていただきます。,,,suzuさん,jalan_362580_9995e52c6917ad5a7254799613796c0b
false,楽天トラベル,5,2026-02-10,部屋からの景色（夜景）が良かった。 これが満足度の殆どをしめています。 積雪の朝で部屋からの雪景色も良かったですよ。 青物横丁駅からイオンを目指すと最短距離だと思います。 セミダブルをふたりで使いましたが、 カップルか、せいぜい姉妹、母娘でなければ 狭くて苦痛だと思います。 おふたりでの利用は個人的にはおすすめしません。 接客も的確でお部屋の清掃も完璧だした。 また利用したいと思うホテルです。,,,部屋からの景色（夜景）が良かった。 これが満足度の殆どをしめています。 積雪の朝で部屋からの雪景色も良かったですよ。 青物横丁駅からイオンを目指すと最短距離だと思います。 セミダブルをふたりで使いましたが、 カップルか、せいぜい姉妹、母娘でなければ 狭くて苦痛だと思います。 おふたりでの利用は個人的にはおすすめしません。 接客も的確でお部屋の清掃も完璧だした。 また利用したいと思うホテルです。,,,ゆうこしん,rakuten_51870_9c8c7eff843b8c83ebf07a3b36f8a58e
false,じゃらん,4,2026-02-10,羽田空港着が遅く帰宅することが出来なく利用しました。駅から近く分かり易く近くにコンビニもあり、利用させていただきました。,,,羽田空港着が遅く帰宅することが出来なく利用しました。駅から近く分かり易く近くにコンビニもあり、利用させていただきました。,,,きょうちゃんさん,jalan_362580_81150626e3e1eeebac405bbad23a804f
false,楽天トラベル,4,2026-02-10,目の前にイオンがあります。店内に フードコートがあります。 広場の周りに食事が出来る場所もあります ,,,目の前にイオンがあります。店内に フードコートがあります。 広場の周りに食事が出来る場所もあります ,,,KH12629,rakuten_51870_35c18532b847f04afce28082b8939e20
false,Booking.com,8,2026-02-10,,,,,,,Takanashi,bookingcom_272466_a0af0c5b64e8789c39d98e4f041c6e17
false,Google,4,2026-02-10,"年季の入った建物でしたが、手入れが行き届いているのか、客室は清潔に保たれており、不満などはありません。静かで窓からの眺めも良かったです。おかげかぐっすり快眠できました。  また立地も良く徒歩1分圏内にレストランやコンビニ、ジム、モールなどがあり、小腹が空いたらすぐに立ち寄れるので便利でした。  また近くで用事があった際は宿泊したいと思います。  最後に少し気になったのが特定の女性フロントスタッフの接客態度でした。笑顔が一切なく、ホテルを出たり入ったりする時の""いってらっしゃいませ"" などの声かけなどもなし (特定の宿泊者だけに言っていた)。某品川にある有名ホテルに比べると価格帯のせいなのか一部のフロント接客対応は劣る。  客室やエレベーターの設備、景色や駅、レストランやモールへのアクセスが良い分、残念な点でした。",,,"年季の入った建物でしたが、手入れが行き届いているのか、客室は清潔に保たれており、不満などはありません。静かで窓からの眺めも良かったです。おかげかぐっすり快眠できました。  また立地も良く徒歩1分圏内にレストランやコンビニ、ジム、モールなどがあり、小腹が空いたらすぐに立ち寄れるので便利でした。  また近くで用事があった際は宿泊したいと思います。  最後に少し気になったのが特定の女性フロントスタッフの接客態度でした。笑顔が一切なく、ホテルを出たり入ったりする時の""いってらっしゃいませ"" などの声かけなどもなし (特定の宿泊者だけに言っていた)。某品川にある有名ホテルに比べると価格帯のせいなのか一部のフロント接客対応は劣る。  客室やエレベーターの設備、景色や駅、レストランやモールへのアクセスが良い分、残念な点でした。",,,Naoki Takehana,google_ChIJGcL-hHSKGGAR49LdCBFUUIY_9c2c8d5283faa838795a9b40cb1f735d
false,じゃらん,3,2026-02-10,羽田で荷物の受け取りができず、チェックインにもかなり遅れて二回連絡いれましたが、どちらも丁寧な対応をしていただきました。お部屋は狭くもなく、清潔感ありましたが、寝巻き、枕カバーが匂うので使用しませんでした。お風呂の調節がお湯と水を止めるたびに調節しないといけないのが手間でしたね。たった六時間の滞在でしたが、お世話になりました。,,,羽田で荷物の受け取りができず、チェックインにもかなり遅れて二回連絡いれましたが、どちらも丁寧な対応をしていただきました。お部屋は狭くもなく、清潔感ありましたが、寝巻き、枕カバーが匂うので使用しませんでした。お風呂の調節がお湯と水を止めるたびに調節しないといけないのが手間でしたね。たった六時間の滞在でしたが、お世話になりました。,,,こしのたま子さん,jalan_362580_98ecb36f8d3fcb57c639813d2f29a947
false,じゃらん,4,2026-02-10,駅から近い、ただし、乗り換えありでした。料金はやすかったです。  友人宅訪れたためだから、シンプルでよかったです。  近くにイオンがありました。,,,駅から近い、ただし、乗り換えありでした。料金はやすかったです。  友人宅訪れたためだから、シンプルでよかったです。  近くにイオンがありました。,,,はなみずきさん,jalan_362580_454392cf49459e2e2a85d246c12b46e1
false,じゃらん,4,2026-02-10,立地で選びました。 奥の角部屋で窓が二面ありました。ちょっと冷気が気になったかな。夜ブラインドを何気なく上げてビックリ！すごい夜景。東京湾のお台場方面と港区側も見えました。夜が明けてからみたら船、モノレール、車両が忙しく行き交っていて、こういうのが好きな人はたまらんだろうなと思いました。目の前にイオンがあり調達したい物があれば日常の続きのように行動できて良い宿泊先でした。,,,立地で選びました。 奥の角部屋で窓が二面ありました。ちょっと冷気が気になったかな。夜ブラインドを何気なく上げてビックリ！すごい夜景。東京湾のお台場方面と港区側も見えました。夜が明けてからみたら船、モノレール、車両が忙しく行き交っていて、こういうのが好きな人はたまらんだろうなと思いました。目の前にイオンがあり調達したい物があれば日常の続きのように行動できて良い宿泊先でした。,,,はなはなさん,jalan_362580_48a67aae746161247825d53bcab7358b
false,じゃらん,3,2026-02-10,横浜から都内観光するために利用しました。駅も羽田空港も近く、どこに行くにもアクセス良かった。都内観光の予定を、立てやすかった,,,横浜から都内観光するために利用しました。駅も羽田空港も近く、どこに行くにもアクセス良かった。都内観光の予定を、立てやすかった,,,こんともさん,jalan_362580_34e9783451cc94e2196646ebca5561a0
false,じゃらん,4,2026-02-10,東京ビッグサイトでの展示会対応のため１泊しました。  本当はビッグサイト近辺のホテルが良かったのですが、どこも満室のため、こちらに予約を入れました。特に可もなく不可もなくといったところでしょうか。駅近でしたし、周りにはイオンがあって便利でした。ただＶＯＤがなかったのが、少し残念でした。時代ですかね。また機会があればお世話になります。,,,東京ビッグサイトでの展示会対応のため１泊しました。  本当はビッグサイト近辺のホテルが良かったのですが、どこも満室のため、こちらに予約を入れました。特に可もなく不可もなくといったところでしょうか。駅近でしたし、周りにはイオンがあって便利でした。ただＶＯＤがなかったのが、少し残念でした。時代ですかね。また機会があればお世話になります。,,,naoさん,jalan_362580_cc2102aaf4898626f0e3ba244c78cce6
false,じゃらん,4,2026-02-10,羽田で荷物の受け取りができず、チェックインにもかなり遅れて二回連絡いれましたが、どちらも丁寧な対応をしていただきました。お部屋は狭くもなく、清潔感ありましたが、寝巻き、枕カバーが匂うので使用しませんでした。お風呂の調節がお湯と水を止めるたびに調節しないといけないのが手間でしたね。たった六時間の滞在でしたが、お世話になりました。,,,羽田で荷物の受け取りができず、チェックインにもかなり遅れて二回連絡いれましたが、どちらも丁寧な対応をしていただきました。お部屋は狭くもなく、清潔感ありましたが、寝巻き、枕カバーが匂うので使用しませんでした。お風呂の調節がお湯と水を止めるたびに調節しないといけないのが手間でしたね。たった六時間の滞在でしたが、お世話になりました。,,,こしのたま子さん,jalan_362580_3b9e0884de8ff81d142033ac2281d3f8
false,じゃらん,3,2026-02-10,立地で選びました。 奥の角部屋で窓が二面ありました。ちょっと冷気が気になったかな。夜ブラインドを何気なく上げてビックリ！すごい夜景。東京湾のお台場方面と港区側も見えました。夜が明けてからみたら船、モノレール、車両が忙しく行き交っていて、こういうのが好きな人はたまらんだろうなと思いました。目の前にイオンがあり調達したい物があれば日常の続きのように行動できて良い宿泊先でした。,,,立地で選びました。 奥の角部屋で窓が二面ありました。ちょっと冷気が気になったかな。夜ブラインドを何気なく上げてビックリ！すごい夜景。東京湾のお台場方面と港区側も見えました。夜が明けてからみたら船、モノレール、車両が忙しく行き交っていて、こういうのが好きな人はたまらんだろうなと思いました。目の前にイオンがあり調達したい物があれば日常の続きのように行動できて良い宿泊先でした。,,,はなはなさん,jalan_362580_6bea55093ed47e163e30ddd991b6b0fd
false,じゃらん,5,2026-02-10,横浜から都内観光するために利用しました。駅も羽田空港も近く、どこに行くにもアクセス良かった。都内観光の予定を、立てやすかった,,,横浜から都内観光するために利用しました。駅も羽田空港も近く、どこに行くにもアクセス良かった。都内観光の予定を、立てやすかった,,,こんともさん,jalan_362580_ea391a5b91f64881f9228b6273e73aff
false,楽天トラベル,5,2026-02-09,ユニットとは言えお風呂大きくてゆったり入れました、水場全体広くてストレス溜まりません。 ベッドも枕が固めのもあって体負担なく休めました。とにかく大満足でした。 あと加湿器とかあるとほんとに助かります。,,,ユニットとは言えお風呂大きくてゆったり入れました、水場全体広くてストレス溜まりません。 ベッドも枕が固めのもあって体負担なく休めました。とにかく大満足でした。 あと加湿器とかあるとほんとに助かります。,,,りゅう亜鈴,rakuten_51870_808369ac2abf0d197867a8c68cd00f25
false,Booking.com,5,2026-02-09,,静かで、清潔感が有りました。,,,静かで、清潔感が有りました。,,Kyouko,bookingcom_272466_f11b17922978956b1bf64838b53ca64f
false,楽天トラベル,4,2026-02-09,駅から本当に近くで便利でした。近くに何があるかフロントスタッフさんに聞いたら分かりやすく教えてくれて、助かりました。 お部屋もとても綺麗で清潔でしたが、暖房の設定が分かりにくかったのと、WiFiの設定的にセキュリティが不安になりました。 ですが素泊まりの身としては十分なホテルです。目的地によってはまた利用したいです。,,,駅から本当に近くで便利でした。近くに何があるかフロントスタッフさんに聞いたら分かりやすく教えてくれて、助かりました。 お部屋もとても綺麗で清潔でしたが、暖房の設定が分かりにくかったのと、WiFiの設定的にセキュリティが不安になりました。 ですが素泊まりの身としては十分なホテルです。目的地によってはまた利用したいです。,,,えな8852,rakuten_51870_66fe5c855cfbc578192c49e17b7c75ea
false,じゃらん,5,2026-02-09,お部屋が最上階の門部屋で眺めが大変良かった事です。また飲料水が自由に飲めて  良かったです。  部屋もゆったりしてテーブルに椅子も2脚ありリラックス出来ました。  駅からも近くて良かったです。,,,お部屋が最上階の門部屋で眺めが大変良かった事です。また飲料水が自由に飲めて  良かったです。  部屋もゆったりしてテーブルに椅子も2脚ありリラックス出来ました。  駅からも近くて良かったです。,,,チコさん,jalan_362580_94ee1bc1d3fb92da07f8558c6fcd41b1
false,Booking.com,10,2026-02-08,,"Propreté impeccable, accueil chaleureux, excellent rapport qualité/prix","Rien, tout était parfait",,申し分のない清潔さ、温かい歓迎、優れたコストパフォーマンス,何もかも完璧だった,Mélanie,bookingcom_272466_e0be68ea056310bac562d84db5bb0411
false,Booking.com,6,2026-02-08,,,,,,,Beatrice,bookingcom_272466_1c5aa8e977d624d4a14063a45e2f6875
false,Google,4,2026-02-08,,,,,,,川迫孔明,google_ChIJGcL-hHSKGGAR49LdCBFUUIY_28b258940bc02ef9818064c0bd18b435
false,Google,5,2026-02-08,このホテルは羽田空港近くに位置し、コストパフォーマンスに優れています。フロントスタッフは親切で、部屋はこぢんまりとしていましたが、とても快適で清潔でした。朝食ビュッフェも食べ放題でボリュームたっぷりでした。,,,このホテルは羽田空港近くに位置し、コストパフォーマンスに優れています。フロントスタッフは親切で、部屋はこぢんまりとしていましたが、とても快適で清潔でした。朝食ビュッフェも食べ放題でボリュームたっぷりでした。,,,Mélanie Bougard,google_ChIJGcL-hHSKGGAR49LdCBFUUIY_0886d9a982fcf4dbcca888f874da7dbc
false,Agoda,7,2026-02-08,便利,,,便利,,,KOUJI,agoda_96271_0f2c9acc4bd5ffd0df2789b92bc3fa83
false,Agoda,10,2026-02-08,水周りやベッド、とても綺麗でした！ また利用します！,,,水周りやベッド、とても綺麗でした！ また利用します！,,,NANAKO,agoda_96271_92fdbe2b24b9009280b5897e64b163a2
false,楽天トラベル,4,2026-02-08,品川シーサイドの出口をでてすぐの場所で大変便利がよかったです。お店が色々ある場所の裏手にはなるのでホテルの目の前にコンビニ！というわけではなく私はあまり近くのお店を利用しませんでしたが、少し歩けばスーパーや飲食店にもアクセスしやすいです。 予約時に自身が誤って喫煙ルームを予約してしまったのですが、チェックイン時にスムーズに禁煙部屋に変更いただき、快適に過ごすことができました。,,,品川シーサイドの出口をでてすぐの場所で大変便利がよかったです。お店が色々ある場所の裏手にはなるのでホテルの目の前にコンビニ！というわけではなく私はあまり近くのお店を利用しませんでしたが、少し歩けばスーパーや飲食店にもアクセスしやすいです。 予約時に自身が誤って喫煙ルームを予約してしまったのですが、チェックイン時にスムーズに禁煙部屋に変更いただき、快適に過ごすことができました。,,,ももじゃもじゃ,rakuten_51870_5a6c8193088b29df0e9bcae2fb8653a2
false,楽天トラベル,4,2026-02-08,出張で初めて利用しました。金曜日宿泊でしたが、都内でビュッフェ朝食付きですし、非常にリーズナブルだと思います。駅からも近く、また目の前に大型モールもありとても便利でした。 部屋も清潔でベッドも広くて良かったです。 ,,,出張で初めて利用しました。金曜日宿泊でしたが、都内でビュッフェ朝食付きですし、非常にリーズナブルだと思います。駅からも近く、また目の前に大型モールもありとても便利でした。 部屋も清潔でベッドも広くて良かったです。 ,,,まいぺんらいかっぷ,rakuten_51870_69ac180770fe27460d364fc80c2433f1
false,楽天トラベル,5,2026-02-08,立地：品川シーサイド駅出口の目の前でとても良いです。コンビニや飲食店は駅の反対側の出口の方にあります。 部屋：今回宿泊したツインルームは清潔で十分な広さがあり、快適に過ごせました。ベッドの寝心地も良かったです。加湿器があればもっと良かったですね。 　　　大きいクローゼットがあり、消臭スプレーも用意されています。 　　　デスクと鏡が大きく、身支度に苦労することはありません。 　　　バスルームも広く、使いやすいです。顔も洗える泡ソープがあります。 アメニティ：クレンジングオイル、化粧水、乳液など。 　　　　　　インスタントコーヒーは焦げ臭くおいしくないので改善を望みます。 全体的に高評価です、また宿泊したいと思います。 ,,,立地：品川シーサイド駅出口の目の前でとても良いです。コンビニや飲食店は駅の反対側の出口の方にあります。 部屋：今回宿泊したツインルームは清潔で十分な広さがあり、快適に過ごせました。ベッドの寝心地も良かったです。加湿器があればもっと良かったですね。 　　　大きいクローゼットがあり、消臭スプレーも用意されています。 　　　デスクと鏡が大きく、身支度に苦労することはありません。 　　　バスルームも広く、使いやすいです。顔も洗える泡ソープがあります。 アメニティ：クレンジングオイル、化粧水、乳液など。 　　　　　　インスタントコーヒーは焦げ臭くおいしくないので改善を望みます。 全体的に高評価です、また宿泊したいと思います。 ,,,しのれ,rakuten_51870_cdd90d1512a33497de8012dbd48c4d2c
false,Agoda,7,2026-02-08,駅近で羽田空港にもリムジンバス1本で行ける/来れる立地がとても便利でした,,,駅近で羽田空港にもリムジンバス1本で行ける/来れる立地がとても便利でした,,,HIROKAZU,agoda_96271_56860c85bad04de3ea9ba905e905860f
false,Booking.com,7,2026-02-08,,Quite a good view from the 15th floor. The lift was great and so was the laundry!  Location was good for metro and awesome shopping centre. Restaurants were good but the best food is at the supermarket ground floor!! The restaurant breakfast buffet was a good service but overpriced when you see what you can get at “Aeon” a few minutes walk away.,Bed was not comfortable and room was so small. No room for luggage around the bed. Climbing and tripping over bad is not great.,,15階からの眺めはなかなか良かったです。エレベーターもランドリーも素晴らしかったです！地下鉄や素晴らしいショッピングセンターへのアクセスも良かったです。レストランは美味しかったですが、一番美味しいのは1階のスーパーマーケットです！レストランの朝食ビュッフェはサービスは良かったのですが、徒歩数分の「イオン」で買えるものと比べると値段が高す​​ぎます。,ベッドは快適ではなく、部屋もとても狭かった。ベッドの周りには荷物を置くスペースが全くなかった。ベッドによじ登ったり、つまずいたりするのは大変だった。,Jill,bookingcom_272466_cee4687c99383e7b13495624499e53a8
false,Google,5,2026-02-08,"Cet hôtel à proximité de l’aéroport Haneda a un excellent rapport qualité /prix. Accueil chaleureux à la réception, chambre petite mais très confortable et propre. Petit déjeuner buffet à volonté bien garni.",,,羽田空港近くのこのホテルは、コストパフォーマンスに優れています。受付スタッフは親切で、部屋は小さめでしたがとても快適で清潔でした。食べ放題の朝食ビュッフェも種類豊富でした。,,,Mélanie Bougard,google_ChIJGcL-hHSKGGAR49LdCBFUUIY_4b253c717a34cc781641f438228a2d7a
false,楽天トラベル,4,2026-02-08,いつも出張の際に利用してます。品川シーサイドは不便ですが、会社が近いので重宝してます。不便なせいか、価格の割に部屋は清潔で綺麗で、海側の部屋だと眺望も抜群です。 ,,,いつも出張の際に利用してます。品川シーサイドは不便ですが、会社が近いので重宝してます。不便なせいか、価格の割に部屋は清潔で綺麗で、海側の部屋だと眺望も抜群です。 ,,,Tankobu1351,rakuten_51870_78effc58c72aae76fbcd8393ba877369
false,じゃらん,5,2026-02-08,何度か宿泊させていただいておりますが、駅近でスーパーや飲食店も近くにありかなり便利です。  スタッフの対応もよくて安心です。,,,何度か宿泊させていただいておりますが、駅近でスーパーや飲食店も近くにありかなり便利です。  スタッフの対応もよくて安心です。,,,さっちんさん,jalan_362580_e2a902ef27abe2401b80e71fdb30b512
false,じゃらん,4,2026-02-08,東品川駅のすぐ近くでお台場に夜のイベントに行くのに最適。12時ギリギリまでお台場で過ごせます。部屋も綺麗。,,,東品川駅のすぐ近くでお台場に夜のイベントに行くのに最適。12時ギリギリまでお台場で過ごせます。部屋も綺麗。,,,たつやさん,jalan_362580_766e5dfb7fe7c371b9ca47bde71ece65
false,じゃらん,4,2026-02-08,プランとクーポンの組み合わせで8000円以内で泊まれました。東京でなかなかこの価格でこのレベルのホテルは泊まれないかと。  部屋は綺麗であとは可もなく不可もなく,,,プランとクーポンの組み合わせで8000円以内で泊まれました。東京でなかなかこの価格でこのレベルのホテルは泊まれないかと。  部屋は綺麗であとは可もなく不可もなく,,,goukiさん,jalan_362580_c0a5eccdc7462e7c187f9f923a782610
false,じゃらん,3,2026-02-08,何度か宿泊させていただいておりますが、駅近でスーパーや飲食店も近くにありかなり便利です。  スタッフの対応もよくて安心です。,,,何度か宿泊させていただいておりますが、駅近でスーパーや飲食店も近くにありかなり便利です。  スタッフの対応もよくて安心です。,,,さっちんさん,jalan_362580_043f82561fa7984bddbacc3c2a738309
false,じゃらん,3,2026-02-08,プランとクーポンの組み合わせで8000円以内で泊まれました。東京でなかなかこの価格でこのレベルのホテルは泊まれないかと。  部屋は綺麗であとは可もなく不可もなく,,,プランとクーポンの組み合わせで8000円以内で泊まれました。東京でなかなかこの価格でこのレベルのホテルは泊まれないかと。  部屋は綺麗であとは可もなく不可もなく,,,goukiさん,jalan_362580_c75a692e1f53df331338105333fbc7fc
false,Booking.com,9,2026-02-07,,,,,,,Shaotian,bookingcom_272466_3b0645dd8b3eab9cefbffc7beea63859
false,じゃらん,3,2026-02-07,周辺ホテルが軒並み高いのでお手頃なこちらのホテルは重宝しています。部屋も清潔で、今高くなっているホテルと変わらないか上くらいのクオリティなので助かります。エコノミーツインはちょっと狭いので寝るだけの方向けかと思います。  一点、浴室なんですが換気があまりよくないのか夜にお風呂を使うと朝まで湿気が残っていて中に干しているものもびしょびしょのままになるので、宿泊する方でなにか干したい方は部屋の方に干すことをオススメします。それかお風呂使ったあとはしばらく扉を開けておいた方がいいかもです。  浴室の換気設備は手が入れられないと思うので宿泊者側で調整するのがベストかなと。  ともあれ駅近で楽ですしわたしには居心地がいいのでまた東京に行くときにはお世話になると思います。,,,周辺ホテルが軒並み高いのでお手頃なこちらのホテルは重宝しています。部屋も清潔で、今高くなっているホテルと変わらないか上くらいのクオリティなので助かります。エコノミーツインはちょっと狭いので寝るだけの方向けかと思います。  一点、浴室なんですが換気があまりよくないのか夜にお風呂を使うと朝まで湿気が残っていて中に干しているものもびしょびしょのままになるので、宿泊する方でなにか干したい方は部屋の方に干すことをオススメします。それかお風呂使ったあとはしばらく扉を開けておいた方がいいかもです。  浴室の換気設備は手が入れられないと思うので宿泊者側で調整するのがベストかなと。  ともあれ駅近で楽ですしわたしには居心地がいいのでまた東京に行くときにはお世話になると思います。,,,だらさん,jalan_362580_55898317e0efbe6c6ffcf426b09e9794
false,じゃらん,5,2026-02-07,周辺ホテルが軒並み高いのでお手頃なこちらのホテルは重宝しています。部屋も清潔で、今高くなっているホテルと変わらないか上くらいのクオリティなので助かります。エコノミーツインはちょっと狭いので寝るだけの方向けかと思います。  一点、浴室なんですが換気があまりよくないのか夜にお風呂を使うと朝まで湿気が残っていて中に干しているものもびしょびしょのままになるので、宿泊する方でなにか干したい方は部屋の方に干すことをオススメします。それかお風呂使ったあとはしばらく扉を開けておいた方がいいかもです。  浴室の換気設備は手が入れられないと思うので宿泊者側で調整するのがベストかなと。  ともあれ駅近で楽ですしわたしには居心地がいいのでまた東京に行くときにはお世話になると思います。,,,周辺ホテルが軒並み高いのでお手頃なこちらのホテルは重宝しています。部屋も清潔で、今高くなっているホテルと変わらないか上くらいのクオリティなので助かります。エコノミーツインはちょっと狭いので寝るだけの方向けかと思います。  一点、浴室なんですが換気があまりよくないのか夜にお風呂を使うと朝まで湿気が残っていて中に干しているものもびしょびしょのままになるので、宿泊する方でなにか干したい方は部屋の方に干すことをオススメします。それかお風呂使ったあとはしばらく扉を開けておいた方がいいかもです。  浴室の換気設備は手が入れられないと思うので宿泊者側で調整するのがベストかなと。  ともあれ駅近で楽ですしわたしには居心地がいいのでまた東京に行くときにはお世話になると思います。,,,だらさん,jalan_362580_d1bcedd7e356947167390b6110b0e306
false,楽天トラベル,5,2026-02-07,間違えて喫煙部屋を予約していましたが、当日に空きがあり対応いただきました。３泊でしたので大変助かりました。ありがとうございました。,,,間違えて喫煙部屋を予約していましたが、当日に空きがあり対応いただきました。３泊でしたので大変助かりました。ありがとうございました。,,,takaku,rakuten_51870_1985fe24c8ba2f4bc0455978c7967e2f
false,楽天トラベル,4,2026-02-07,廊下の天井点検口から聞こえる凄まじい風切り音でなかなか眠れない日があった。,,,廊下の天井点検口から聞こえる凄まじい風切り音でなかなか眠れない日があった。,,,ホンダ ヤスノブ,rakuten_51870_6dd9bcdaa1c6a4c5102f0ff8eea7dd4d
false,楽天トラベル,3,2026-02-07,施設の古さは若干感じますが、最低限のレベルにはあり宿泊に問題はありません。品川シーサイド駅に近い立地で、りんかい線沿いに用事のある方は便利です。反面、都内に出て行くには乗り換えが増えます。,,,施設の古さは若干感じますが、最低限のレベルにはあり宿泊に問題はありません。品川シーサイド駅に近い立地で、りんかい線沿いに用事のある方は便利です。反面、都内に出て行くには乗り換えが増えます。,,,beat8670,rakuten_51870_4902b879dc33d97ab8893bd774989336
false,楽天トラベル,4,2026-02-07,子供の受験のため宿泊させていただきました。机の横幅が広く勉強しやすそうでした。ユニットバスですが面積が広いため圧迫感がなく、浴槽も横に長く足を伸ばせて良かった。ただ、お湯を張った位置が高かった為か栓のチェーン根元のステンレスの部分から髪の毛が出てきたので、ちょっと気持ち悪かったです。バスタオルが棚の上に上がっていたのですが身長が低いため取りづらくお風呂から出たタイミングで取ったので蒸気で熱かった。最近のホテルはバスタオルの上にフェイスタオルという形でタオル掛けにかかっている事が多いので、そのスタイルにして欲しいと思いました。ツインでしたが枕元の電源はコンセント1口とUSB1口だったので携帯は1人がUSB充電となりました。机にはコンセント2口ありました。,,,子供の受験のため宿泊させていただきました。机の横幅が広く勉強しやすそうでした。ユニットバスですが面積が広いため圧迫感がなく、浴槽も横に長く足を伸ばせて良かった。ただ、お湯を張った位置が高かった為か栓のチェーン根元のステンレスの部分から髪の毛が出てきたので、ちょっと気持ち悪かったです。バスタオルが棚の上に上がっていたのですが身長が低いため取りづらくお風呂から出たタイミングで取ったので蒸気で熱かった。最近のホテルはバスタオルの上にフェイスタオルという形でタオル掛けにかかっている事が多いので、そのスタイルにして欲しいと思いました。ツインでしたが枕元の電源はコンセント1口とUSB1口だったので携帯は1人がUSB充電となりました。机にはコンセント2口ありました。,,,ほのはるこ,rakuten_51870_9e4b7c3621098857f2cb5b7da2036901
false,Google,5,2026-02-07,バス、電車と何も便利。ホテル内も綺麗で申し分無し。リーズナブルに宿泊出来て大満足。東京出張の際はまた利用したい。,,,バス、電車と何も便利。ホテル内も綺麗で申し分無し。リーズナブルに宿泊出来て大満足。東京出張の際はまた利用したい。,,,P Nori,google_ChIJGcL-hHSKGGAR49LdCBFUUIY_268a1b2d2789586ae64c2bd0c2daa5cc
false,じゃらん,4,2026-02-07,りんかい線の駅の入り口がホテルのすぐ目の前で便利。東京ビッグサイトへのアクセスも良かったです。部屋の机や設備は少々古びてきている感じはあるが、綺麗にされており問題なし。  シングルの部屋を利用したが、ベッド脇にスーツケースをゆったり広げられるスペースがあり広さ○。  フロントスタッフは人数も充実しており、フロント前で待つ事は無し。支払いの事で込み入った質問をしたものの明確に回答されてる様子は素晴らしかったです。  朝食付きでこの部屋であればリーズナブルだと思う。朝食のスクランブルエッグはとても美味しかったです。,,,りんかい線の駅の入り口がホテルのすぐ目の前で便利。東京ビッグサイトへのアクセスも良かったです。部屋の机や設備は少々古びてきている感じはあるが、綺麗にされており問題なし。  シングルの部屋を利用したが、ベッド脇にスーツケースをゆったり広げられるスペースがあり広さ○。  フロントスタッフは人数も充実しており、フロント前で待つ事は無し。支払いの事で込み入った質問をしたものの明確に回答されてる様子は素晴らしかったです。  朝食付きでこの部屋であればリーズナブルだと思う。朝食のスクランブルエッグはとても美味しかったです。,,,Kachanさん,jalan_362580_45fb028927fe06ee0d9d07bb03b2dc8f
false,じゃらん,5,2026-02-07,TOYOTA ARENA TOKYOへのライブのために友達と宿泊しました。  物価高の現代、都会の土日宿泊にこの料金はコスパがいいです。  宿泊した部屋が端だったのもあるかもしれませんが、物音は気になりません。上階からの排水の音もなし。  宿泊前に荷物も預かっていただき、助かりました！  受付の方も海外の方でしたが、日本語がとてもお上手で笑顔も素敵でした！  りんかい線品川シーサイド駅A出口より徒歩約1分と書いている通り、出口の真横の横断歩道を渡ってすぐです。  目の前にはイオンもあり、食品コーナーは23時まで営業（現時点で）なので、ライブのあとにここで食事を購入できます。フロントにレンジもあります！  もしまたこの近くに来ることがあれば絶対リピートさせてもらいます！ありがとうございました！,,,TOYOTA ARENA TOKYOへのライブのために友達と宿泊しました。  物価高の現代、都会の土日宿泊にこの料金はコスパがいいです。  宿泊した部屋が端だったのもあるかもしれませんが、物音は気になりません。上階からの排水の音もなし。  宿泊前に荷物も預かっていただき、助かりました！  受付の方も海外の方でしたが、日本語がとてもお上手で笑顔も素敵でした！  りんかい線品川シーサイド駅A出口より徒歩約1分と書いている通り、出口の真横の横断歩道を渡ってすぐです。  目の前にはイオンもあり、食品コーナーは23時まで営業（現時点で）なので、ライブのあとにここで食事を購入できます。フロントにレンジもあります！  もしまたこの近くに来ることがあれば絶対リピートさせてもらいます！ありがとうございました！,,,閣下さん,jalan_362580_e9d4ae11df2fff4a393f247bc4aef298
false,Google,5,2026-02-06,出張の際にお世話になる事が多いです。お部屋の作りはやや古い感じがありますが、全体的に綺麗なので快適に過ごせました。横断歩道を渡った所にコンビニや飲食店が入っているビルがあるので食べる事に不自由はしなかったです。フロントの皆様の対応も良かったです。,,,出張の際にお世話になる事が多いです。お部屋の作りはやや古い感じがありますが、全体的に綺麗なので快適に過ごせました。横断歩道を渡った所にコンビニや飲食店が入っているビルがあるので食べる事に不自由はしなかったです。フロントの皆様の対応も良かったです。,,,Nov,google_ChIJGcL-hHSKGGAR49LdCBFUUIY_2f26a801525bdf201acbabf718ed29a6
false,Google,4,2026-02-06,2026.01+  シーサイドラインに非常に近いので、港方面へお出かけの方には大変便利です。  川に面したお部屋の場合は、窓の外の高速道路の交通音が聞こえますが、幸いにも深夜以降は交通量は少なくなります。,,,2026.01+  シーサイドラインに非常に近いので、港方面へお出かけの方には大変便利です。  川に面したお部屋の場合は、窓の外の高速道路の交通音が聞こえますが、幸いにも深夜以降は交通量は少なくなります。,,,KENKEN,google_ChIJGcL-hHSKGGAR49LdCBFUUIY_d47f5a62b69e18e16f3bd92229413f4e
false,Agoda,6,2026-02-06,友達3人で泊まりましたが良かったです。,,,友達3人で泊まりましたが良かったです。,,,yyuukou,agoda_96271_ad663b32da11d8b48a63c482df00d70a
false,Agoda,5,2026-02-06,ビックサイトへのアクセスの良さから宿泊先に。 食事は青物横丁まで歩いていけば、困ることはない。 朝食はありがちなバイキングスタイルで、期待しない方が良い。,,,ビックサイトへのアクセスの良さから宿泊先に。 食事は青物横丁まで歩いていけば、困ることはない。 朝食はありがちなバイキングスタイルで、期待しない方が良い。,,,1,agoda_96271_3d54beb83fdb9a115ea0e4964facb993
false,じゃらん,2,2026-02-06,空気清浄機はこの時期完備してほしいですね。お風呂の御湯の調整も温度設定がないので残念でした。部屋は広くてよかったです。朝食は和食が品数少なかったです。,,,空気清浄機はこの時期完備してほしいですね。お風呂の御湯の調整も温度設定がないので残念でした。部屋は広くてよかったです。朝食は和食が品数少なかったです。,,,しんちゃんさん,jalan_362580_c92d3612be929412835d2972c7144b98
false,じゃらん,4,2026-02-06,娘の受験で利用させていただきました。数日前の電話での問い合わせにも丁寧にお応えいただき、当日も荷物を預かってくださるなど本当に助かりました。  部屋からの夜景も綺麗で、また是非利用させていただきたいと思います。  ありがとうございました。,,,娘の受験で利用させていただきました。数日前の電話での問い合わせにも丁寧にお応えいただき、当日も荷物を預かってくださるなど本当に助かりました。  部屋からの夜景も綺麗で、また是非利用させていただきたいと思います。  ありがとうございました。,,,サコポンさん,jalan_362580_17062e8045dfae8ebd89cd0717f5cc8d
false,じゃらん,5,2026-02-06,定期的にお世話になっておりますが、事前にメールをすると眺望のリクエスト等にも応えていただけて大変助かっております。  部屋もしっかりとスペースがあり、ベッドも大きいので満足しています。  特にありがたいのがアーリーチェックインで、かなり割安で利用可能です。  あえて不満なところをあげるとすると、お風呂の栓が自分で混合するタイプなのが少し不便です。  ただ、水圧がしっかりしているのでそこまでマイナス点ではありません。  加湿器がいつからか常設でなく貸し出しになったのも少し不便ではあります。  また、アクセスは正直良いとは言いにくいです。  羽田空港からだとバスがありますが、本数が限られており、そのほかの手段だとどうしても乗り換えが発生してしまうので、荷物が多い方は大変かもしれません。  周辺は静かで過ごしやすく、近くにイオンがあるため買い物には困りません。  食事は人によりますが、フードコートなどもあり、こだわりがなければ快適に利用可能です。  チェックアウトも標準で12時ということもあり、いつもありがたく利用させていただいておりますが、時期によってはかなり高額になることもあるので、見極めながらまた泊まらせて頂きたいと思います。,,,定期的にお世話になっておりますが、事前にメールをすると眺望のリクエスト等にも応えていただけて大変助かっております。  部屋もしっかりとスペースがあり、ベッドも大きいので満足しています。  特にありがたいのがアーリーチェックインで、かなり割安で利用可能です。  あえて不満なところをあげるとすると、お風呂の栓が自分で混合するタイプなのが少し不便です。  ただ、水圧がしっかりしているのでそこまでマイナス点ではありません。  加湿器がいつからか常設でなく貸し出しになったのも少し不便ではあります。  また、アクセスは正直良いとは言いにくいです。  羽田空港からだとバスがありますが、本数が限られており、そのほかの手段だとどうしても乗り換えが発生してしまうので、荷物が多い方は大変かもしれません。  周辺は静かで過ごしやすく、近くにイオンがあるため買い物には困りません。  食事は人によりますが、フードコートなどもあり、こだわりがなければ快適に利用可能です。  チェックアウトも標準で12時ということもあり、いつもありがたく利用させていただいておりますが、時期によってはかなり高額になることもあるので、見極めながらまた泊まらせて頂きたいと思います。,,,toshiki-31さん,jalan_362580_1fe462d89688b77a6e58321674bbad65
false,Google,4,2026-02-06,2026.01+  離臨海線很近，對於要去港區的人非常方便。 如果是面河房間，會聽到窗外快速道路的車聲，還好半夜後就比較沒什麼車。,,,2026年1月以降　海岸線に非常に近いので、港湾エリアへ行く人にとってとても便利です。川に面した部屋だと、窓の外の高速道路の交通音が聞こえますが、幸いなことに深夜0時以降は交通量が少なくなります。,,,KENKEN,google_ChIJGcL-hHSKGGAR49LdCBFUUIY_f495773eefa65f01faed0b0b82fffdac
false,じゃらん,3,2026-02-06,空気清浄機はこの時期完備してほしいですね。お風呂の御湯の調整も温度設定がないので残念でした。部屋は広くてよかったです。朝食は和食が品数少なかったです。,,,空気清浄機はこの時期完備してほしいですね。お風呂の御湯の調整も温度設定がないので残念でした。部屋は広くてよかったです。朝食は和食が品数少なかったです。,,,しんちゃんさん,jalan_362580_e2103563b4a9bda3b34d9a761aa73c7e
false,楽天トラベル,5,2026-02-05,駅近いし空港までバスで直ぐ！ 渋谷や恵比寿。下北沢も近い。 部屋は、綺麗だし静か。 景色も良い！ またの機会もお願いしたいホテルです。 ,,,駅近いし空港までバスで直ぐ！ 渋谷や恵比寿。下北沢も近い。 部屋は、綺麗だし静か。 景色も良い！ またの機会もお願いしたいホテルです。 ,,,demi.,rakuten_51870_b14251751a487b377715e62f2874a929
false,楽天トラベル,4,2026-02-05,立地もお部屋もよかったのですが、室内の乾燥がひどくて静電気がすごかったです。 加湿器もないので、今後おいていただけると嬉しいです。,,,立地もお部屋もよかったのですが、室内の乾燥がひどくて静電気がすごかったです。 加湿器もないので、今後おいていただけると嬉しいです。,,,きたのくにから,rakuten_51870_7e5f224cc4f4dbbcc11d273f403a34b8
false,Trip.com,9,2026-02-05,環境衞生很好,,,環境はとても清潔です。,,,T‍i‍n‍a‍z‍o‍u‍t‍i‍a‍n‍x‍i‍a,trip_1836856915
false,Google,5,2026-02-04,,,,,,,Patrick Chua,google_ChIJGcL-hHSKGGAR49LdCBFUUIY_9528d4366e4cb13c927c640024e78d2f
false,じゃらん,5,2026-02-04,品川シーサイド駅と目の鼻の先にあり方向オンチな私と娘も迷わず助かりました。コンパクトなツインでしたがその分値段が抑えられて無駄に広いよりよかった。フロントの方やお掃除の方も感じが良く好印象です。また機会があったら泊まりに行きたいです,,,品川シーサイド駅と目の鼻の先にあり方向オンチな私と娘も迷わず助かりました。コンパクトなツインでしたがその分値段が抑えられて無駄に広いよりよかった。フロントの方やお掃除の方も感じが良く好印象です。また機会があったら泊まりに行きたいです,,,ミントさん,jalan_362580_0a4a79021e2199accbca7191a16c1310
false,じゃらん,4,2026-02-04,2度目の利用です。  受付の方もとても丁寧で感じがよく気持ちよく宿泊できます。  駅が近く夜は静かに眠れます。  近くに買い物が出来スーパーやコンビニがあるので便利です。  唯一、都心から直通の電車の最終が比較的早めなので少し焦りました。,,,2度目の利用です。  受付の方もとても丁寧で感じがよく気持ちよく宿泊できます。  駅が近く夜は静かに眠れます。  近くに買い物が出来スーパーやコンビニがあるので便利です。  唯一、都心から直通の電車の最終が比較的早めなので少し焦りました。,,,MIHOさん,jalan_362580_db87fe4989384c53451d350386ba62dd
false,楽天トラベル,5,2026-02-03,有明GYMのイベント参加の際に利用しました。 有明からも近く、駅からも近いので、どんな場所でも道に迷う私ですが大丈夫でした。そばにイオンもあるので食事や急に必要なものが出来ても買い出しに行けるのも良かったです。土日でしたが周辺も静かでした。 高速バスで早朝到着し、イベントまで時間があったので先に荷物を預けに寄り、かつ近くのカフェが開店するまでの間、許可を得てロビーの椅子で休ませてもらいましたが、スタッフさんが親切に対応して下さいました。 お部屋も綺麗でしたし、暖房もすぐ暖かくなりました。朝食もスムーズに座れました。 唯一残念だったのは、朝食のパンを焼くor温めるトースターがなかったことです笑,,,有明GYMのイベント参加の際に利用しました。 有明からも近く、駅からも近いので、どんな場所でも道に迷う私ですが大丈夫でした。そばにイオンもあるので食事や急に必要なものが出来ても買い出しに行けるのも良かったです。土日でしたが周辺も静かでした。 高速バスで早朝到着し、イベントまで時間があったので先に荷物を預けに寄り、かつ近くのカフェが開店するまでの間、許可を得てロビーの椅子で休ませてもらいましたが、スタッフさんが親切に対応して下さいました。 お部屋も綺麗でしたし、暖房もすぐ暖かくなりました。朝食もスムーズに座れました。 唯一残念だったのは、朝食のパンを焼くor温めるトースターがなかったことです笑,,,（り）,rakuten_51870_1306cd60e97d7372d70f65ab426e8f9b
false,Booking.com,10,2026-02-03,,,,,,,Reon,bookingcom_272466_7f208ca0559a3f13f384e21aafc4904d
false,Agoda,5,2026-02-03,駅近、イオンモールや飲食店も徒歩圏内にあり、立地はかなり素晴らしい。割と安めに泊まれたので、特に悪い点は無かったが、良いところも無かった。仕事で利用する程度なら、また泊まりたい。,,,駅近、イオンモールや飲食店も徒歩圏内にあり、立地はかなり素晴らしい。割と安めに泊まれたので、特に悪い点は無かったが、良いところも無かった。仕事で利用する程度なら、また泊まりたい。,,,nanbu,agoda_96271_edb2b5a86d65ef2b97f6fb5be3c94f83
false,楽天トラベル,4,2026-02-03,駅チカさいこー！ 設備も新しくて清潔だった。,,,駅チカさいこー！ 設備も新しくて清潔だった。,,,masabomb8929,rakuten_51870_5559cb4d46f7fcc73eb682491874d426
false,じゃらん,4,2026-02-03,家のリフォーム中に利用しました。駅近なので毎日の通勤が本当に快適でした。イオンの真ん前なので食事、買い物にも困らず最高のホテルライフでした。,,,家のリフォーム中に利用しました。駅近なので毎日の通勤が本当に快適でした。イオンの真ん前なので食事、買い物にも困らず最高のホテルライフでした。,,,ねこさん,jalan_362580_79a60d4a87b91ea626d8396a23a81df5
false,じゃらん,5,2026-02-03,家のリフォーム中に利用しました。海側のお部屋だったので景色が最高でした。特に夜景が素敵でした。また機会があったら利用したいです。,,,家のリフォーム中に利用しました。海側のお部屋だったので景色が最高でした。特に夜景が素敵でした。また機会があったら利用したいです。,,,ねこさん,jalan_362580_d94ea571e06ab418329909f64f94fb71
false,Trip.com,10,2026-02-02,酒店地理位置近地鐵站，交通十分方便。 酒店大堂的櫃檯服務十分之好，服務員態度有禮，十分願意聆聽顧客的需求,,,ホテルは地下鉄駅のすぐ近くにあり、とても便利な立地です。ロビーのフロントデスクのサービスは素晴らしく、スタッフは礼儀正しく、お客様の要望を快く聞いてくれます。,,,～‍L‍F‍～,trip_1832889882
false,Booking.com,10,2026-02-02,,,,,,,Chun,bookingcom_272466_1a59fe233ef5ee76446c0df934b0837a
false,楽天トラベル,4,2026-02-02,ロケーションはりんかい線品川シーサイドのほぼ真上なので抜群です。夜遅くにチェックインすると周辺が倉庫やオフィスビルなのでその殺風景さにちょっと驚きました。街中の明るさを期待するとダメですが部屋に入ってしまえば関係ないので良しとします。室内、共有スペース、朝食会場とも平均値以上でした。,,,ロケーションはりんかい線品川シーサイドのほぼ真上なので抜群です。夜遅くにチェックインすると周辺が倉庫やオフィスビルなのでその殺風景さにちょっと驚きました。街中の明るさを期待するとダメですが部屋に入ってしまえば関係ないので良しとします。室内、共有スペース、朝食会場とも平均値以上でした。,,,エンジジー,rakuten_51870_7cb2d2b598199ce871cfd671ea60512e
false,Trip.com,10,2026-02-02,非常に良かったです。,,,非常に良かったです。,,,ゲ‍ス‍ト,trip_1833227880
false,Google,4,2026-02-02,,,,,,,大角陽子,google_ChIJGcL-hHSKGGAR49LdCBFUUIY_44ec79fc2753c18f822871bf503dbe3a
false,Trip.com,10,2026-02-02,Excellent facilities and comfy room. Staff friendly and very helpful,,,設備も素晴らしく、部屋も快適でした。スタッフはフレンドリーでとても親切でした。,,,ゲ‍ス‍ト,trip_1833349532
false,楽天トラベル,3,2026-02-02,お部屋は綺麗です シャワーの温度調節が難しい😓 立地はビックサイトに用事がある方には最高ですね 品川シーサイド駅の真ん前　最高,,,お部屋は綺麗です シャワーの温度調節が難しい😓 立地はビックサイトに用事がある方には最高ですね 品川シーサイド駅の真ん前　最高,,,なおりん(*mm),rakuten_51870_e4d245b0884ed6a96b2f9f6bc0328ab0
false,Trip.com,9,2026-02-02,清潔感あり　景色も綺麗で良かった また　機会があれば利用したい,,,清潔感あり　景色も綺麗で良かった また　機会があれば利用したい,,,ゲ‍ス‍ト,trip_1833746684
false,Booking.com,8,2026-02-02,,住宿當日早上五點半抵達飯店寄放行李時，櫃檯人員親切的應對即使處理寄放的行李，讓人疲憊感頓時消失。感謝,,,午前5時30分に荷物を預けにホテルに到着した際、フロントのスタッフの方々がとても親切で、迅速に荷物を預かってくださり、おかげで疲れがすぐに癒されました。ありがとうございました。,,Su,bookingcom_272466_f5930fe8b2d04a57ba4d2e4630880b04
false,楽天トラベル,5,2026-02-02,駅近で最高です！移動しやすい！！,,,駅近で最高です！移動しやすい！！,,,ごっっつぁん,rakuten_51870_621801f6d45115a9697e392918f32d48
false,じゃらん,4,2026-02-02,仕事で訪問．場所がわからず、しばらくウロウロした．  イオンからホテルへ行く動線がわかりづらい。  部屋はやや暗く、仕事はしづらいか．  朝食は素晴らしい。浜松町方面へ行く際は、結構な遠回りになった,,,仕事で訪問．場所がわからず、しばらくウロウロした．  イオンからホテルへ行く動線がわかりづらい。  部屋はやや暗く、仕事はしづらいか．  朝食は素晴らしい。浜松町方面へ行く際は、結構な遠回りになった,,,yuさん,jalan_362580_929c52dd187f64adae3753ce6003c698
false,じゃらん,4,2026-02-02,月・火の出張だったが、日曜日にすることもないので前乗りして連泊使用しました。  羽田から京急で青物横丁駅で下車。落ち着いた町です。  運河に向かって東へ。日高屋さんとか大衆価格の飲食店が並びます。  大きな交差点まで出ると、もう目の前はイオンスタイル品川シーサイド。  説明不要で何でもあります。ビールとツマミを買ってチェックイン。  フロント周りは国際色豊か。ロビーで休憩している外国人の姿も。amazonのオフィスが近くにあるようですね。  今回の部屋はイオン側のダブル。ゆったりと日曜の夕暮れを眺めながらビールを楽しみました。  ホテル内のサービスは多分イオンがあるがために簡素化していったのでしょうね。宿泊特化型といっていいでしょう。自動販売機はありますが、それ以外はイオンへどうぞって感じ。コンビニよりイオンが近いのではどうしようもないでしょうね。  静かな立地で清掃等も文句無し。  リピートあります。,,,月・火の出張だったが、日曜日にすることもないので前乗りして連泊使用しました。  羽田から京急で青物横丁駅で下車。落ち着いた町です。  運河に向かって東へ。日高屋さんとか大衆価格の飲食店が並びます。  大きな交差点まで出ると、もう目の前はイオンスタイル品川シーサイド。  説明不要で何でもあります。ビールとツマミを買ってチェックイン。  フロント周りは国際色豊か。ロビーで休憩している外国人の姿も。amazonのオフィスが近くにあるようですね。  今回の部屋はイオン側のダブル。ゆったりと日曜の夕暮れを眺めながらビールを楽しみました。  ホテル内のサービスは多分イオンがあるがために簡素化していったのでしょうね。宿泊特化型といっていいでしょう。自動販売機はありますが、それ以外はイオンへどうぞって感じ。コンビニよりイオンが近いのではどうしようもないでしょうね。  静かな立地で清掃等も文句無し。  リピートあります。,,,いかやんさん,jalan_362580_a6f8baa256b583abb2674720ae1c8ce4
false,じゃらん,5,2026-02-02,駅やイオンが近く、とてもとても便利です。チェックアウトが12時なので、それもありがたいです。また利用させてもらおうと思います。,,,駅やイオンが近く、とてもとても便利です。チェックアウトが12時なので、それもありがたいです。また利用させてもらおうと思います。,,,のまちゃんさん,jalan_362580_a3fb60a97715ba2337eda091e8d4c730
false,じゃらん,4,2026-02-02,駅やイオンが近く、とてもとても便利です。チェックアウトが12時なので、それもありがたいです。また利用させてもらおうと思います。,,,駅やイオンが近く、とてもとても便利です。チェックアウトが12時なので、それもありがたいです。また利用させてもらおうと思います。,,,のまちゃんさん,jalan_362580_16ce4f30e0a49a0f3e362c2afab4075e
false,じゃらん,3,2026-02-02,仕事で訪問．場所がわからず、しばらくウロウロした．  イオンからホテルへ行く動線がわかりづらい。  部屋はやや暗く、仕事はしづらいか．  朝食は素晴らしい。浜松町方面へ行く際は、結構な遠回りになった,,,仕事で訪問．場所がわからず、しばらくウロウロした．  イオンからホテルへ行く動線がわかりづらい。  部屋はやや暗く、仕事はしづらいか．  朝食は素晴らしい。浜松町方面へ行く際は、結構な遠回りになった,,,yuさん,jalan_362580_d4be40013b9a2b50d37cafe3d4de0381
false,Agoda,6,2026-02-01,お部屋も清潔で、ホテルのスタッフさんも感じが良く、駅から徒歩2分くらいの好立地で推し活におすすめです。,,,お部屋も清潔で、ホテルのスタッフさんも感じが良く、駅から徒歩2分くらいの好立地で推し活におすすめです。,,,AYUMI,agoda_96271_974d8a608017a3fa54244b01b42f36a8
false,楽天トラベル,3,2026-02-01,とても静かで過ごしやすかったです 清潔感もあり駅近で利用しやすい と思います。,,,とても静かで過ごしやすかったです 清潔感もあり駅近で利用しやすい と思います。,,,アサヒのヒカリ,rakuten_51870_f9e6baafccc58b2c7560cbff4252ab06
false,楽天トラベル,5,2026-02-01,防音がしっかりしてるのか、周りの音が気にならず、静かに過ごせました。朝食のメニューが多く大満足です。,,,防音がしっかりしてるのか、周りの音が気にならず、静かに過ごせました。朝食のメニューが多く大満足です。,,,秋田の高砂親方,rakuten_51870_562bfd06bc7f42f44f330f14b7abf16d
false,Booking.com,9,2026-03-31,,朝食が美味しく　駅が近い    対応が　気持ちよく　親切,,,朝食が美味しく　駅が近い    対応が　気持ちよく　親切,,恵之,bookingcom_272466_3f96c37b1b2b97b72cfeb72c6ee3cf52
false,楽天トラベル,3,2026-03-31,こちらの確認不足で仕方ないことなのですが喫煙室を予約してしまっていました 空気清浄機もお借りして過ごしましたが 残念な一泊となってしまいました ただ、移動にはとても良い場所にあり 近くにはイオンもあって とても助かりました。 ,,,こちらの確認不足で仕方ないことなのですが喫煙室を予約してしまっていました 空気清浄機もお借りして過ごしましたが 残念な一泊となってしまいました ただ、移動にはとても良い場所にあり 近くにはイオンもあって とても助かりました。 ,,,すもも57571377,rakuten_51870_f472756a89f051ac2ed7dcf760496ebb
false,Trip.com,8,2026-03-31,"Comfortable rooms, larger than average for Tokyo. Only issue is the location: while conveniently located next to the metro, it’s still a little far out from central Tokyo.",,,部屋は快適で、東京のホテルとしては平均よりも広い。唯一の難点は立地だ。地下鉄の駅に隣接していて便利ではあるが、都心からは少し離れている。,,,ゲ‍ス‍ト,trip_1893667014
false,Booking.com,8,2026-03-31,,とても清潔感がありました 最寄り駅からすぐで、目の前にショッピングモールがあるのでとても便利でした,特にありません,,とても清潔感がありました 最寄り駅からすぐで、目の前にショッピングモールがあるのでとても便利でした,特にありません,Naoko,bookingcom_272466_36caddeb328719db699345c1433fce87
false,楽天トラベル,5,2026-03-31,清潔感があり、周辺も静かです。 チェックアウトが12時までなのでモーニングをたべたり、ゆっくり準備できました。また利用したいです。,,,清潔感があり、周辺も静かです。 チェックアウトが12時までなのでモーニングをたべたり、ゆっくり準備できました。また利用したいです。,,,maruru,rakuten_51870_1038a2aab22a7db06d7fbe84e303bcb0
false,Agoda,8,2026-03-31,,とても清潔感がありました 最寄り駅からすぐで、目の前にショッピングモールがあるのでとても便利でした,特にありません,,とても清潔感がありました 最寄り駅からすぐで、目の前にショッピングモールがあるのでとても便利でした,特にありません,NAOKO,agoda_96271_af35853ddb63fb65a16d1698ffbc95b5
false,Agoda,9,2026-03-31,,朝食が美味しく　駅が近い    対応が　気持ちよく　親切,,,朝食が美味しく　駅が近い    対応が　気持ちよく　親切,,恵之,agoda_96271_3f96c37b1b2b97b72cfeb72c6ee3cf52
false,じゃらん,4,2026-03-31,まず、駅を上げればすぐにホテルなので、立地的にはかなり便利です。お値段も昨今の東京のホテルの値段から考えるとかなりリーゾナブルでコスパは高いです。出張で寝るだけと考えるとかなりおすすめではないでしょうか。,,,まず、駅を上げればすぐにホテルなので、立地的にはかなり便利です。お値段も昨今の東京のホテルの値段から考えるとかなりリーゾナブルでコスパは高いです。出張で寝るだけと考えるとかなりおすすめではないでしょうか。,,,たっちんさん,jalan_362580_f9b5a6798cc59e38362f0b80db3e98fa
false,Booking.com,9,2026-03-30,,,,,,,齊藤,bookingcom_272466_f1defedde6651beadb5382685dd79fd0
false,楽天トラベル,4,2026-03-30,素泊まりで利用しました。最寄り駅がりんかい線なので少し不便でしたが、ホテル自体は満足でした。,,,素泊まりで利用しました。最寄り駅がりんかい線なので少し不便でしたが、ホテル自体は満足でした。,,,僕がキラだ,rakuten_51870_70f7143bea971a411a36c96c6c157bfd
false,楽天トラベル,5,2026-03-30,お部屋のブラインドが壊れていたけど、すぐに直しにきてくださいました。 りんかい線の入口もすぐ、空港行きのバス乗り場もすぐ、空港までもすぐ、飲食店、コンビニ、イオンと助かりました。 都内のホテル高騰の中助かりました。また東京旅行後半に使わせていただきたいです。,,,お部屋のブラインドが壊れていたけど、すぐに直しにきてくださいました。 りんかい線の入口もすぐ、空港行きのバス乗り場もすぐ、空港までもすぐ、飲食店、コンビニ、イオンと助かりました。 都内のホテル高騰の中助かりました。また東京旅行後半に使わせていただきたいです。,,,なおころっし,rakuten_51870_0096e089bddc93c1f49ba32945c53285
false,Trip.com,8,2026-03-30,3回目の宿泊でした。 素泊まりで利用しました。,,,3回目の宿泊でした。 素泊まりで利用しました。,,,匿‍名‍ユ‍ー‍ザ‍ー,trip_1892173266
false,Agoda,8,2026-03-30,立地がいい！ 海側の部屋で2泊しました。 チェックアウト時間が遅いのもお勧めポイントです。 またリピートしたいと思います。,,,立地がいい！ 海側の部屋で2泊しました。 チェックアウト時間が遅いのもお勧めポイントです。 またリピートしたいと思います。,,,Takako,agoda_96271_d093dfe9ca672a2bb94ac802ed19ffa0
false,Booking.com,10,2026-03-30,,,,,,,村上,bookingcom_272466_2a5ab53510edb6c1990e7dcb35e5d58b
false,Booking.com,8,2026-03-30,,"Very clean place, good place to stay the night after long day of travel to Japan. Staff was very nice! :)",,,とても清潔な場所で、日本への長旅の後に一泊するのに最適です。スタッフの方々もとても親切でした！ :),,Cedar,bookingcom_272466_df05c3202fb3be9ce0bab5af2da0ea83
false,Booking.com,9,2026-03-30,,,,,,,Yi-ying,bookingcom_272466_a9132f17643580a9785e765a3eb05b72
false,Trip.com,10,2026-03-30,"everything is fine, only the location is a bit far from the city center",,,全て問題ないのですが、場所が市内中心部から少し離れているのが難点です。,,,ゲ‍ス‍ト,trip_1892981956
false,楽天トラベル,4,2026-03-30,はじめての利用でした。 駅から、とても近いのとイオンもあって 便利でした。 ,,,はじめての利用でした。 駅から、とても近いのとイオンもあって 便利でした。 ,,,はなはなひまり,rakuten_51870_9a9aebc22bffe0894b4bbc054a74e83a
false,楽天トラベル,4,2026-03-30,近くにイオンがあり、ご飯には困りませんでした。イオンの前にバス停もあり、交通の便もよかったです。,,,近くにイオンがあり、ご飯には困りませんでした。イオンの前にバス停もあり、交通の便もよかったです。,,,def8,rakuten_51870_4c247f61a72bb1fc88caf53cf73f105e
false,じゃらん,5,2026-03-30,新宿 渋谷へのアクセス、羽田空港へも早朝はバスで  15分。部屋も清潔感あるし、すばらしいと思います。  早朝羽田空港の際は必ずつかいます。,,,新宿 渋谷へのアクセス、羽田空港へも早朝はバスで  15分。部屋も清潔感あるし、すばらしいと思います。  早朝羽田空港の際は必ずつかいます。,,,サトシさん,jalan_362580_b563553d5ae351e55dedf7a85eb2c0d8
false,じゃらん,4,2026-03-30,駅から近く、すぐ側にイオンあり買い物便利。また、お部屋は狭かったが清潔感があり、ベッドも寝心地良かった。運河が見えるお部屋を希望したら、18階の運河沿いのお部屋にしてくれ、窓の下は運河が流れていて、夜には夜景が素晴らしかったです。,,,駅から近く、すぐ側にイオンあり買い物便利。また、お部屋は狭かったが清潔感があり、ベッドも寝心地良かった。運河が見えるお部屋を希望したら、18階の運河沿いのお部屋にしてくれ、窓の下は運河が流れていて、夜には夜景が素晴らしかったです。,,,まいさん,jalan_362580_82431a54ca70df7b3b4f4e59190ee347
false,Booking.com,9,2026-03-29,,"La ubicación, limpieza",,,立地、清潔さ,,Pepi,bookingcom_272466_83365077218498f36951f153c92d81e9
false,楽天トラベル,4,2026-03-29,お部屋もきれいでエコノミーツインで一つがソファーベッドとなってましたが思ってた程狭くなく大変、満足でした。 ただ、コンビニ1分となってましたが1分？と思ってしまいました。 チェックインの時間が大幅に変更となり途中で遅れて連絡したところそれぞれ事情があるのにあまり気分の良い対応ではなくホテルに行く前から気分が悪かったです。 また、荷物を往復宅配便で送ったのですがホテルから自宅に送る際にガムテープを貸してくれずホテルの方のきちんとやっておきますという言葉を信じてお願いしたところ自宅に着いたダンボールは、きちんとガムテープがされておらず半開き状態でした。 最初からガムテープ貸してくれれば良いのにと思いました。その宅配便のやり取りの際に対応してない人がずっとこちらを直視して気分が悪かったです。 口コミでも拝見しましたがフロントの一部の方の対応で気分を害することもありますので改善していただければ星5でも良いかと思いました。,,,お部屋もきれいでエコノミーツインで一つがソファーベッドとなってましたが思ってた程狭くなく大変、満足でした。 ただ、コンビニ1分となってましたが1分？と思ってしまいました。 チェックインの時間が大幅に変更となり途中で遅れて連絡したところそれぞれ事情があるのにあまり気分の良い対応ではなくホテルに行く前から気分が悪かったです。 また、荷物を往復宅配便で送ったのですがホテルから自宅に送る際にガムテープを貸してくれずホテルの方のきちんとやっておきますという言葉を信じてお願いしたところ自宅に着いたダンボールは、きちんとガムテープがされておらず半開き状態でした。 最初からガムテープ貸してくれれば良いのにと思いました。その宅配便のやり取りの際に対応してない人がずっとこちらを直視して気分が悪かったです。 口コミでも拝見しましたがフロントの一部の方の対応で気分を害することもありますので改善していただければ星5でも良いかと思いました。,,,おたらさん,rakuten_51870_85149a28641f7c883af03600a329e619
false,楽天トラベル,5,2026-03-29,駅の目の前でアクセスが良くお部屋もお風呂も一般的なビジネスホテルよりも広く快適に過ごせました。価格も東京のホテルにしては割とリーズナブルでまた利用したいです。ありがとうございました。,,,駅の目の前でアクセスが良くお部屋もお風呂も一般的なビジネスホテルよりも広く快適に過ごせました。価格も東京のホテルにしては割とリーズナブルでまた利用したいです。ありがとうございました。,,,旅行好きななお,rakuten_51870_91e7768d7d8d6eca5e1914f2b33437f4
false,Google,5,2026-03-29,,,,,,,Gracia Amanda,google_ChIJGcL-hHSKGGAR49LdCBFUUIY_837eb5dd5335d837424b420ffe032713
false,Google,4,2026-03-29,,,,,,,真砂楓,google_ChIJGcL-hHSKGGAR49LdCBFUUIY_c335324b94a678bfb28ed29aae093c7c
false,じゃらん,3,2026-03-29,駅近く最高に便利です。  イオンが横にあり買い物に便利。  近所に居酒屋、飲食店がたくさんあり、食に苦労しません。  次回もリピート確定です。,,,駅近く最高に便利です。  イオンが横にあり買い物に便利。  近所に居酒屋、飲食店がたくさんあり、食に苦労しません。  次回もリピート確定です。,,,かつみさん,jalan_362580_522e7a6cbfa8929145a2c948cd7f91d7
false,Booking.com,8,2026-03-28,,Dicht bij treinstation,Het is oké voor 1 nacht als tussenstop,,駅に近い,一泊の乗り継ぎなら問題ありません。,C,bookingcom_272466_25c60f25c45b5a5fe3f7e0c7599f69aa
false,Booking.com,7,2026-03-28,,,,,,,Miyu,bookingcom_272466_12d8603bf604ee6dc18be14fe9f008a5
false,Booking.com,10,2026-03-28,,"Para nosotros fue todo perfecto, el tamaño de la habitación si bien era pequeña permita moverse dentro, a diferencia de otros hospedajes en Japón. La cama cómoda. Limpieza excelente y atención del personal también. Sin dudas volveríamos alojarnos aquí, la ubicación no es céntrica pero está muy bien comunicado con metro, tren y buses por lo que para Tokio lo hace una opción excelente",,,全てが完璧でした。部屋は狭かったものの、日本の他の宿泊施設とは違い、快適に動き回ることができました。ベッドも快適でした。清潔さも申し分なく、スタッフの方々もとても親切でした。ぜひまた利用したいと思います。立地は都心からは少し離れていますが、地下鉄、電車、バスの交通アクセスが非常に良く、東京観光には最適な選択肢です。,,German,bookingcom_272466_09b009cc6ad791816bc3fd55406a6b8b
false,Trip.com,9,2026-03-28,出差來日本看展會，離big site不算遠，所以住在這了，除了外面風太大晚上出去散步比較痛苦以外沒什麼毛病,,,展示会に出席するため、出張で日本に来ました。ビッグサイトからもそれほど遠くないので、ここに滞在しています。外は風が強すぎて夜に散歩するのはかなり不快ですが、それ以外は特に問題ありません。,,,ゲ‍ス‍ト,trip_1889807171
false,Trip.com,10,2026-03-28,連續住了三年了，都是選的抽煙房，窗户對着東京港，很美。,,,私はここに3年連続で宿泊していますが、いつも喫煙室を選んでいます。窓からは東京港が見えて、景色が素晴らしいです。,,,A‍n‍b‍o‍a‍n‍b‍o,trip_1890395789
false,Booking.com,10,2026-03-28,,駅から近くて分かりやすかった,コンビニがもっと近くだといいのにな,,駅から近くて分かりやすかった,コンビニがもっと近くだといいのにな,Maki,bookingcom_272466_a54934ac7f7c24d76715a25bf9a9cb79
false,Booking.com,8,2026-03-28,,,,,,,Tomoyoshi,bookingcom_272466_aba805b28bbb6218f5fe4b60f2ccbee0
false,Booking.com,8,2026-03-28,,Personnel disponible  Petit déjeuner copieux  Chambre correcte Bien situé pour repartir vers l'aéroport Haneda  Centre commercial juste en face,Un peu bruyant,,親切なスタッフ、ボリュームたっぷりの朝食、快適な客室、羽田空港へのフライトに便利な立地、通りの向かいにはショッピングセンターあり,少しうるさい,Gil,bookingcom_272466_f4c9507d3c2ad795e37d28f5b1f4b13c
false,Booking.com,10,2026-03-27,,,,,,,Toyoharu,bookingcom_272466_974031a497aa897fa1cef4a9d38f3a74
false,Booking.com,6,2026-03-27,,,,,,,Ken,bookingcom_272466_b1a6f0b085d099ebe0b1689157357d08
false,Google,3,2026-03-27,,,,,,,DSファイター,google_ChIJGcL-hHSKGGAR49LdCBFUUIY_237ef87a310bc43651bd9433b1be604c
false,じゃらん,4,2026-03-27,領収書の課題は再訪の際には解決しており、レセプションスタッフにも引き継がれていた。ハード面は引き続き問題なし,,,領収書の課題は再訪の際には解決しており、レセプションスタッフにも引き継がれていた。ハード面は引き続き問題なし,,,はげともさん,jalan_362580_83038525ec046de75c946729ba62c0ba
false,Booking.com,9,2026-03-27,,"Sehr freundliches und hilfsbereites Personal, das uns bei einer Suchaktion in der Kommunikation mit den anderen Unterkünften sehr gut geholfen hat.",,,非常に親切で協力的だったスタッフの方々は、捜索活動中に他の宿泊施設との連絡を取る際に大変助けてくれました。,,Mo,bookingcom_272466_68eae6bd973928c17f34f6cb89f2084d
false,Booking.com,7,2026-03-27,,,,,,,Clarissa,bookingcom_272466_64b0791cf8c16f1569f4dc6a1ab649e9
false,じゃらん,4,2026-03-27,「全体的に可もなく不可もなく、快適に過ごせました。浴室の換気ボタンが見当たらず少し戸惑いましたが、大きな問題はありませんでした。壁がやや薄いのか隣の部屋のくしゃみが聞こえる場面はありましたが、総合的には満足です。」,,,「全体的に可もなく不可もなく、快適に過ごせました。浴室の換気ボタンが見当たらず少し戸惑いましたが、大きな問題はありませんでした。壁がやや薄いのか隣の部屋のくしゃみが聞こえる場面はありましたが、総合的には満足です。」,,,さっちむさん,jalan_362580_359d1ff07a20a1a32782cb480474db4e
false,じゃらん,4,2026-03-27,出張時いつも利用させて頂いています。  海側の部屋はベットが広く、また高層階でもシャワーの水圧が高く  快適に過ごせます。  唯一お願いしたいのは、パジャマタイプに寝具を変更して欲しいです。  クリーニング、サイズ、コストの問題があるかと考えますが、  ご検討して頂ければと考えます。,,,出張時いつも利用させて頂いています。  海側の部屋はベットが広く、また高層階でもシャワーの水圧が高く  快適に過ごせます。  唯一お願いしたいのは、パジャマタイプに寝具を変更して欲しいです。  クリーニング、サイズ、コストの問題があるかと考えますが、  ご検討して頂ければと考えます。,,,パパぱんださん,jalan_362580_704be4133dfff4c5b47a2227f9a4e797
false,じゃらん,5,2026-03-27,駅から近くて、というのが移動しながらのお泊まりだったので、とっても良かったです  大浴場があるのも嬉しかったです。,,,駅から近くて、というのが移動しながらのお泊まりだったので、とっても良かったです  大浴場があるのも嬉しかったです。,,,ユッチさん,jalan_362580_f3dd1561c930cc1f17a4d5c28186737b
false,Google,3,2026-03-26,,,,,,,K Y,google_ChIJGcL-hHSKGGAR49LdCBFUUIY_011ce977730c71181daa094c287b1745
false,Trip.com,10,2026-03-26,お風呂も広いし 部屋も綺麗 アクセスもいいし、また利用したいです！,,,お風呂も広いし 部屋も綺麗 アクセスもいいし、また利用したいです！,,,ゲ‍ス‍ト,trip_1887864764
false,Booking.com,9,2026-03-26,,,,,,,Sharon,bookingcom_272466_b3e36c548cb8ee25971ae534ed15a6de
false,Booking.com,9,2026-03-26,,,,,,,Alejandro,bookingcom_272466_78e2e2bc08d818511306346dfb97389c
false,Trip.com,9,2026-03-26,交通非常方便，超市就在隔鄰非常安靜，品川駅至酒店的士1600日元非常便宜。,,,交通の便が非常に良く、スーパーマーケットはすぐ隣にあり、とても静かです。品川駅からホテルまでのタクシー料金はわずか1600円で、非常に安価です。,,,ゲ‍ス‍ト,trip_1888485488
false,楽天トラベル,3,2026-03-26,孫の誕生で休みの日に合わせて急遽の宿泊でした。イオンも近く便利な立地の割に安く泊まれて助かりました。 部屋は低層階なので、わずかに海が見える程度。朝は学生らしき人達のカッター訓練や行き交う船をぼ〜と見て疲れを取りました。 シングルルームをツインにした狭さでしたが、長旅で身体を横にするだけで良かったので十分でした。部屋も清潔にされていました。,,,孫の誕生で休みの日に合わせて急遽の宿泊でした。イオンも近く便利な立地の割に安く泊まれて助かりました。 部屋は低層階なので、わずかに海が見える程度。朝は学生らしき人達のカッター訓練や行き交う船をぼ〜と見て疲れを取りました。 シングルルームをツインにした狭さでしたが、長旅で身体を横にするだけで良かったので十分でした。部屋も清潔にされていました。,,,ＡＲＵＲＵ9316,rakuten_51870_fde23980c6aebdb97234a7cac05d1fcc
false,じゃらん,5,2026-03-26,代々木体育館でのイベントの為利用しました。  駅から近いし、向かえには大きなイオンがありお部屋も予約時と違う大きなお部屋を用意してもらい大満足のホテルでした。,,,代々木体育館でのイベントの為利用しました。  駅から近いし、向かえには大きなイオンがありお部屋も予約時と違う大きなお部屋を用意してもらい大満足のホテルでした。,,,ゆうさん,jalan_362580_51b4591182525ff26368d8cca297f6c4
false,じゃらん,5,2026-03-26,駅の近くで雨が雨が降って来たけど大丈夫な距離でした。  スタッフの方達は、対応がとても良かったです。  アメニティもいろいろありました。  自販機もありました。,,,駅の近くで雨が雨が降って来たけど大丈夫な距離でした。  スタッフの方達は、対応がとても良かったです。  アメニティもいろいろありました。  自販機もありました。,,,ま〜ちゃんさん,jalan_362580_c49b1c7e399e8830c853d4ec31f9c1a9
false,Google,4,2026-03-25,ホテルは清潔そのもので、スタッフの方々もとても親切です。提供されるサービスも素晴らしいです。  唯一の難点は、東京の主要観光エリアから公共交通機関で少なくとも30分かかることです。しかし、品川海浜駅の向かいに位置し、青物横町駅から徒歩約15分という好立地なので、アクセスはかなり楽です。品揃え豊富なショッピングモールもすぐ近くにあります。,,,ホテルは清潔そのもので、スタッフの方々もとても親切です。提供されるサービスも素晴らしいです。  唯一の難点は、東京の主要観光エリアから公共交通機関で少なくとも30分かかることです。しかし、品川海浜駅の向かいに位置し、青物横町駅から徒歩約15分という好立地なので、アクセスはかなり楽です。品揃え豊富なショッピングモールもすぐ近くにあります。,,,Luca Cuccu,google_ChIJGcL-hHSKGGAR49LdCBFUUIY_d243b71b928fe169689ed6f51d2c8989
false,じゃらん,4,2026-03-25,駅近で徒歩圏内に飲食店やスーパーもあり受付の方の対応も良く、部屋も綺麗、何よりチェックアウト時間も12時と遅めで良い。  ただ1つだけその長所を台無しにするのが9時頃からの他の部屋の清掃、外国人スタッフさんなのか話しながら作業しておりガタガタドスンと作業音が大きいので、チェックアウトまでゴロゴロ二度寝しようとしていたのを起こされ最後までくつろぐことが出来なかったのが残念。,,,駅近で徒歩圏内に飲食店やスーパーもあり受付の方の対応も良く、部屋も綺麗、何よりチェックアウト時間も12時と遅めで良い。  ただ1つだけその長所を台無しにするのが9時頃からの他の部屋の清掃、外国人スタッフさんなのか話しながら作業しておりガタガタドスンと作業音が大きいので、チェックアウトまでゴロゴロ二度寝しようとしていたのを起こされ最後までくつろぐことが出来なかったのが残念。,,,クマさん,jalan_362580_d20152e79b467167f955131adb4955f1
false,じゃらん,5,2026-03-25,とても居心地が良くて最高でした！イオンや駅が近くにあり、とても良い立地だなと感じました、また泊まりたいです！,,,とても居心地が良くて最高でした！イオンや駅が近くにあり、とても良い立地だなと感じました、また泊まりたいです！,,,みゆさん,jalan_362580_c71ae0bf4c72ac425aa253593e02bc4c
false,Google,1,2026-03-25,チェックインの際にフロントにいる女性スタッフ（特にこのレビューに多くあがっている名前の方）、お客様に対してとても失礼な対応をしていました。毎日お仕事で疲れていることやストレスが溜まっていることは分かりますが、仕事は仕事でオンオフきっちりした方がいいホテルの顔になれると思いますよ笑,,,チェックインの際にフロントにいる女性スタッフ（特にこのレビューに多くあがっている名前の方）、お客様に対してとても失礼な対応をしていました。毎日お仕事で疲れていることやストレスが溜まっていることは分かりますが、仕事は仕事でオンオフきっちりした方がいいホテルの顔になれると思いますよ笑,,,洋,google_ChIJGcL-hHSKGGAR49LdCBFUUIY_01a0f7cf5ca242b18db5ccc51284d8b3
false,Trip.com,10,2026-03-24,駅からも近くて良かったです。また利用したいと思います。コンビニが近くにあれば最高なのですが。あったけど私がわからなかっただけかも。,,,駅からも近くて良かったです。また利用したいと思います。コンビニが近くにあれば最高なのですが。あったけど私がわからなかっただけかも。,,,ゲ‍ス‍ト,trip_1885704448
false,Booking.com,6,2026-03-24,,駅が近い  商業施設が近い,駐車場有だったが、大きく高さの有る車は入らない  朝ごはん、トースターが付いてたらあの感じでもまあ良かったになる　サバじゃなくてシャケなら良かった,,駅が近い  商業施設が近い,駐車場有だったが、大きく高さの有る車は入らない  朝ごはん、トースターが付いてたらあの感じでもまあ良かったになる　サバじゃなくてシャケなら良かった,Mutsumi,bookingcom_272466_9320f115343941ed05cf3ed9ab4592a1
false,Agoda,7,2026-03-24,"""The inside of the hotel building was clean, and I think it was a very good cost-effectiveness including breakfast."" It's very close to the station and accessible.",,,「ホテルの建物内は清潔で、朝食付きで料金も非常にリーズナブルだったと思います。」駅からも非常に近く、アクセスも便利です。,,,陸椰,agoda_96271_6c0bea077ad6357b453b1820c9246e10
false,Trip.com,9,2026-03-24,位置真的很好！,,,立地が本当に素晴らしいです！,,,匿‍名‍ユ‍ー‍ザ‍ー,trip_1885822734
false,Trip.com,10,2026-03-24,便利なロケーション。広いベッド,,,便利なロケーション。広いベッド,,,ゲ‍ス‍ト,trip_1885830022
false,Agoda,10,2026-03-24,お値段リーズナブルで良いホテルでした。チェックアウトが、12時のところも良いですね,,,お値段リーズナブルで良いホテルでした。チェックアウトが、12時のところも良いですね,,,yasunori,agoda_96271_6a876f873768a3b59984f5521176dedb
false,Booking.com,9,2026-03-24,,The bed was really comfortable. The front desk staff were really nice and helpful and even helped me send my luggage. I love the location as it’s across from a train station and shopping area. I also really appreciate that you can open the windows a little for fresh air.,The breakfast isn’t worth it. The food was lukewarm and nothing stood out except the terrible coffee.,,ベッドは本当に快適でした。フロントのスタッフはとても親切で、荷物の運搬まで手伝ってくれました。駅とショッピングエリアの向かいという立地も気に入っています。窓を少し開けて新鮮な空気を取り入れられるのもとてもありがたかったです。,朝食はおすすめできません。料理はぬるく、ひどいコーヒー以外に特筆すべき点は何もありませんでした。,Lynnette,bookingcom_272466_441ebaf3349a447bcba026ef7edbd501
false,Booking.com,10,2026-03-24,,利便性がよかった。洗面所周りが広く全体的に綺麗でお安くお得感があった。,特になかった。,,利便性がよかった。洗面所周りが広く全体的に綺麗でお安くお得感があった。,特になかった。,Mayumi,bookingcom_272466_882b5f18b2882f40e1b8cf6278d6b009
false,Google,4,2026-03-24,,,,,,,Yoshio Kamiya,google_ChIJGcL-hHSKGGAR49LdCBFUUIY_de2f5416759c162e9249c6023da17657
false,じゃらん,5,2026-03-24,先日初めて小学生の息子と宿泊させていただきました。  お部屋は綺麗に整えられており、朝のバイキングも丁度良い印象でした。  ホテルが、駅から目の前なことと、イ◯ンさんが徒歩圏内にあったため忘れ物もカバーできました。  また、お部屋のマットレスがたいへん寝心地がよく腰への負担が軽減されました。  また機会がありましたら、宿泊したいホテルの一つになりました。  ありがとうございました。  一点だけ、申し上げますと冬の時期が終わっていたからなのかもしれませんが、加湿器があるとありがたかったなと思います。,,,先日初めて小学生の息子と宿泊させていただきました。  お部屋は綺麗に整えられており、朝のバイキングも丁度良い印象でした。  ホテルが、駅から目の前なことと、イ◯ンさんが徒歩圏内にあったため忘れ物もカバーできました。  また、お部屋のマットレスがたいへん寝心地がよく腰への負担が軽減されました。  また機会がありましたら、宿泊したいホテルの一つになりました。  ありがとうございました。  一点だけ、申し上げますと冬の時期が終わっていたからなのかもしれませんが、加湿器があるとありがたかったなと思います。,,,雪菜さん,jalan_362580_d8c1c16c26a8f859c6aaee49eff44884
false,Booking.com,8,2026-03-23,,清潔で良かった,高さ制限のある車は、別の駐車場に停めるようになりますが、不便でした,,清潔で良かった,高さ制限のある車は、別の駐車場に停めるようになりますが、不便でした,Yorio,bookingcom_272466_3fe1912559dc2bde225a80c46325cd1a
false,楽天トラベル,5,2026-03-23,最寄り駅から近く、荷物が多かったので移動が楽で良かったです。 お部屋も運良く海側だったので夜景も朝日もキレイでした。 朝ごはんのパンが温められず冷たいままだったのが残念でしたが、全体的に価格に対して満足度が高かったです。 また利用したいと思います。 ,,,最寄り駅から近く、荷物が多かったので移動が楽で良かったです。 お部屋も運良く海側だったので夜景も朝日もキレイでした。 朝ごはんのパンが温められず冷たいままだったのが残念でしたが、全体的に価格に対して満足度が高かったです。 また利用したいと思います。 ,,,あかるりも,rakuten_51870_fd63229799c18d544b2ac89f58584485
false,楽天トラベル,5,2026-03-23,深夜のチェックインになってしまったにもかかわらず親切に対応していただきました。 直前の予約だった為仕方ないですがもう少し安いと助かります。 立地は最高です！ 羽田空港まで近くのバス停からリムジンバスも出ています。,,,深夜のチェックインになってしまったにもかかわらず親切に対応していただきました。 直前の予約だった為仕方ないですがもう少し安いと助かります。 立地は最高です！ 羽田空港まで近くのバス停からリムジンバスも出ています。,,,MMMAKKK,rakuten_51870_bf8e77354102767a2e0066440173f8d2
false,楽天トラベル,5,2026-03-23,10階のツインルームに宿泊。15時からチェックインなので14時前くらいからロビーで待っていたら(フロントからは離れていてスタッフには話しかけていない)、スタッフが話しかけにきてくれまして、部屋にご案内していただけ、非常に助かりました。 私もホテルのフロントで働いていますが、うちのホテルはアーリーインは料金がかかります。それだけでも素晴らしいサービスだと感じました。 アメニティにコーヒーパック(ドトールの！)とメイク落としがあって嬉しかったです。 ベッドは寝心地がよくってぐっすりでした。枕が、そばがらと、ふかふか系の枕の2種類がそれぞれのベッドに置いてあります。 朝食は7時に行って正解、ひっきりなしに人が来ていました。青汁があるのが珍しくて嬉しい！部屋に持ち帰り用のコーヒーもうれしい。ワッフルやクロワッサンがあり。魚はひとつだけ。加工肉や卵料理は充実。和食が少なめですが満足です。チェックアウトはカードキーをボックスに入れるだけ。品川に行きやすく、立地もよく満足です。お台場のライブの疲れがとれました。ありがとうございます。,,,10階のツインルームに宿泊。15時からチェックインなので14時前くらいからロビーで待っていたら(フロントからは離れていてスタッフには話しかけていない)、スタッフが話しかけにきてくれまして、部屋にご案内していただけ、非常に助かりました。 私もホテルのフロントで働いていますが、うちのホテルはアーリーインは料金がかかります。それだけでも素晴らしいサービスだと感じました。 アメニティにコーヒーパック(ドトールの！)とメイク落としがあって嬉しかったです。 ベッドは寝心地がよくってぐっすりでした。枕が、そばがらと、ふかふか系の枕の2種類がそれぞれのベッドに置いてあります。 朝食は7時に行って正解、ひっきりなしに人が来ていました。青汁があるのが珍しくて嬉しい！部屋に持ち帰り用のコーヒーもうれしい。ワッフルやクロワッサンがあり。魚はひとつだけ。加工肉や卵料理は充実。和食が少なめですが満足です。チェックアウトはカードキーをボックスに入れるだけ。品川に行きやすく、立地もよく満足です。お台場のライブの疲れがとれました。ありがとうございます。,,,popmart03194,rakuten_51870_2f2d63b13c9f9e9ec7ee45cf09463875
false,楽天トラベル,3,2026-03-23,チェックインはスムーズにして下さったが、どなたも笑顔がなく　たんたんとこなされてる感じ。フロントはホテルの顔なので気になってしまいました。部屋が狭かった。イオンが目の前なので時間潰しや買い物には困りません。,,,チェックインはスムーズにして下さったが、どなたも笑顔がなく　たんたんとこなされてる感じ。フロントはホテルの顔なので気になってしまいました。部屋が狭かった。イオンが目の前なので時間潰しや買い物には困りません。,,,かねごろう,rakuten_51870_7570418ec005d01caa042ab4e0c4b04c
false,Booking.com,8,2026-03-23,,,,,,,Rubén,bookingcom_272466_77f670da4a1587f9949ae421b92c8b92
false,じゃらん,4,2026-03-23,ゆったりできました。交通機関も近くて移動も便利でした。お風呂が広めで良かっです。また機会があれば宿泊します。,,,ゆったりできました。交通機関も近くて移動も便利でした。お風呂が広めで良かっです。また機会があれば宿泊します。,,,まゆさん,jalan_362580_9ebcecd2e812826363ecd512426af2b4
false,楽天トラベル,3,2026-03-22,割り箸をフロントでいただいて大変助かりました,,,割り箸をフロントでいただいて大変助かりました,,,yamato391106,rakuten_51870_4513b6bd6fb09cea32d79ae14186cd9b
false,楽天トラベル,5,2026-03-22,有明アリーナでのライブ後に利用しました。 乗り換えは面倒なのでりんかい線最寄駅の東雲駅まで徒歩（２０分位?）で向かい、品川シーサイド駅まで乗車。A出口からすぐホテルがあるのでとても助かりました。目の前にはイオンがあるので買い物も出来て、そのすぐ隣にあるオーバルガーデンにはコンビニが集結しているので夜遅くなっても安心して買い物が出来てとても利便性がいいなと思いました。ライブ前に荷物を預けに行くと感じの良いスタッフさんが対応してくれて、ついでにチェックインも済ませることが出来て全てがスムーズに済みました。そして部屋は１７階で窓からは綺麗な景色が堪能出来ました。個人的に洗面所にウォッシュタオルが置いてあったのが地味に嬉しかったです。機会があればまた是非利用したいです！,,,有明アリーナでのライブ後に利用しました。 乗り換えは面倒なのでりんかい線最寄駅の東雲駅まで徒歩（２０分位?）で向かい、品川シーサイド駅まで乗車。A出口からすぐホテルがあるのでとても助かりました。目の前にはイオンがあるので買い物も出来て、そのすぐ隣にあるオーバルガーデンにはコンビニが集結しているので夜遅くなっても安心して買い物が出来てとても利便性がいいなと思いました。ライブ前に荷物を預けに行くと感じの良いスタッフさんが対応してくれて、ついでにチェックインも済ませることが出来て全てがスムーズに済みました。そして部屋は１７階で窓からは綺麗な景色が堪能出来ました。個人的に洗面所にウォッシュタオルが置いてあったのが地味に嬉しかったです。機会があればまた是非利用したいです！,,,ジョナジョナ,rakuten_51870_b994b50fd18012f11cd35eda13708d9a
false,Booking.com,10,2026-03-22,,,,,,,Khin,bookingcom_272466_146c6143abac066df6ae232dd9ca6a18
false,Booking.com,10,2026-03-22,,"There's a direct bus to the airport that leaves from just down the road, which was helpful for our early morning flight. The hotel itself was great, and the staff were lovely.",,,すぐ近くに空港行きの直通バスが出ていて、早朝便を利用する私たちにとってはとても助かりました。ホテル自体も素晴らしく、スタッフの方々も親切でした。,,Veronica,bookingcom_272466_63a88684d9117ab530079a9d13caff3f
false,楽天トラベル,5,2026-03-22,駅近で、翌日羽田空港まで電車で行こうと思っていましたが、ダイヤが乱れていて、急遽シャトルバスに変更しました。バス停もすぐそばで楽でした。交通に選択肢があることは安心材料です。部屋も快適でした。,,,駅近で、翌日羽田空港まで電車で行こうと思っていましたが、ダイヤが乱れていて、急遽シャトルバスに変更しました。バス停もすぐそばで楽でした。交通に選択肢があることは安心材料です。部屋も快適でした。,,,あーどん8225,rakuten_51870_44bd1f65d2b97cfe8a6613b94e3e6465
false,Trip.com,10,2026-03-22,"Affordable hotel stayed 6 nights room was small but worked well for 2 people staff speak English and very helpful laundry service in the basement . Drink vending machine , ice cream vending machine , currency exchange, smoke room .  train station across the street 2 min walk Aeon mall across the street as well lots of restaurant , family mart 7 eleven , fishing store . Great area to stay . Will definitely be back",,,手頃な価格のホテルで6泊しました。部屋は小さかったですが、2人には十分でした。スタッフは英語を話し、とても親切でした。地下にはランドリーサービスがあります。飲み物の自動販売機、アイスクリームの自動販売機、両替所、喫煙室があります。通りの向かいには駅があり、徒歩2分です。イオンモールも通りの向かいにあり、レストラン、ファミリーマート、セブンイレブン、釣り具店などがたくさんあります。滞在するには最高のエリアです。必ずまた泊まりに来ます。,,,ゲ‍ス‍ト,trip_1884277180
false,じゃらん,4,2026-03-22,2回目の利用になります！夫婦で泊まりました。駅チカでリーズナブルで大好きです。また次回もぜひ泊まりたいです。,,,2回目の利用になります！夫婦で泊まりました。駅チカでリーズナブルで大好きです。また次回もぜひ泊まりたいです。,,,サラダさん,jalan_362580_05673d7523df611878ab74373e711002
false,じゃらん,5,2026-03-22,ギリギリで予約した東京旅行。まさかのトリプルの部屋で、場所を考えずに予約しました。  土地勘も無かったのですが、駅近、目の前で、イオンがあり、高層階で、よかったです。,,,ギリギリで予約した東京旅行。まさかのトリプルの部屋で、場所を考えずに予約しました。  土地勘も無かったのですが、駅近、目の前で、イオンがあり、高層階で、よかったです。,,,まるピコさん,jalan_362580_a6155aea042b509af1c824e6f590c136
false,じゃらん,5,2026-03-22,初めての利用でしたがホスピタリティーが溢れる接客、対応でした。  また旅行も兼ねて来る機会があれば行かせていただきたいと思います。  ありがとうございました。,,,初めての利用でしたがホスピタリティーが溢れる接客、対応でした。  また旅行も兼ねて来る機会があれば行かせていただきたいと思います。  ありがとうございました。,,,DJさん,jalan_362580_1992266aedd491497ad775aadf036105
false,Booking.com,8,2026-03-21,,Very close to the train station and the mall across the road for convenience. We stayed the one night when we’d arrived in Japan and it was great. Can’t fault it. The facilities were as needed. No complaints,I wouldn’t stay more than a few nights as the room was quite small. It’s a great pit stop for when arriving into or exiting the country but I know I wouldn’t be comfortable for more than a night.,,駅と道路を挟んで向かい側にあるショッピングモールにとても近くて便利でした。日本に到着した際に一泊しましたが、最高でした。文句のつけようがありません。必要な設備はすべて揃っていました。不満は一切ありません。,部屋がかなり狭かったので、数泊以上は滞在しないでしょう。入国時や出国時の休憩には最適ですが、一泊以上は快適に過ごせないと思います。,Daisylyn,bookingcom_272466_9749aff3a314129b9934b7ccc9edb5aa
false,楽天トラベル,5,2026-03-21,スタッフさんの接客がとても丁寧でした！近くに駅とイオンがあるので、利便性も良いかと思います！,,,スタッフさんの接客がとても丁寧でした！近くに駅とイオンがあるので、利便性も良いかと思います！,,,じゃこ天丼,rakuten_51870_efe012dcaa372c5690fb5127b15948a5
false,Trip.com,10,2026-03-21,Just right infront aeon,,,イオンのすぐ目の前,,,ゲ‍ス‍ト,trip_1882593248
false,Agoda,10,2026-03-21,りんかい線の駅を出たら目の前。 ただ近くにイオン以外ご飯を食べるとこがないから遅い時間はどこかで食べて帰ってきたほうがいいです。,,,りんかい線の駅を出たら目の前。 ただ近くにイオン以外ご飯を食べるとこがないから遅い時間はどこかで食べて帰ってきたほうがいいです。,,,Hiroko,agoda_96271_d7414ccf274d3eb67c88cc5412596b03
false,楽天トラベル,4,2026-03-21,直食がとても美味しかったです。,,,直食がとても美味しかったです。,,,きゅうらい,rakuten_51870_a9218b2131c00738c5f7397ecfa67614
false,じゃらん,4,2026-03-21,お部屋はきれいで、ベッドの寝心地が最高でした。朝食もビュッフェ式で和洋楽しめました。  ただ、バスルームの臭いが生乾きのような臭い（たぶんシャワーカーテンからです）がしたのと、お湯の調整が難しかったのが残念でした。  接客やお部屋、朝食はよかったです。,,,お部屋はきれいで、ベッドの寝心地が最高でした。朝食もビュッフェ式で和洋楽しめました。  ただ、バスルームの臭いが生乾きのような臭い（たぶんシャワーカーテンからです）がしたのと、お湯の調整が難しかったのが残念でした。  接客やお部屋、朝食はよかったです。,,,はやぶささん,jalan_362580_53259adbf9c2519a820d15da489ecb08
false,Booking.com,10,2026-03-20,,,,,,,Tatsumi,bookingcom_272466_8d80cf03875136b210603f27534b7f08
false,じゃらん,4,2026-03-20,今回関西から関東旅行するために宿泊予約しました。  ほぼ寝るためだけにこちらのホテル泊まりましたので  綺麗でした。,,,今回関西から関東旅行するために宿泊予約しました。  ほぼ寝るためだけにこちらのホテル泊まりましたので  綺麗でした。,,,あーたんさん,jalan_362580_40770beeabece068f0276e859120343b
false,じゃらん,3,2026-03-20,部屋が狭かった。ご飯を食べれるような机がなくて困った。  ベットは寝心地は良かった。朝ごはんが美味しかった。,,,部屋が狭かった。ご飯を食べれるような机がなくて困った。  ベットは寝心地は良かった。朝ごはんが美味しかった。,,,ななみさん,jalan_362580_65c4806993156d6de3bb740b7702b8f0
false,楽天トラベル,3,2026-03-20,都内からのチェックインのため青物横丁駅から伺いました。少し距離もあるため天候が悪いときはりんかい線に乗り換えるなど交通手段には注意です。近くにはイオンもあり、ちょっとしたお買い物は便利でした。,,,都内からのチェックインのため青物横丁駅から伺いました。少し距離もあるため天候が悪いときはりんかい線に乗り換えるなど交通手段には注意です。近くにはイオンもあり、ちょっとしたお買い物は便利でした。,,,けんちゃん0830,rakuten_51870_ee22ccad28403ee99e1ac1763e359acc
false,じゃらん,5,2026-03-20,友達とイベントに参加するのに宿泊しましたが、チェックイン前の荷物の預かりやチェックインする際などスタッフさんの対応がとても良かった。室内も清潔感があって快適に泊まれました。それからイベント参加する度に友達と何度もこちらを利用させてもらっています。駅の目の前だしイオンもすぐそばにあるので利便性も良いです。また利用させて頂きます！,,,友達とイベントに参加するのに宿泊しましたが、チェックイン前の荷物の預かりやチェックインする際などスタッフさんの対応がとても良かった。室内も清潔感があって快適に泊まれました。それからイベント参加する度に友達と何度もこちらを利用させてもらっています。駅の目の前だしイオンもすぐそばにあるので利便性も良いです。また利用させて頂きます！,,,黒にゃんこさん,jalan_362580_a8f862d61d0909851af6d0c9e9708e4f
false,楽天トラベル,4,2026-03-19,・品川シーサイド駅を出ると通りを挟んで目の前にホテルがあります。また、近くにイオン、コンビニ、飲食店もあるのでとても便利な立地です。 ・部屋の清掃は行き届いており、ベッド、バスタブも広めでゆったり出来て良かったです。ただ、バスタブは、水とお湯のハンドルが別々なので温度調整が難しいです。シャワーを一時ストップすることも出来ないので、一旦シャワーを止めるとまた一から温度調整しないとならないので不便です。ワンレバーの温度調整が出来る混合栓だと良いです。 ・以前、高速道路側の部屋に泊まった時は、自動車の騒音がうるさく感じましたが、今回は高速道路と反対側の部屋でしたので、静かで良かったです。 ・3月は花粉がひどく、部屋は乾燥していたので、フロントで空気清浄機と加湿器を借りました。花粉症の私には助かりました。ありがとうございました。 ・朝食は種類が多く内容は良いのですが、7時オープン前から行列になり大変混雑するので、近隣のホテル同様に6時30分オープンにして欲しいです。,,,・品川シーサイド駅を出ると通りを挟んで目の前にホテルがあります。また、近くにイオン、コンビニ、飲食店もあるのでとても便利な立地です。 ・部屋の清掃は行き届いており、ベッド、バスタブも広めでゆったり出来て良かったです。ただ、バスタブは、水とお湯のハンドルが別々なので温度調整が難しいです。シャワーを一時ストップすることも出来ないので、一旦シャワーを止めるとまた一から温度調整しないとならないので不便です。ワンレバーの温度調整が出来る混合栓だと良いです。 ・以前、高速道路側の部屋に泊まった時は、自動車の騒音がうるさく感じましたが、今回は高速道路と反対側の部屋でしたので、静かで良かったです。 ・3月は花粉がひどく、部屋は乾燥していたので、フロントで空気清浄機と加湿器を借りました。花粉症の私には助かりました。ありがとうございました。 ・朝食は種類が多く内容は良いのですが、7時オープン前から行列になり大変混雑するので、近隣のホテル同様に6時30分オープンにして欲しいです。,,,不明,rakuten_51870_8477f57fced132eef637a9f96393340b
false,楽天トラベル,5,2026-03-19,宿泊費の高騰の中、事前予約とクーポンでお得に宿泊できました。総合評価は五つ星としましたが、部屋の項目で1つ減点です。今回は3泊したのですが、クローゼットでちょっと困りました。コートにジャケットにパンツにシャツにと入れていくと、パンパンで手狭です。そのほかは、立地も、環境も、食事も申し分なしです。特にお風呂が気に入りました。広くて清潔です。また、エレベーター脇の浄水器は便利で助かりました。,,,宿泊費の高騰の中、事前予約とクーポンでお得に宿泊できました。総合評価は五つ星としましたが、部屋の項目で1つ減点です。今回は3泊したのですが、クローゼットでちょっと困りました。コートにジャケットにパンツにシャツにと入れていくと、パンパンで手狭です。そのほかは、立地も、環境も、食事も申し分なしです。特にお風呂が気に入りました。広くて清潔です。また、エレベーター脇の浄水器は便利で助かりました。,,,imadago,rakuten_51870_1df1022e08817bfd7fa8f1fd74c5b63e
false,Booking.com,8,2026-03-19,,"Het ontbijt is uitgebreid en lekker. Bij een langdurig verblijf wordt het wel ééntonig, omdat er per dag nagenoeg niets gewijzigd word.",,,朝食は種類豊富で美味しい。しかし、長期滞在では毎日ほとんど何も変わらないため、どうしても単調に感じてしまう。,,Bert,bookingcom_272466_92598499f93c7665e4b0c01fe0146370
false,楽天トラベル,4,2026-03-19,駅からは多少離れていますが、室内はとても清潔感があり快適に過ごさせていただきました。ユニットバスも比較的広めで使いやすかったです。チェックインが遅れる連絡を電話で伝えた際もとても感じ良く対応いただきました。また機会があれば利用させていただきます。,,,駅からは多少離れていますが、室内はとても清潔感があり快適に過ごさせていただきました。ユニットバスも比較的広めで使いやすかったです。チェックインが遅れる連絡を電話で伝えた際もとても感じ良く対応いただきました。また機会があれば利用させていただきます。,,,出張中のビジネスマン,rakuten_51870_0ea26a8ad7e75b8b9a52db8969b579d1
false,じゃらん,5,2026-03-19,一次帰国する際に、ここ数年いつも利用させて頂いております。施設の清潔感、スタッフの方々の気持ち良い対応、バラエティに富む朝食メニューなどに加え、立地場所の良さが決め手となりました。羽田空港からホテルのほぼ目の前までリムジンバスの運行もあり、深夜重い手荷物を運ぶ身には大変助かります。また、山手線の駅も目の前にあり、都内移動もお手軽にでき、便利この上ありません。  次回は4月に４泊お世話になります。よろしくお願い致します！,,,一次帰国する際に、ここ数年いつも利用させて頂いております。施設の清潔感、スタッフの方々の気持ち良い対応、バラエティに富む朝食メニューなどに加え、立地場所の良さが決め手となりました。羽田空港からホテルのほぼ目の前までリムジンバスの運行もあり、深夜重い手荷物を運ぶ身には大変助かります。また、山手線の駅も目の前にあり、都内移動もお手軽にでき、便利この上ありません。  次回は4月に４泊お世話になります。よろしくお願い致します！,,,みーたんさん,jalan_362580_0894f2578ffd1dd88b6a23a8d60b8d26
false,じゃらん,4,2026-03-19,TOYOTA ARINAのBリーグの試合観戦で宿泊しました。 羽田からモノレールで行けるし、湘南新宿ラインで観戦にも近くとても便利でした。またすぐ近くにショッピングモールもあり食事にも困らなくてとてもよかったですね。,,,TOYOTA ARINAのBリーグの試合観戦で宿泊しました。 羽田からモノレールで行けるし、湘南新宿ラインで観戦にも近くとても便利でした。またすぐ近くにショッピングモールもあり食事にも困らなくてとてもよかったですね。,,,kenkenさん,jalan_362580_781dd2dacb66f02c0d6aa117c313689c
false,Trip.com,9,2026-03-18,エアコンの調整が難しい？,,,エアコンの調整が難しい？,,,ゲ‍ス‍ト,trip_1879695644
false,Booking.com,8,2026-03-18,,,,,,,Tanaka,bookingcom_272466_4bd761d4cf7f0e3cc0068b5a9441745c
false,Trip.com,10,2026-03-18,非常好、還會再來,,,素晴らしい、また来ます,,,N‍K‍J‍G‍Z‍A,trip_1880157577
false,楽天トラベル,5,2026-03-18,東京ビックサイトの展示会に行くために利用しまた。電車1本でいけます。駅にはイオンがあり困ることはありません。 1番良かったのは浴槽の排水が早いことです。,,,東京ビックサイトの展示会に行くために利用しまた。電車1本でいけます。駅にはイオンがあり困ることはありません。 1番良かったのは浴槽の排水が早いことです。,,,墨谷三中,rakuten_51870_533fe6c75a062a755aca0a09941722ca
false,じゃらん,4,2026-03-18,正直、安さでこのホテルを選んだので少し不安でしたが、部屋の清潔感やアメニティの充実などが良く、とても快適に過ごせました。  清掃サービスだけでなく、シーツ交換も希望すれば毎回行っていただけます。  駅近で、徒歩5分程の距離にイオンスタイルもあるため、とても助かりました。  また、受付は大学生のアルバイトと思われる方でしたが、とても丁寧に対応していただきました。  また東京に行く際は利用させていただきます。,,,正直、安さでこのホテルを選んだので少し不安でしたが、部屋の清潔感やアメニティの充実などが良く、とても快適に過ごせました。  清掃サービスだけでなく、シーツ交換も希望すれば毎回行っていただけます。  駅近で、徒歩5分程の距離にイオンスタイルもあるため、とても助かりました。  また、受付は大学生のアルバイトと思われる方でしたが、とても丁寧に対応していただきました。  また東京に行く際は利用させていただきます。,,,ななさん,jalan_362580_4e4daed8e85d4f064bd944922bfcd14c
false,Trip.com,8,2026-03-17,良かったですが部屋に加湿器が欲しかったです,,,良かったですが部屋に加湿器が欲しかったです,,,ゲ‍ス‍ト,trip_1878542058
false,Booking.com,10,2026-03-17,,,,,,,Hiroyo,bookingcom_272466_35fc8b428a7de61ffe0f22db8c2293a5
false,Agoda,10,2026-03-17,景色が良かった。,,,景色が良かった。,,,Reika,agoda_96271_d799a6499b40665102d7cdf9a84106fc
false,Google,5,2026-03-17,りんかい線品川シーサイド駅から徒歩すぐ、イオンモールにも近い抜群の立地。 部屋もきれいで過ごしやすい。,,,りんかい線品川シーサイド駅から徒歩すぐ、イオンモールにも近い抜群の立地。 部屋もきれいで過ごしやすい。,,,"Y, &U",google_ChIJGcL-hHSKGGAR49LdCBFUUIY_5caaff6eb00d3a9168beb0a0fc71e983
false,楽天トラベル,5,2026-03-17,部屋は綺麗で朝ごはんも美味しかったです。,,,部屋は綺麗で朝ごはんも美味しかったです。,,,Hyper M,rakuten_51870_12785010abe498e726d4a50928f0e1d0
false,じゃらん,5,2026-03-17,駅から出てすぐホテルが見えて迷わずたどり着きました。  アメニティも豊富でロビーから選んで持っていくタイプ、部屋も綺麗で品川に行くときはまた利用したいです。,,,駅から出てすぐホテルが見えて迷わずたどり着きました。  アメニティも豊富でロビーから選んで持っていくタイプ、部屋も綺麗で品川に行くときはまた利用したいです。,,,マコトさん,jalan_362580_c0c557c22c76bc4a18db53e9ecfa9913
false,じゃらん,4,2026-03-17,高層階、運河側に泊まらせていただいてよかったです。  今回は素泊まりでしたが、次回は朝食もたべてみたいです。夜も食べる物にも不自由せず満足満足でした,,,高層階、運河側に泊まらせていただいてよかったです。  今回は素泊まりでしたが、次回は朝食もたべてみたいです。夜も食べる物にも不自由せず満足満足でした,,,たっちさん,jalan_362580_d9d1f3029a02897dfd5c6201661f6663
false,じゃらん,4,2026-03-17,有明に用があり、数回利用しています。  品川シーサイド駅目の前で、スーパー・レストランも近くとても便利です♪,,,有明に用があり、数回利用しています。  品川シーサイド駅目の前で、スーパー・レストランも近くとても便利です♪,,,蘭さん,jalan_362580_94643dbabd3185dd1ca33de6e2ad081d
false,じゃらん,3,2026-03-17,有明に用があり、数回利用しています。  品川シーサイド駅目の前で、スーパー・レストランも近くとても便利です♪,,,有明に用があり、数回利用しています。  品川シーサイド駅目の前で、スーパー・レストランも近くとても便利です♪,,,不明,jalan_362580_b31d8c97fc9c7cdff92d211d9df0dcaf
false,Booking.com,7,2026-03-16,,"Good location, train station across the road and few shops. Spacious room compared to the standard sizes in Japan",Not many amenities. The room had a humidity smell and was pretty worn out,,立地が良く、道路の向かいに駅があり、お店も少ない。日本の標準的な広さに比べて部屋は広々としている。,アメニティはあまり多くありませんでした。部屋は湿気臭く、かなり老朽化していました。,Tatiana,bookingcom_272466_834d4fb4542f9e86c014fd59fe50218c
false,楽天トラベル,5,2026-03-16,部屋が4人部屋になってビックリしましたが、フロントからお部屋から全部綺麗で大満足です！ありがとうございました!,,,部屋が4人部屋になってビックリしましたが、フロントからお部屋から全部綺麗で大満足です！ありがとうございました!,,,色んな所行きたい人間,rakuten_51870_babba0fc09255170234f9e37dc04a2e4
false,楽天トラベル,5,2026-03-16,品川シーサイド駅から近くて驚きました。 朝は青物横丁まで歩きましたがそんなに遠くなく便利でした！,,,品川シーサイド駅から近くて驚きました。 朝は青物横丁まで歩きましたがそんなに遠くなく便利でした！,,,ＭＡＲＩ!!,rakuten_51870_d9782a5332f4cfb6da255df30f37bd33
false,Booking.com,7,2026-03-16,,,,,,,Marcel,bookingcom_272466_85b934472d7d6fc3811f1659e44271e1
false,Agoda,9,2026-03-16,大満足なのですが…駐車場ありのホテルで調べて来たのですがホテルのサイトにしか条件が載ってなく予約してから車が停められないことがわかりました。アゴダの方でも条件まで載せてもらえばファミリーカーの人には嬉しいです。結局ホテルのフロントさんが親切に料金まで教えてくれてコインパーキングに停めることがでいたので夜景もキレイで文句ないです,,,大満足なのですが…駐車場ありのホテルで調べて来たのですがホテルのサイトにしか条件が載ってなく予約してから車が停められないことがわかりました。アゴダの方でも条件まで載せてもらえばファミリーカーの人には嬉しいです。結局ホテルのフロントさんが親切に料金まで教えてくれてコインパーキングに停めることがでいたので夜景もキレイで文句ないです,,,sanae,agoda_96271_a1c412d531a3f71c61e9f9dd1d17a692
false,Google,3,2026-03-16,翌日の海外旅行集合が朝早かったため利用しました。最寄りの駅から乗り継いで羽田空港第3ターミナルに直接行けるため助かりました。 一人5千円程度でコスパも良しです。,,,翌日の海外旅行集合が朝早かったため利用しました。最寄りの駅から乗り継いで羽田空港第3ターミナルに直接行けるため助かりました。 一人5千円程度でコスパも良しです。,,,肝臓は水で洗うんよ,google_ChIJGcL-hHSKGGAR49LdCBFUUIY_2d656dc682270b9c4dc628986bda7126
false,じゃらん,3,2026-03-16,東京観光目的て初めての利用です。  一泊寝泊まりするには充分いいホテルと感じました。  ただ、朝食バイキングについては、品数がそれほど多くないうえ、パン用のオープントースターがないなど、物足りなく感じました。  ありがとうございました。,,,東京観光目的て初めての利用です。  一泊寝泊まりするには充分いいホテルと感じました。  ただ、朝食バイキングについては、品数がそれほど多くないうえ、パン用のオープントースターがないなど、物足りなく感じました。  ありがとうございました。,,,スイマーさん,jalan_362580_64bf095eab6c267fadc91c71b330437f
false,Booking.com,9,2026-03-15,,,,,,,Chatchapon,bookingcom_272466_9123f1cb66dc71699a4bcde90185c312
false,Booking.com,9,2026-03-15,,Lugnt område. Nära till flygplatsen.,,,静かなエリア。空港に近い。,,Marie-louice,bookingcom_272466_21a36ca0a6cbf74b01a48a07e4d21e48
false,Trip.com,7,2026-03-15,朝食はもう少し品数が欲しい,,,朝食はもう少し品数が欲しい,,,ゲ‍ス‍ト,trip_1876808258
false,Trip.com,10,2026-03-15,夜景がとても綺麗でした。年に1回、娘との大切な旅行が素晴らしいものになりました。ありがとうございました。,,,夜景がとても綺麗でした。年に1回、娘との大切な旅行が素晴らしいものになりました。ありがとうございました。,,,ゲ‍ス‍ト,trip_1876832232
false,Booking.com,9,2026-03-15,,,,,,,Tomiko,bookingcom_272466_ca32c6eb5910650d6207d21a0b5ac439
false,Booking.com,8,2026-03-15,,,,,,,Travis,bookingcom_272466_d5217991a5c7374b110deb03905676f7
false,じゃらん,5,2026-03-15,いつも利用させていただいてます  部屋も広く快適です  交通の便利がよく特にビッグサイトでの展示会などがある時は良きです,,,いつも利用させていただいてます  部屋も広く快適です  交通の便利がよく特にビッグサイトでの展示会などがある時は良きです,,,きっしゃんさん,jalan_362580_a18ac73155a57450d0405ff2ce11bb1b
false,じゃらん,5,2026-03-15,駅近くで迷わず行けました。そして安いです。安いので、大丈夫かな？と思いましたがとても清潔で心地よかったです。東京で宿泊の時は、また利用したいです。,,,駅近くで迷わず行けました。そして安いです。安いので、大丈夫かな？と思いましたがとても清潔で心地よかったです。東京で宿泊の時は、また利用したいです。,,,キューちゃんさん,jalan_362580_ff0d1ad44aacbe179e22da617a958ead
false,Booking.com,9,2026-03-14,,,,,,,Ece,bookingcom_272466_106ac62612ec3d4712fe1bf821ad74ee
false,Google,5,2026-03-14,,,,,,,Dale Chen (大樂),google_ChIJGcL-hHSKGGAR49LdCBFUUIY_1b7ecb7dfcf4bdf45da3110e4760981b
false,Trip.com,10,2026-03-14,家庭出行很適合,,,家族旅行に最適,,,B‍l‍a‍z‍a‍r‍r,trip_1875279661
false,楽天トラベル,4,2026-03-14,１２時チェックアウトなので、部屋でゆっくりとすごすことができました。 お風呂ですが、お湯と水の２ハンドルなので、お湯の温度の調整が少しむずかしかったです。 眺望は今回は海側ではなかったので、なんとも言えません。 ,,,１２時チェックアウトなので、部屋でゆっくりとすごすことができました。 お風呂ですが、お湯と水の２ハンドルなので、お湯の温度の調整が少しむずかしかったです。 眺望は今回は海側ではなかったので、なんとも言えません。 ,,,たるぴ３,rakuten_51870_a792749801a29f5c96bb63d48b3c84ba
false,楽天トラベル,5,2026-03-14,朝食後にコーヒーを飲むと美味しいです。 夜の風呂に入ったら暖かいです。,,,朝食後にコーヒーを飲むと美味しいです。 夜の風呂に入ったら暖かいです。,,,ムラタ　タカユキ,rakuten_51870_9a2e4be50645d4f74eb299cccb8c547c
false,じゃらん,4,2026-03-14,エコノミーツインの部屋を予約しました。  アーリータイムでのチェックインを急にお願いしたにもかかわらず、丁寧に対応をしてくださいました。  部屋はちょっと乾燥が気になったので、加湿器の設置があればいいなぁと思いました。  もしくはタオル掛けか何かあれば、良いなぁと思います。  朝食はバイキングで美味しかっです。,,,エコノミーツインの部屋を予約しました。  アーリータイムでのチェックインを急にお願いしたにもかかわらず、丁寧に対応をしてくださいました。  部屋はちょっと乾燥が気になったので、加湿器の設置があればいいなぁと思いました。  もしくはタオル掛けか何かあれば、良いなぁと思います。  朝食はバイキングで美味しかっです。,,,しまちゃんさん,jalan_362580_29269a8df840c3651039aae4bc4a494c
false,じゃらん,5,2026-03-14,今回、リピートです。  羽田空港からリムジンバスでホテルまで行けるし、駅にも近いのでとても便利です。  安いプランで泊まったので、部屋は狭いですが寝るだけなので気になりませんでした。,,,今回、リピートです。  羽田空港からリムジンバスでホテルまで行けるし、駅にも近いのでとても便利です。  安いプランで泊まったので、部屋は狭いですが寝るだけなので気になりませんでした。,,,ひーろーさん,jalan_362580_8af574129b3a1b17fd4c5fcf387451d7
false,じゃらん,5,2026-03-14,羽田空港に早朝向かう時に利用させていただいています。  アメニティも充実しており、ホテルの方の対応も良く、これからも利用させていただこうと思います！,,,羽田空港に早朝向かう時に利用させていただいています。  アメニティも充実しており、ホテルの方の対応も良く、これからも利用させていただこうと思います！,,,すーさんさん,jalan_362580_7a5af8c4bf4d804371477ef25c792cc2
false,Google,4,2026-03-13,,,,,,,Akihiro Tare,google_ChIJGcL-hHSKGGAR49LdCBFUUIY_033aade9561d74992d6867f6827cc16c
false,Trip.com,10,2026-03-13,방은 작지만 전시회 출장으로 위치가 적절하고 이온몰 뒤라 편함 비데 나이스,,,部屋は小さいが展示会出張で位置が適切で、イオンモールの後ろに楽なビデナイス,,,ゲ‍ス‍ト,trip_1874164792
false,Trip.com,10,2026-03-13,พักที่นี่ทุกครั้งเมื่อมาญี่ปุ่น ที่พักเงียบสงบ ใกล้สถานีรถไฟ ใกล้ห้างอิออน ที่สำคัญคืิอยู่ตรงข้ามกับป้ายรถบัสไปสนามบินฮาเนดะ ต่อเดียวถึง,,,日本に来るときはいつもここに泊まります。静かで、駅にもイオンモールにも近く、何より羽田空港行きのバス停の真向かいにあるので、バスに乗ればすぐ行けるのが魅力です。,,,ゲ‍ス‍ト,trip_1874342470
false,Agoda,10,2026-03-13,部屋が広くて綺麗で駅からすぐなので、いつも利用させて頂いています。,,,部屋が広くて綺麗で駅からすぐなので、いつも利用させて頂いています。,,,minami,agoda_96271_ac141077dee2040eb3551097203cf51f
false,Trip.com,9,2026-03-13,設施：可以 衞生：乾淨 環境：好 服務：好,,,設備：許容範囲；衛生状態：清潔；環境：良好；サービス：良好,,,ゲ‍ス‍ト,trip_1874722777
false,Booking.com,10,2026-03-13,,,,,,,Adrián,bookingcom_272466_77e824c1ec726a03b04d5dc4725e8769
false,Agoda,8,2026-03-13,室内きれい。ロビーでアメニティもらえて便利。泊まった階には無料氷とウォーターサーバーあって便利。 ロビーに電子レンジ1台ありました。 朝食は洋食メインでスクランブルエッグ、ベーコン、ウインナー、パン数種類。和食はたこやき、魚の切り身、豆腐。温玉。味噌汁、ごはん。 トースターはなかったです。 飲み物も数種類あって、持ち帰りコーヒー、紅茶もあってよかった。 これでトリプルルーム18000円弱で泊まれて最高。 ただホテル関係ないけど、目の前のイオンの入り口がわからなくて寒い中ぐるっと回ったのが残念。,,,室内きれい。ロビーでアメニティもらえて便利。泊まった階には無料氷とウォーターサーバーあって便利。 ロビーに電子レンジ1台ありました。 朝食は洋食メインでスクランブルエッグ、ベーコン、ウインナー、パン数種類。和食はたこやき、魚の切り身、豆腐。温玉。味噌汁、ごはん。 トースターはなかったです。 飲み物も数種類あって、持ち帰りコーヒー、紅茶もあってよかった。 これでトリプルルーム18000円弱で泊まれて最高。 ただホテル関係ないけど、目の前のイオンの入り口がわからなくて寒い中ぐるっと回ったのが残念。,,,miyoko,agoda_96271_4ef80a169d047d2af2eb50bf5e6ff7a5
false,Google,5,2026-03-13,よいホテルでした 朝食ブュッフェ美味しかったです,,,よいホテルでした 朝食ブュッフェ美味しかったです,,,yたろう,google_ChIJGcL-hHSKGGAR49LdCBFUUIY_03174b6a593523b6f9cc69556082d6b2
false,Agoda,5,2026-03-13,風呂の設備が古く、サーモではなく、ダブルハンド 部屋にコーヒーが付いてない,,,風呂の設備が古く、サーモではなく、ダブルハンド 部屋にコーヒーが付いてない,,,TAKASHI,agoda_96271_867339765f62a8fc2a59b2ad7ef35377
false,楽天トラベル,5,2026-03-12,毎年2回利用してます。 受付から宿泊、朝食まで文句なしです♪ ランドリーが遠いのが少し残念ですが😢,,,毎年2回利用してます。 受付から宿泊、朝食まで文句なしです♪ ランドリーが遠いのが少し残念ですが😢,,,ゴチポ侍🇯🇵,rakuten_51870_09b288fc57595fc2616517738f727201
false,Booking.com,9,2026-03-11,,Proximidade da estação do trem e Shopping Center em frente,,,駅に近く、通りの向かいにはショッピングセンターがあります。,,Msmiake,bookingcom_272466_34c1b5caee5d96ab84f4fb165973e659
false,Agoda,8,2026-03-11,I’ve stayed here to visit Big Sight  Very close from the hotel to there. I will stay again!,,,ビッグサイト観光のためにここに宿泊しました。ホテルからビッグサイトまでとても近かったです。また泊まりたいです！,,,Satoko,agoda_96271_77c9b5752929f6d4cee67706aaf04bb9
false,楽天トラベル,5,2026-03-11,高層階からの眺めも良く部屋もきれいでした。スタッフの応対もテキパキしていて良かったです。また、翌日12：00まで滞在できるのは、ゆっくりできて良かったです。駅に近いのも良かったです。,,,高層階からの眺めも良く部屋もきれいでした。スタッフの応対もテキパキしていて良かったです。また、翌日12：00まで滞在できるのは、ゆっくりできて良かったです。駅に近いのも良かったです。,,,きょうちゃんだよ！,rakuten_51870_cd8c974d40386a74ef082073b158e1c0
false,楽天トラベル,4,2026-03-11,チェックイン前でもにもつを預かっていただきありがとうございます。 3人だと一人分は簡易ベットとなる場合が多いのですが、ここはしっかりしたベッドで快眠できました。 ただ、部屋のお風呂が温度調整水栓ではないのが残念。また、今花粉症の季節なので空気清浄機があればよかった。,,,チェックイン前でもにもつを預かっていただきありがとうございます。 3人だと一人分は簡易ベットとなる場合が多いのですが、ここはしっかりしたベッドで快眠できました。 ただ、部屋のお風呂が温度調整水栓ではないのが残念。また、今花粉症の季節なので空気清浄機があればよかった。,,,H4枠,rakuten_51870_e93afceea06492e1a7fd977041eb9442
false,Booking.com,8,2026-03-11,,Posizione vicino a linea limousine bus per andare all'aeroporto di Haneda.,Posizione un po' distante dal centro.,,羽田空港行きのリムジンバス乗り場に近い場所に位置しています。,中心部から少し離れた場所にある。,Gae1988,bookingcom_272466_c847f5e7bdf18d809a2c08c373277f6d
false,Booking.com,8,2026-03-11,,スタッフさん達が反応良く話しやすかった,とくになし,,スタッフさん達が反応良く話しやすかった,とくになし,Masaki,bookingcom_272466_dabba97eb13c72dfb266580a1709aeb3
false,Agoda,10,2026-03-11,チェックアウトが12時でゆっくりできるし、都心も近いので最高でした,,,チェックアウトが12時でゆっくりできるし、都心も近いので最高でした,,,Kousuke,agoda_96271_6092022759d7d5e425bbcb94a3b0a369
false,Trip.com,9,2026-03-11,工作人員服務態度非常好，給了我一個頂樓的房間，衹是入住的那幾天天氣一般，風很大，即便關閉了窗還是會聽到大風的呼嘯聲，除此之外非常方便，附近有個永旺超市，購物交通都不錯,,,スタッフはとても親切で、最上階の部屋を用意してくれました。ただ、滞在中の天気はあまり良くなく、風がとても強く、窓を閉めていても風の音が聞こえました。それ以外はとても便利で、近くにイオンのスーパーマーケットがあるので、買い物や交通の便も良かったです。,,,M‍a‍i‍k‍e‍a‍d‍u,trip_1872764933
false,楽天トラベル,4,2026-03-10,近くにイオンモールやコンビニなどあり、とても便利でした！,,,近くにイオンモールやコンビニなどあり、とても便利でした！,,,レイちゃん1976,rakuten_51870_4650019d56ea676f51842aae345b416b
false,Booking.com,9,2026-03-10,,きれい,,,きれい,,川合,bookingcom_272466_9774dca15af83623ab444c76839c768a
false,Trip.com,10,2026-03-09,位於海鷗臨空線出口旁，如果要走到京急線大約15分鐘，房間就是一般的日本商務旅館，該有的都有，吃飯也方便，旁邊有個大AEON。 適合趕羽田的一早航班，或是出差活動範圍都在台場一帶的人。,,,京急線加代川駅出口のすぐそばに位置し、京急線までは徒歩約15分です。客室は日本のビジネスホテルによくあるタイプで、必要なアメニティはすべて揃っています。食事の選択肢も豊富で、近くには大型のイオンもあります。羽田空港行きの早朝便を利用する方や、お台場エリアを中心に活動する出張に最適です。,,,d‍o‍o‍w‍o‍p,trip_1870107447
false,楽天トラベル,5,2026-03-09,翌日　ディスニーランドの予定で、近くて良かったです,,,翌日　ディスニーランドの予定で、近くて良かったです,,,八朗,rakuten_51870_e9a0209ebecaaca3b4fb6a48b269a837
false,Booking.com,9,2026-03-09,,フロントスタッフの方の対応の良さ。 施設内の清潔さ。,ありません。,,フロントスタッフの方の対応の良さ。 施設内の清潔さ。,ありません。,Nishi,bookingcom_272466_3a92982de13fb7d8f9263edb3b4b1aed
false,じゃらん,4,2026-03-09,ビックサイトのイベント参加の為、トリプルルームに2泊しました。駅近でとても良かったです。綺麗なビジネスホテルと言う感じでした。機会があればまた是非利用したいです。,,,ビックサイトのイベント参加の為、トリプルルームに2泊しました。駅近でとても良かったです。綺麗なビジネスホテルと言う感じでした。機会があればまた是非利用したいです。,,,しぃさん,jalan_362580_61add3b1c50ffeb30f12169a7d7c2ab1
false,Booking.com,8,2026-03-08,,"Вигляд з вікна був чудовий, є де прогулятись, станція метро зовсім поряд.",,,窓からの眺めは素晴らしく、散歩できる場所もあり、地下鉄の駅もすぐ近くです。,,Inna,bookingcom_272466_896063d2194ec776acc23d2ab0f3e1ae
false,じゃらん,4,2026-03-08,こちらのホテルを初めて利用させて頂きました。部屋もキレイで良かったです。  朝食も種類豊富で沢山食べてしまいました。  また、機会があればお世話になりたいと思います。,,,こちらのホテルを初めて利用させて頂きました。部屋もキレイで良かったです。  朝食も種類豊富で沢山食べてしまいました。  また、機会があればお世話になりたいと思います。,,,花屋さんさん,jalan_362580_f4727693a9950a33d45b7e232ee74030
false,じゃらん,4,2026-03-08,ひとりで予約しましたが部屋も広くキャリーケースを広げるのも問題無しでした。  アメニティも充実していました,,,ひとりで予約しましたが部屋も広くキャリーケースを広げるのも問題無しでした。  アメニティも充実していました,,,さちゃんさん,jalan_362580_f90ed60b09852ac4deb765be96fb6517
false,Booking.com,10,2026-03-07,,"We loved our stay here. Staff were courteous and very helpful. Beds were very comfortable. Restaurant food was delicious, we had breaky and dinner here. Highly recommend. Location was great too. Right next to the train station.",Nothing to dislike.,,滞在はとても快適でした。スタッフは親切でとても助かりました。ベッドもとても快適でした。レストランの料理も美味しく、朝食と夕食をここでいただきました。強くお勧めします。立地も最高で、駅のすぐ隣でした。,嫌いなところは何もない。,Karen,bookingcom_272466_adcc592e02d3290ea198f9ac048455f8
false,楽天トラベル,5,2026-03-07,駅からしぐについてよかったです！,,,駅からしぐについてよかったです！,,,ぷちとまと！,rakuten_51870_2c83ecd5012ecaa28284e501f14f99a1
false,Booking.com,7,2026-03-07,,,,,,,Chiharu,bookingcom_272466_4e84edaa7940a0508daa1c439332d9c1
false,Google,5,2026-03-07,,,,,,,Y Umeda,google_ChIJGcL-hHSKGGAR49LdCBFUUIY_f45ea7ab3a55a7f5ebc79a2cd125df5b
false,じゃらん,4,2026-03-07,今日は、19階の角部屋でした。夜景が綺麗。ゆっくりできました。翌日はビックサイト訪問でしたが、20分で着くので朝もゆっくり。モーニングはもちろん予約。朝からしっかりいただきました。お米 美味しいね。,,,今日は、19階の角部屋でした。夜景が綺麗。ゆっくりできました。翌日はビックサイト訪問でしたが、20分で着くので朝もゆっくり。モーニングはもちろん予約。朝からしっかりいただきました。お米 美味しいね。,,,やまちゃんさん,jalan_362580_e1a40a97576ca99f662fae31c3273c3b
false,じゃらん,4,2026-03-07,土曜日に都内でこの金額で泊まれましたし、心地よく過ごせました。すぐ近くにお店も多く、便利でした。また利用したいと思います。,,,土曜日に都内でこの金額で泊まれましたし、心地よく過ごせました。すぐ近くにお店も多く、便利でした。また利用したいと思います。,,,みぽりんさん,jalan_362580_f38e9ec0bcfb1d359b2b59c9a2c8dc3c
false,じゃらん,3,2026-03-07,東京ドーム&神宮球場へ行くので早めにホテルに到着したのですがフロントが無表情のままで感じが悪かったです。一旦外出して戻った時は既に部屋へキャリーが置かれていました。改めて夕食に出かける時に鍵を預けようとフロントに声をかけたらちゃんと並んでくださいと叱られまして、忙しいのはわかりますが鍵を預けるだけで並ぶのかと思いました。部屋は一般的なビジネスホテルで広いですがちょっと古かったです。高層階で景色はよかったのですが通路が狭いのでベッドからじゃないと窓まで行けなかったです。それに加湿器がないのでフロントへ電話すると取りに来てくださいとのことでこの時期に常備されていないのは考えられなかったです。朝食はいたって普通で特色もなかったですがお盆がくるくる回転して乗せていた皿が動き食事していても落ち着かなかったです。給仕の方にお茶が出てこなかったので補充を頼むと「は？」という表情でした。別の給仕の方が補充されていましたが混雑していてイライラしていたのか教育がなってないように思いました。交通の便もいいですし寛げるホテルですが働く人の印象が悪いので指導がより必要なのかと思いました。,,,東京ドーム&神宮球場へ行くので早めにホテルに到着したのですがフロントが無表情のままで感じが悪かったです。一旦外出して戻った時は既に部屋へキャリーが置かれていました。改めて夕食に出かける時に鍵を預けようとフロントに声をかけたらちゃんと並んでくださいと叱られまして、忙しいのはわかりますが鍵を預けるだけで並ぶのかと思いました。部屋は一般的なビジネスホテルで広いですがちょっと古かったです。高層階で景色はよかったのですが通路が狭いのでベッドからじゃないと窓まで行けなかったです。それに加湿器がないのでフロントへ電話すると取りに来てくださいとのことでこの時期に常備されていないのは考えられなかったです。朝食はいたって普通で特色もなかったですがお盆がくるくる回転して乗せていた皿が動き食事していても落ち着かなかったです。給仕の方にお茶が出てこなかったので補充を頼むと「は？」という表情でした。別の給仕の方が補充されていましたが混雑していてイライラしていたのか教育がなってないように思いました。交通の便もいいですし寛げるホテルですが働く人の印象が悪いので指導がより必要なのかと思いました。,,,jaracoさん,jalan_362580_be35b931ef322a903cb134a39b4571ab
false,Booking.com,7,2026-03-06,,,,,,,Kenryou,bookingcom_272466_85b9ef73f7a6c4b59f8da79d2cef225e
false,Google,4,2026-03-06,りんかい線の品川シーサイド駅前にあるビジネスホテル。とても綺麗です。駅近なんですが、りんかい線なので行き先によってはアクセスに時間がかかります。悩みどころですね。価格は安いのでおすすめです。,,,りんかい線の品川シーサイド駅前にあるビジネスホテル。とても綺麗です。駅近なんですが、りんかい線なので行き先によってはアクセスに時間がかかります。悩みどころですね。価格は安いのでおすすめです。,,,Ai_ueo,google_ChIJGcL-hHSKGGAR49LdCBFUUIY_2b2762d3df85699bbd85c13ae6d57e3e
false,楽天トラベル,4,2026-03-06,毎月1週間から2週間東京出張しており、駅から近くて便利なこともありこちらのホテルも時々利用させて頂いております。 ただ、朝食が7時オープンだと遅く、大変混雑するのが難点です。混雑緩和のためにも6時半オープンにして頂けると助かります。,,,毎月1週間から2週間東京出張しており、駅から近くて便利なこともありこちらのホテルも時々利用させて頂いております。 ただ、朝食が7時オープンだと遅く、大変混雑するのが難点です。混雑緩和のためにも6時半オープンにして頂けると助かります。,,,不明,rakuten_51870_2c4c658ad7fb8f42b24a16e14bb94fdd
false,Trip.com,9,2026-03-06,"Good location , near to Shinagawa train station , good service",,,立地が良く、品川駅にも近く、サービスも良い。,,,ゲ‍ス‍ト,trip_1867309244
false,Agoda,7,2026-03-06,ロビーに、アメニティ（化粧水 、くし、髭剃り、など）も揃っていて、必要な物だけ部屋へ持って行くのは合理的。冷蔵庫があり近くにコンビニもあるので、いつも飲むものを冷やしておける。次も利用したい。,,,ロビーに、アメニティ（化粧水 、くし、髭剃り、など）も揃っていて、必要な物だけ部屋へ持って行くのは合理的。冷蔵庫があり近くにコンビニもあるので、いつも飲むものを冷やしておける。次も利用したい。,,,YASUKO,agoda_96271_2c38c439122392abab885fecaad7d715
false,Booking.com,9,2026-03-06,,,,,,,Enya,bookingcom_272466_b10f03c679a4042a9a7a0675d7cd8202
false,Agoda,8,2026-03-06,駅に近くとてもきれいなホテルでした。 水圧等も問題なかったです。 お部屋も広めでゆっくりと過ごせました。,,,駅に近くとてもきれいなホテルでした。 水圧等も問題なかったです。 お部屋も広めでゆっくりと過ごせました。,,,MICHIYO,agoda_96271_b5eb1af64855c0eaf120c6fa0905e601
false,じゃらん,4,2026-03-06,冷蔵庫の中に髪の毛が入っていて使いたくないと思ったが、スタッフの対応がよかったからまた利用したいと思った。,,,冷蔵庫の中に髪の毛が入っていて使いたくないと思ったが、スタッフの対応がよかったからまた利用したいと思った。,,,まささん,jalan_362580_5462bbbef0e806c9abfc4228b35cc42c
false,Trip.com,10,2026-03-05,"Conveniently located, immaculate service, and a great selection of amenities. Perfect for solo travelers arriving from Haneda Airport.",,,便利な立地、行き届いたサービス、そして充実したアメニティ。羽田空港から到着する一人旅に最適です。,,,T‍r‍a‍v‍e‍l‍e‍r‍T‍u‍g‍o‍u,trip_1865952416
false,じゃらん,3,2026-03-05,ホテルのすぐ近くに飲食店やイオンもあり便利でした。雨が降っていましたが快く傘を貸してくださいました。,,,ホテルのすぐ近くに飲食店やイオンもあり便利でした。雨が降っていましたが快く傘を貸してくださいました。,,,sakiさん,jalan_362580_8931cdaa2b5ee503f5e1fbc0d6847794
false,楽天トラベル,3,2026-03-05,駅を出て道路を渡った目の前にあるので分かりやすくてよかったです。チェックインの説明なども簡潔ですぐに部屋に向かえたのがよかったです。近くにコンビニがないことだけが不便でした。ホテルの設備は問題なく、清潔で過ごしやすかったです。,,,駅を出て道路を渡った目の前にあるので分かりやすくてよかったです。チェックインの説明なども簡潔ですぐに部屋に向かえたのがよかったです。近くにコンビニがないことだけが不便でした。ホテルの設備は問題なく、清潔で過ごしやすかったです。,,,wankoromochiii,rakuten_51870_8c8b6d7e646884fcf40e3c49695806ca
false,じゃらん,5,2026-03-05,とても綺麗なホテルで、ロビー・部屋ともに快適に過ごせました。周辺のホテルと比べて料金も低めで、とてもコスパがよいと感じました。,,,とても綺麗なホテルで、ロビー・部屋ともに快適に過ごせました。周辺のホテルと比べて料金も低めで、とてもコスパがよいと感じました。,,,AoYuさん,jalan_362580_d2e7f2d00244fbf0d606aa182257cdcd
false,じゃらん,4,2026-03-04,東京行くのに今回使わせて頂きました。チェックイン前にも荷物預かって頂いてとても助かりました。駅からも凄く近くて、子連れでも行きやすい場所でした。また、東京行く際は宿泊させて頂きます。ご飯も凄く美味しかったです。ありがとうございました。,,,東京行くのに今回使わせて頂きました。チェックイン前にも荷物預かって頂いてとても助かりました。駅からも凄く近くて、子連れでも行きやすい場所でした。また、東京行く際は宿泊させて頂きます。ご飯も凄く美味しかったです。ありがとうございました。,,,まりさん,jalan_362580_aa9eefa550fdd83b79055980367ab1da
false,楽天トラベル,4,2026-03-04,ビッグサイトへ行きやすいので選びました。 駅のすぐ真上だったのが大変助かり、スーパーも目の前で超便利。 フロントの方々の対応もとても良かったです。 夜寒かったので毛布をお願いした際も速やかに対応してもらえました。ありがとうごさいました。 ただ、バスと洗面の蛇口がツーハンドルだったのが今時には珍しく、サーモに慣れてしまっているので少々不便でした。これが星一つ減らした理由です。 ,,,ビッグサイトへ行きやすいので選びました。 駅のすぐ真上だったのが大変助かり、スーパーも目の前で超便利。 フロントの方々の対応もとても良かったです。 夜寒かったので毛布をお願いした際も速やかに対応してもらえました。ありがとうごさいました。 ただ、バスと洗面の蛇口がツーハンドルだったのが今時には珍しく、サーモに慣れてしまっているので少々不便でした。これが星一つ減らした理由です。 ,,,hirake-goma,rakuten_51870_eff82775b247c03b0d91d7fbcd138056
false,じゃらん,5,2026-03-04,東京行くのに今回使わせて頂きました。チェックイン前にも荷物預かって頂いてとても助かりました。駅からも凄く近くて、子連れでも行きやすい場所でした。また、東京行く際は宿泊させて頂きます。ご飯も凄く美味しかったです。ありがとうございました。,,,東京行くのに今回使わせて頂きました。チェックイン前にも荷物預かって頂いてとても助かりました。駅からも凄く近くて、子連れでも行きやすい場所でした。また、東京行く際は宿泊させて頂きます。ご飯も凄く美味しかったです。ありがとうございました。,,,まりさん,jalan_362580_c2c4801e65d8825bc001b83e6fc1dd79
false,じゃらん,5,2026-03-04,特に悪いとこはなくむしろ良き！ライトが明るいのがうーんってくらいで悪いとこないかなと。インスタントコーヒーが美味しくないくらい,,,特に悪いとこはなくむしろ良き！ライトが明るいのがうーんってくらいで悪いとこないかなと。インスタントコーヒーが美味しくないくらい,,,たむりんさん,jalan_362580_a05736cabe3e061080899a4d51aa97f0
false,じゃらん,4,2026-03-04,東京行くのに今回使わせて頂きました。チェックイン前にも荷物預かって頂いてとても助かりました。駅からも凄く近くて、子連れでも行きやすい場所でした。また、東京行く際は宿泊させて頂きます。ご飯も凄く美味しかったです。ありがとうございました。,,,東京行くのに今回使わせて頂きました。チェックイン前にも荷物預かって頂いてとても助かりました。駅からも凄く近くて、子連れでも行きやすい場所でした。また、東京行く際は宿泊させて頂きます。ご飯も凄く美味しかったです。ありがとうございました。,,,まりさん,jalan_362580_692d901bebacd25e25bedc18ca48d5ef
false,楽天トラベル,4,2026-03-04,ビッグサイトへ行きやすいので選びました。 駅のすぐ真上だったのが大変助かり、スーパーも目の前で超便利。 フロントの方々の対応もとても良かったです。 夜寒かったので毛布をお願いした際も速やかに対応してもらえました。ありがとうごさいました。 ただ、バスと洗面の蛇口がツーハンドルだったのが今時には珍しく、サーモに慣れてしまっているので少々不便でした。これが星一つ減らした理由です。 ,,,ビッグサイトへ行きやすいので選びました。 駅のすぐ真上だったのが大変助かり、スーパーも目の前で超便利。 フロントの方々の対応もとても良かったです。 夜寒かったので毛布をお願いした際も速やかに対応してもらえました。ありがとうごさいました。 ただ、バスと洗面の蛇口がツーハンドルだったのが今時には珍しく、サーモに慣れてしまっているので少々不便でした。これが星一つ減らした理由です。 ,,,hirake-goma,rakuten_51870_2edacd473c6db12cf15bd596ba2b085c
false,じゃらん,5,2026-03-04,特に悪いとこはなくむしろ良き！ライトが明るいのがうーんってくらいで悪いとこないかなと。インスタントコーヒーが美味しくないくらい,,,特に悪いとこはなくむしろ良き！ライトが明るいのがうーんってくらいで悪いとこないかなと。インスタントコーヒーが美味しくないくらい,,,たむりんさん,jalan_362580_b950f383dc74d0f2e5da6694e7884f02
false,Booking.com,10,2026-03-03,,,,,,,Chao,bookingcom_272466_403f9c4aa97f05eb8ef066e78a07a19f
false,楽天トラベル,4,2026-03-03,品川、浜松町、国際展示場、豊洲などに行くのに、、利便性がよいホテルです。朝食は、メニューは多くはありませんが、味やメニューは個人的に良いと思います。なお、設置いただいた空気清浄機は、使用年月もあるのか、匂いが気になりました。フィルターがあれば交換するなどしたら、より良いと思います。居住性は良いです。,,,品川、浜松町、国際展示場、豊洲などに行くのに、、利便性がよいホテルです。朝食は、メニューは多くはありませんが、味やメニューは個人的に良いと思います。なお、設置いただいた空気清浄機は、使用年月もあるのか、匂いが気になりました。フィルターがあれば交換するなどしたら、より良いと思います。居住性は良いです。,,,ツトマ,rakuten_51870_13adca8e420f952725249afe1bb5f6d5
false,Booking.com,8,2026-03-03,,朝食が美味しかった。  大井埠頭の近くで環境的には非常に良かった。,部屋の大きさに対してベッドが大きく、カーテン及び窓の開閉がしにくかった。  埋立地で振興のため、食事する場所を見つけれなかった。,,朝食が美味しかった。  大井埠頭の近くで環境的には非常に良かった。,部屋の大きさに対してベッドが大きく、カーテン及び窓の開閉がしにくかった。  埋立地で振興のため、食事する場所を見つけれなかった。,さらさん,bookingcom_272466_6d0bfc935d5131d3606c3744f680ee06
false,Booking.com,8,2026-03-03,,,,,,,Wataru,bookingcom_272466_d5613644979ff10cde5e9c9794ef5d5b
false,Booking.com,8,2026-03-03,,,,,,,三宅,bookingcom_272466_583b4d0c496ed8cd3f00fe803be68ec9
false,じゃらん,3,2026-03-03,立地も良く、料金的に安いので何度か利用しています。  最寄りの駅からは少し距離がありますが、  車移動でしたら特に問題はないかと思います。,,,立地も良く、料金的に安いので何度か利用しています。  最寄りの駅からは少し距離がありますが、  車移動でしたら特に問題はないかと思います。,,,けんけんさん,jalan_362580_672589daa15492817b87be444dd44218
false,じゃらん,4,2026-03-03,立地がよく、コスパも最高。朝食も美味しい。遊び場にも近く移動が楽です。何度も利用しているのでまたリピートします。,,,立地がよく、コスパも最高。朝食も美味しい。遊び場にも近く移動が楽です。何度も利用しているのでまたリピートします。,,,たかさん,jalan_362580_67c85341bc8c89250adaaff33573a68e
false,楽天トラベル,4,2026-03-03,品川、浜松町、国際展示場、豊洲などに行くのに、、利便性がよいホテルです。朝食は、メニューは多くはありませんが、味やメニューは個人的に良いと思います。なお、設置いただいた空気清浄機は、使用年月もあるのか、匂いが気になりました。フィルターがあれば交換するなどしたら、より良いと思います。居住性は良いです。,,,品川、浜松町、国際展示場、豊洲などに行くのに、、利便性がよいホテルです。朝食は、メニューは多くはありませんが、味やメニューは個人的に良いと思います。なお、設置いただいた空気清浄機は、使用年月もあるのか、匂いが気になりました。フィルターがあれば交換するなどしたら、より良いと思います。居住性は良いです。,,,ツトマ,rakuten_51870_4481dca31d6719a7f6de2b03bdc80cc6
false,Booking.com,8,2026-03-03,,朝食が美味しかった。  大井埠頭の近くで環境的には非常に良かった。,部屋の大きさに対してベッドが大きく、カーテン及び窓の開閉がしにくかった。  埋立地で振興のため、食事する場所を見つけれなかった。,,朝食が美味しかった。  大井埠頭の近くで環境的には非常に良かった。,部屋の大きさに対してベッドが大きく、カーテン及び窓の開閉がしにくかった。  埋立地で振興のため、食事する場所を見つけれなかった。,さらさん,bookingcom_272466_554548279c855672b143d4b680732213
false,Booking.com,8,2026-03-03,,,,,,,三宅,bookingcom_272466_5e49ab3475d4aae4ccb5e0e4fc056d51
false,じゃらん,3,2026-03-03,立地も良く、料金的に安いので何度か利用しています。  最寄りの駅からは少し距離がありますが、  車移動でしたら特に問題はないかと思います。,,,立地も良く、料金的に安いので何度か利用しています。  最寄りの駅からは少し距離がありますが、  車移動でしたら特に問題はないかと思います。,,,けんけんさん,jalan_362580_76c9b31ca8c1ac16380ed5228b56fbbf
false,じゃらん,4,2026-03-03,立地がよく、コスパも最高。朝食も美味しい。遊び場にも近く移動が楽です。何度も利用しているのでまたリピートします。,,,立地がよく、コスパも最高。朝食も美味しい。遊び場にも近く移動が楽です。何度も利用しているのでまたリピートします。,,,たかさん,jalan_362580_fef21e9fce4f2b47e21c27badb5c8603
false,Google,1,2026-03-02,館内の雰囲気やお部屋の広さは満足のいくものでしたが、ベッド上にたたんである館内着を着用しようと思い広げてみると、髪の毛が5.6本付着したままの状態のものが置いてありました。未洗濯のものだと思い込んで使い回したのか、洗濯時に取れなかったのかはわかりかねますが、非常に不快でした。 このことを内線電話にて伝えたところ、電話口で対応してくださった方はこちらの言い分に困惑しているようでしたが、困惑したのはこちらです。 訪室して館内着を届けてくださった方は、新しい館内着について「一応見えるところは確認させていただいたんですけれども、」とのことでした。 クリーニングをして使い回しているものとはいえ直に人の肌身に触れるものですし、部屋の清掃時にその点は確認していらっしゃらないのでしょうか。今一度お部屋の清掃方法や教育体制を見直してみてはどうかと思うほどに衝撃を受けました。  アメニティ類も豊富で入館時のイメージが良かっただけに、大変残念です。今後利用する機会はないです。,,,館内の雰囲気やお部屋の広さは満足のいくものでしたが、ベッド上にたたんである館内着を着用しようと思い広げてみると、髪の毛が5.6本付着したままの状態のものが置いてありました。未洗濯のものだと思い込んで使い回したのか、洗濯時に取れなかったのかはわかりかねますが、非常に不快でした。 このことを内線電話にて伝えたところ、電話口で対応してくださった方はこちらの言い分に困惑しているようでしたが、困惑したのはこちらです。 訪室して館内着を届けてくださった方は、新しい館内着について「一応見えるところは確認させていただいたんですけれども、」とのことでした。 クリーニングをして使い回しているものとはいえ直に人の肌身に触れるものですし、部屋の清掃時にその点は確認していらっしゃらないのでしょうか。今一度お部屋の清掃方法や教育体制を見直してみてはどうかと思うほどに衝撃を受けました。  アメニティ類も豊富で入館時のイメージが良かっただけに、大変残念です。今後利用する機会はないです。,,,トレイシー,google_ChIJGcL-hHSKGGAR49LdCBFUUIY_1856bc7aa6dcaac35ab7be90ad4662ed
false,Trip.com,10,2026-03-02,非常不錯，很乾凈的酒店,,,とても素敵で清潔なホテルです。,,,J‍i‍m‍u‍n‍i‍z‍a‍i‍g‍a‍n‍m‍a‍！,trip_1863239781
false,Agoda,10,2026-03-02,"初めて利用させて頂きました。Zepp東京でのライブに便利な立地でした。部屋は清潔で浴槽は家庭用の大きさがあり、ゆっくり足が伸ばせました。駅から徒歩2,3分にあり、ホテル向かいにはイオンやLAWSONがあり、とても便利です。窓からは大きな川と東京湾やベイブリッジなどが見えました。ホテルの向かい側に羽田空港行きのリムジンバスの停留所があり、20分で空港に着きます。また機会がありましたら利用したいです。",,,"初めて利用させて頂きました。Zepp東京でのライブに便利な立地でした。部屋は清潔で浴槽は家庭用の大きさがあり、ゆっくり足が伸ばせました。駅から徒歩2,3分にあり、ホテル向かいにはイオンやLAWSONがあり、とても便利です。窓からは大きな川と東京湾やベイブリッジなどが見えました。ホテルの向かい側に羽田空港行きのリムジンバスの停留所があり、20分で空港に着きます。また機会がありましたら利用したいです。",,,和代,agoda_96271_685b27635388bfb3ffe4bd3a5c67a050
false,楽天トラベル,4,2026-03-02,・駅から直ぐで、近くにイオンやコンビニ、すき家などの飲食店もあるのでとても便利な立地です。 ・朝食は種類が多く内容は良いのですが、7時オープンだと大変混雑することと、仕事に間に合わないため、近隣のホテル同様に6時半オープンにして欲しいです。,,,・駅から直ぐで、近くにイオンやコンビニ、すき家などの飲食店もあるのでとても便利な立地です。 ・朝食は種類が多く内容は良いのですが、7時オープンだと大変混雑することと、仕事に間に合わないため、近隣のホテル同様に6時半オープンにして欲しいです。,,,不明,rakuten_51870_6d0ee865c83d6dcde299ad0e47404356
false,Trip.com,10,2026-03-02,I had fun…,,,楽しかった…,,,S‍u‍z‍u‍k‍i‍ ‍E‍l‍l‍e‍n‍ ‍E‍l‍m‍a,trip_1863434546
false,楽天トラベル,4,2026-03-02,ディズニー帰りで、翌日には羽田からの自宅へ戻るために1泊しました。ディズニーからも、羽田へもアクセスが良い場所にあります。駅からも近く、とても便利でした。部屋は広く、水回りも広くとられており、快適に過ごすことができました。今回は利用しませんでしたが、すぐ近くにイオンがありました。機会があればまた利用したいと思います。,,,ディズニー帰りで、翌日には羽田からの自宅へ戻るために1泊しました。ディズニーからも、羽田へもアクセスが良い場所にあります。駅からも近く、とても便利でした。部屋は広く、水回りも広くとられており、快適に過ごすことができました。今回は利用しませんでしたが、すぐ近くにイオンがありました。機会があればまた利用したいと思います。,,,たえちゃんママ,rakuten_51870_0b795488890ac7bee03b3fe60da71867
false,Booking.com,9,2026-03-02,,工作人員服務非常親切，地點也不錯，出飯店走一下就到地鐵，周圍也有不少東西吃，隔壁的Aeon超市開到23：00，晚回飯店還有宵夜吃，還有飯店內每層樓有飲水機真的太棒了！,廁所的水龍頭有點不太好調，且有一點點忽冷忽熱，但不影響整體舒適度,,スタッフはとても親切で、立地も最高でした。地下鉄の駅はホテルから歩いてすぐで、周辺には飲食店もたくさんありました。隣のイオンスーパーは夜11時まで営業していたので、ホテルに戻ってから夜食を買うのも便利でした。さらに、ホテルの各階にウォーターサーバーが設置されていたのも素晴らしかったです！,トイレの蛇口は調整が少し難しく、水温も若干変動したが、全体的な快適さには影響しなかった。,樹懶哥哥,bookingcom_272466_4a1b5ef0202e393cdc2fbc3b4c921406
false,Google,4,2026-03-02,,,,,,,MyU Nu,google_ChIJGcL-hHSKGGAR49LdCBFUUIY_eb9f47a29fd689234f67cc860e6e969d
false,楽天トラベル,5,2026-03-02,今回2回目の宿泊です、部屋も綺麗で朝食もおかしい。,,,今回2回目の宿泊です、部屋も綺麗で朝食もおかしい。,,,中山安兵衛,rakuten_51870_dba168452a30f614544008119b353546
false,楽天トラベル,4,2026-03-02,仕事が終わってからの出立だったので到着が夜遅くにも関わらず、笑顔で対応して頂きました。 ,,,仕事が終わってからの出立だったので到着が夜遅くにも関わらず、笑顔で対応して頂きました。 ,,,あさせ　　,rakuten_51870_3aa2088ec8c07cf62fd56f873fdedf51
false,楽天トラベル,4,2026-03-02,駅近のホテルで便利でした。建物全体的に清潔感あり、エレベーター付近に浄水器が置かれてて良かった。 残念な点は、室内にある椅子に座って作業する際 あまりにもギーギーと音が鳴っていたのだけ気になりました。,,,駅近のホテルで便利でした。建物全体的に清潔感あり、エレベーター付近に浄水器が置かれてて良かった。 残念な点は、室内にある椅子に座って作業する際 あまりにもギーギーと音が鳴っていたのだけ気になりました。,,,づづづづづ,rakuten_51870_9e9036f2358297dfaab86dffb373739f
false,じゃらん,4,2026-03-02,近くにコンビニとご飯屋さんもあるのでアクセスが良かった  アメニティも豊富でとても過ごしやすかった,,,近くにコンビニとご飯屋さんもあるのでアクセスが良かった  アメニティも豊富でとても過ごしやすかった,,,はるきさん,jalan_362580_1480611b406c95e30b068f6f8363fc19
false,じゃらん,3,2026-03-02,繁華街ではないので周辺は落ち着いています。駅を挟んだ向こう側にはローソン、ファミマがあり、遅くまで開いているイオンもあって買い物には困りません。  館内、室内ともに静かに過ごせます。他の客室からの生活音もほとんど気になりません。  部屋はツインでしたがベッドで埋まっています。バスルームは普通でイレ周り、洗面台周りのスペースの余裕はあります。  朝食の品数は揃っており十分です。味は普通でしょうか。,,,繁華街ではないので周辺は落ち着いています。駅を挟んだ向こう側にはローソン、ファミマがあり、遅くまで開いているイオンもあって買い物には困りません。  館内、室内ともに静かに過ごせます。他の客室からの生活音もほとんど気になりません。  部屋はツインでしたがベッドで埋まっています。バスルームは普通でイレ周り、洗面台周りのスペースの余裕はあります。  朝食の品数は揃っており十分です。味は普通でしょうか。,,,いちのはるさん,jalan_362580_fa4ffeea824f770c38d57e8600994867
false,楽天トラベル,4,2026-03-01,渋谷のイベント参加で利用させて頂きました 電車も分かりやすく乗り換えしないで来れました お部屋も広くてとても快適でした ,,,渋谷のイベント参加で利用させて頂きました 電車も分かりやすく乗り換えしないで来れました お部屋も広くてとても快適でした ,,,たかまき1351,rakuten_51870_fb8bc1541412ccbd91741bea2d086483
false,Google,5,2026-03-01,,,,,,,阿部隆,google_ChIJGcL-hHSKGGAR49LdCBFUUIY_0d47fa48b3553341995fd34295520b7f
false,Google,5,2026-03-01,品川シーサイド駅に近く、リーズナブルでしたので利用しました。 フロントの方も親切で湾岸線側の客室で景色も楽しめました。 都心各所へはアクセスしやすいですが、羽田までは乗り換えが数箇所必要です。,,,品川シーサイド駅に近く、リーズナブルでしたので利用しました。 フロントの方も親切で湾岸線側の客室で景色も楽しめました。 都心各所へはアクセスしやすいですが、羽田までは乗り換えが数箇所必要です。,,,iCioneLee 2361,google_ChIJGcL-hHSKGGAR49LdCBFUUIY_a8adf26dd5e11907eb6fb0756afda8db
false,Google,4,2026-03-01,ドームでライブがあったので2泊3日で利用しました。駅前で利用は良かったです。 又、3人での利用だった事もあり、1番角部屋でした。ただ、チェックインした後、部屋に入る時に掃除道具入れ？のドアが開けっぱなしだったのはちょっとマイナスです。 チェックインする時間帯は何もなかったようにしておいて欲しいです。 部屋はAEON側だったので残念でした。 浴室のシャワーはカーテンが不十分な(横幅)為、外に出ます。(気をつけてください),,,ドームでライブがあったので2泊3日で利用しました。駅前で利用は良かったです。 又、3人での利用だった事もあり、1番角部屋でした。ただ、チェックインした後、部屋に入る時に掃除道具入れ？のドアが開けっぱなしだったのはちょっとマイナスです。 チェックインする時間帯は何もなかったようにしておいて欲しいです。 部屋はAEON側だったので残念でした。 浴室のシャワーはカーテンが不十分な(横幅)為、外に出ます。(気をつけてください),,,ママY,google_ChIJGcL-hHSKGGAR49LdCBFUUIY_a46fd87a4074c41b0225460ead0c8896
false,Google,5,2026-03-01,客室も広くて綺麗だった。  大崎乗り換え便利です。  朝食バイキングもとっても美味しかった。駅のすぐ前。,,,客室も広くて綺麗だった。  大崎乗り換え便利です。  朝食バイキングもとっても美味しかった。駅のすぐ前。,,,matsumoto minka,google_ChIJGcL-hHSKGGAR49LdCBFUUIY_89f287a2aa6bb2eeb9cc699fde6e357f
false,Booking.com,8,2026-03-01,,"La ubicación es perfecta para estar al final de tu viaje cerca del aeropuerto (o al inicio), y buenas comunicaciones en metro con la zona de Shibuya/Shinjuku. Tienen check out a las 12:00, el unico que nos hemos encontrado que no sea a las 10:00. Las habitaciones son grandes para la media de Tokio.",La ubicación para ver otras zonas tipo Asakusa quizás está muy alejada.,,立地は、旅行の終わり（または始まり）に空港に近いという点で最適で、渋谷や新宿エリアへの地下鉄のアクセスも良好です。チェックアウトは午後12時で、午前10時ではないホテルはここだけです。部屋は東京の平均的な広さです。,浅草などの他のエリアを眺めるには、場所が遠すぎるかもしれない。,Marcoaceituno,bookingcom_272466_2e352cd5e1233b1950ab3ec5c36bd58c
false,Agoda,8,2026-03-01,ビジネスでよく利用させてもらっていますが、早めに予約できればかなりリーズナブルに止まれて良いお宿です。,,,ビジネスでよく利用させてもらっていますが、早めに予約できればかなりリーズナブルに止まれて良いお宿です。,,,TAKAYUKI,agoda_96271_cb24010f7c20d19312a0a025e7f7405a
false,Agoda,9,2026-03-01,翌日早朝の品川発新幹線で出張のため前泊しました。以前には羽田空港早朝便での出張のため前泊しました。その観点でロケーションGoodでリーズナブルです。,,,翌日早朝の品川発新幹線で出張のため前泊しました。以前には羽田空港早朝便での出張のため前泊しました。その観点でロケーションGoodでリーズナブルです。,,,Hiroshi,agoda_96271_fcb5fdcc4020339a033ca288934b6169
false,Google,5,2026-03-01,,,,,,,Smile,google_ChIJGcL-hHSKGGAR49LdCBFUUIY_415ea4d00a24cfb21eb36d1db655b777
false,じゃらん,4,2026-03-01,母親と久々にお出かけ、横浜と浦安で用事があったので、立地的に都合が良く選びました、駅からも近くて便利でした。  広めのツインを予約していましたが、更に広い部屋が空いていたらしく、グレードアップしていただきました。  お部屋からは都心やお台場が見えて眺望も少しありました。  エレベーターホールに給水器があり、とても助かりました、嬉しいです。  朝食も程よく種類があり満足でした。  フロントのスタッフの対応も感じ良くスムーズでした、また機会があれば利用したと思います。,,,母親と久々にお出かけ、横浜と浦安で用事があったので、立地的に都合が良く選びました、駅からも近くて便利でした。  広めのツインを予約していましたが、更に広い部屋が空いていたらしく、グレードアップしていただきました。  お部屋からは都心やお台場が見えて眺望も少しありました。  エレベーターホールに給水器があり、とても助かりました、嬉しいです。  朝食も程よく種類があり満足でした。  フロントのスタッフの対応も感じ良くスムーズでした、また機会があれば利用したと思います。,,,ベッピーさん,jalan_362580_7ebb6a9256beeeeb193d53e37463826c
false,Booking.com,10,2026-04-30,,,,,,,Ming,bookingcom_272466_35e396b4ceb20706002c873b5da3466f
false,Booking.com,8,2026-04-30,,,,,,,John,bookingcom_272466_61409aa1fd47d4a5332de23cbf59a36f
false,Agoda,9,2026-04-30,りんかい線東品川駅の出口からすぐで荷物を持っている状況にはとても便利でした。 東京ビッグサイトでのイベントには混雑なしで行け、助かりました。 フロントの方もとても親切でした。,,,りんかい線東品川駅の出口からすぐで荷物を持っている状況にはとても便利でした。 東京ビッグサイトでのイベントには混雑なしで行け、助かりました。 フロントの方もとても親切でした。,,,Kumiko,agoda_96271_6d4124e3cff2346a79321b277325734c
false,Agoda,6,2026-04-30,今回の自分の旅行目的に合ったホテルでした,,,今回の自分の旅行目的に合ったホテルでした,,,MIZUE,agoda_96271_0ee417a96e02d0ae073f7468a97aac90
false,Trip.com,8,2026-04-30,Enjoy my trip in this hotel very much!,,,このホテルでの滞在をとても満喫しました！,,,ゲ‍ス‍ト,trip_1929499740
false,楽天トラベル,4,2026-04-30,帰省のため、初めて利用しました！ 1人部屋でしたがユニットバスの幅やベッドがとても広く 毎日清潔にお部屋を整えてくださったり、フロントの方も丁寧にご対応くださったりとても快適だったのですが、 唯一お部屋の乾燥がひどかったのが気になりました。 借りられるのも知らずに、あとからフロントへ申告してチェックアウト前日に加湿器をお借りしましたが、全室に最初から加湿器や空気清浄機などの設備があると、なお良いと思いました！,,,帰省のため、初めて利用しました！ 1人部屋でしたがユニットバスの幅やベッドがとても広く 毎日清潔にお部屋を整えてくださったり、フロントの方も丁寧にご対応くださったりとても快適だったのですが、 唯一お部屋の乾燥がひどかったのが気になりました。 借りられるのも知らずに、あとからフロントへ申告してチェックアウト前日に加湿器をお借りしましたが、全室に最初から加湿器や空気清浄機などの設備があると、なお良いと思いました！,,,tommy7,rakuten_51870_c5c1b47f660801a727d095146e70c342
false,楽天トラベル,4,2026-04-30,本文なし,,,本文なし,,,バンビチャオ,rakuten_51870_f6b2d58a93de84ae1c3fb09eef74c4b9
false,Agoda,8,2026-04-30,駅が近く、周辺にイオン、コンビニと揃ってて便利です。,,,駅が近く、周辺にイオン、コンビニと揃ってて便利です。,,,YUKIMI,agoda_96271_8bd60150193ad6ee0eb2b26a84b1cb2c
false,楽天トラベル,5,2026-04-30,夜遅くに到着し、翌朝も早い出発という短時間の滞在でしたが、駅やコンビニが近く立地が良かったため、不便なく過ごせました。,,,夜遅くに到着し、翌朝も早い出発という短時間の滞在でしたが、駅やコンビニが近く立地が良かったため、不便なく過ごせました。,,,h-mimi,rakuten_51870_b343833270013c71bbbd56290c30a068
false,Google,5,2026-04-30,,,,,,,増田哲也,google_ChIJGcL-hHSKGGAR49LdCBFUUIY_9210ecf7a733256e8f9eb8133ca17108
false,Google,5,2026-04-30,東京・大阪 桜花妹デリバリーサービス 🌸 疲れた1日、ふわふわ甘い桜花妹が癒してくれるのをお探しですか？ 厳選された可愛い日系美人、在庫あり。態度は優しく、サービスは繊細～ 東京でも大阪でも、エリア全体に迅速に到着し、あなただけの優しい時間をお楽しみください💕 🛎 いつでも予約可能 | ホテル・民宿・自宅デリバリー対応 📍 東京 | 大阪 連絡先： Telegram：@YL8861 Gleezy：jk608 LINE:yl608,,,東京・大阪 桜花妹デリバリーサービス 🌸 疲れた1日、ふわふわ甘い桜花妹が癒してくれるのをお探しですか？ 厳選された可愛い日系美人、在庫あり。態度は優しく、サービスは繊細～ 東京でも大阪でも、エリア全体に迅速に到着し、あなただけの優しい時間をお楽しみください💕 🛎 いつでも予約可能 | ホテル・民宿・自宅デリバリー対応 📍 東京 | 大阪 連絡先： Telegram：@YL8861 Gleezy：jk608 LINE:yl608,,,謝糖一23,google_ChIJGcL-hHSKGGAR49LdCBFUUIY_b3f643226da18e1aab5015ed1ecab50e
false,じゃらん,4,2026-04-30,有明でコンサートの為利用させて頂きました  クーポンを使ったのでかなりお得に宿泊できました  作りは古いですがそこそこ広さもあって良かったです  お風呂の水温調整は少し難しいですが広さ、清潔さは充分だと思います  朝食はもう少し種類が欲しい所です  有明には交通の便が良いのでまた利用させて頂きたいです,,,有明でコンサートの為利用させて頂きました  クーポンを使ったのでかなりお得に宿泊できました  作りは古いですがそこそこ広さもあって良かったです  お風呂の水温調整は少し難しいですが広さ、清潔さは充分だと思います  朝食はもう少し種類が欲しい所です  有明には交通の便が良いのでまた利用させて頂きたいです,,,つよぽんさん,jalan_362580_537873931b63c72beed1ed91294c8446
false,Agoda,8,2026-04-29,飛行機が早いので予約しました 羽田空港までのバス停も近いし、 次回の旅行も利用しようと思います,,,飛行機が早いので予約しました 羽田空港までのバス停も近いし、 次回の旅行も利用しようと思います,,,HONDA,agoda_96271_f2819e5abcfc0cb023fbf4b529ee0445
false,Trip.com,3,2026-04-29,部屋は清潔感ありベットもゆったりしていて良かったです。 ロビー等は少し古く感じました。 また、チェックアウトの際に雨風強く傘もなく立地的にも残念でした。 駅までほんの少しの距離でしたので傘のレンタルなどのサービスがあっても良いのでは？と思いました。,,,部屋は清潔感ありベットもゆったりしていて良かったです。 ロビー等は少し古く感じました。 また、チェックアウトの際に雨風強く傘もなく立地的にも残念でした。 駅までほんの少しの距離でしたので傘のレンタルなどのサービスがあっても良いのでは？と思いました。,,,ゲ‍ス‍ト,trip_1928418714
false,Trip.com,9,2026-04-29,整體環境很棒，每層樓都有飲水機，一樓有洗衣機和烘乾機,,,全体的な環境は素晴らしいです。各階に給水器があり、1階には洗濯機と乾燥機があります。,,,ゲ‍ス‍ト,trip_1928975128
false,Google,1,2026-04-29,スタッフの愛想が全くない。 チェックアウトする際、カードキーをフロント近くのボックスに入れてそのまま帰れるのだが、フロントに数人いるスタッフが誰1人ありがとうの挨拶すらなくビビった。 チェックインの時も無表情の女性。 ２度と利用することはない。,,,スタッフの愛想が全くない。 チェックアウトする際、カードキーをフロント近くのボックスに入れてそのまま帰れるのだが、フロントに数人いるスタッフが誰1人ありがとうの挨拶すらなくビビった。 チェックインの時も無表情の女性。 ２度と利用することはない。,,,ぱんだ,google_ChIJGcL-hHSKGGAR49LdCBFUUIY_9baa1e6154315443ba5764eaa835180f
false,じゃらん,4,2026-04-29,品川シーサイド駅から道路を渡って直ぐの立地でイオンも近くて便利でした。青物横丁駅からも10分かからない位の距離でした。給水機が部屋から近くの廊下にあったのは良かったです。部屋と水廻りは清潔でベッドは寝心地が良かったです。フロントのスタッフは丁寧でしたが、笑顔が見られるともっと良い印象になると思いました。,,,品川シーサイド駅から道路を渡って直ぐの立地でイオンも近くて便利でした。青物横丁駅からも10分かからない位の距離でした。給水機が部屋から近くの廊下にあったのは良かったです。部屋と水廻りは清潔でベッドは寝心地が良かったです。フロントのスタッフは丁寧でしたが、笑顔が見られるともっと良い印象になると思いました。,,,きょうさん,jalan_362580_49140457529dc159db9c2210d3f86dd5
false,じゃらん,5,2026-04-29,お部屋はグレードアップしていただきました。門部屋で開放感があり、景色を楽しむ事もできました、特に夜景が本当に綺麗でした。すぐそばに、イオンがありとても便利でしたよ。,,,お部屋はグレードアップしていただきました。門部屋で開放感があり、景色を楽しむ事もできました、特に夜景が本当に綺麗でした。すぐそばに、イオンがありとても便利でしたよ。,,,みきさん,jalan_362580_69c5d0c0b36340222f15430ff7152c45
false,じゃらん,4,2026-04-29,もう、都内に泊まるならここ、と言う感じで、春と秋、年2回、数年をわたり利用させて頂いてます、とにかく駅、大型スーパー、コンビニも近く、便利！又、次回も都内泊なら、利用させて頂きます。,,,もう、都内に泊まるならここ、と言う感じで、春と秋、年2回、数年をわたり利用させて頂いてます、とにかく駅、大型スーパー、コンビニも近く、便利！又、次回も都内泊なら、利用させて頂きます。,,,エーテンさん,jalan_362580_9e8aee09c45f048ad7736002eb8c797c
false,じゃらん,4,2026-04-28,前日までにホテルに連絡し、部屋の状況でアーリーチェックイン可能とのことでしたので13時にチェックインしました！  羽田空港からリムジンバスで一本で品川シーサイド駅まで行けて、駅から道路挟んで目の前でアクセス良好でした。  門限などもなく、帰りが遅くなっても大丈夫でした。  近くにコンビニもあるし、ホテル前にはLOOPもあったりと、なにかと便利でコスパもよかったです。  部屋は寝るだけなら充分でした。  また利用したいと思います。,,,前日までにホテルに連絡し、部屋の状況でアーリーチェックイン可能とのことでしたので13時にチェックインしました！  羽田空港からリムジンバスで一本で品川シーサイド駅まで行けて、駅から道路挟んで目の前でアクセス良好でした。  門限などもなく、帰りが遅くなっても大丈夫でした。  近くにコンビニもあるし、ホテル前にはLOOPもあったりと、なにかと便利でコスパもよかったです。  部屋は寝るだけなら充分でした。  また利用したいと思います。,,,mさん,jalan_362580_eea0478e31f948fd5384454b07e875c2
false,楽天トラベル,4,2026-04-28,最寄り駅出口の目の前で、迷わず行けて移動もスムーズでした。アメニティや設備も十分でよかったです。,,,最寄り駅出口の目の前で、迷わず行けて移動もスムーズでした。アメニティや設備も十分でよかったです。,,,あんぱんあ,rakuten_51870_07acdf9a9adf5f68252586884e31adfb
false,Trip.com,8,2026-04-28,Ausstattung war gut. Konnte meine Wäsche waschen die Lage war top top top,,,設備は良かった。洗濯もできたし、立地も最高だった。,,,ゲ‍ス‍ト,trip_1927382798
false,楽天トラベル,2,2026-04-28,・ベッドに腰掛けているとマットレスがずれてきて危ない状態になる,,,・ベッドに腰掛けているとマットレスがずれてきて危ない状態になる,,,SK5061,rakuten_51870_edf065cddf09fbae20b4bdfeb2047310
false,Booking.com,7,2026-04-28,,วิวมองออกไปด้านนอกสวยอยู่ค่ะ  ห้องน้ำกว้างดีมากค่ะ  เตียงก็นอนสบายอยู่  มีไมโครเวฟด้านล่างให้อุ่นอาหาร  มีตู้กดน้ำเปล่าฟรีด้วย (แต่ไม่มีน้ำให้ในห้อง),เข้าไปในห้องตอนแรกรู้สึกว่ามีกลิ่นเหม็น เหมือนกลิ่นฉี่  อับๆ  อยู่ในห้องตลอดเวลา   ไม่แน่ใจว่ามาจากแอร์รึเปล่า   วันที่ 2 ก็ยังได้กลิ่นอยู่ แต่น้อยกว่าวันแรก    ตู้เย็นเล็กมาก,,窓からの眺めは素晴らしいです。バスルームはとても広々としています。ベッドは快適です。ベッドの下には食品を温めるための電子レンジがあり、無料のウォーターディスペンサーもあります（ただし、部屋には水は用意されていません）。,部屋に入った瞬間、尿のような、カビ臭いような不快な臭いがずっと漂っていた。エアコンから出ているのかどうかわからなかった。2日目もまだ臭いは残っていたが、初日よりは弱かった。冷蔵庫はとても小さかった。,Bow,bookingcom_272466_769d8754c374d4de413b5449c99990f6
false,Trip.com,10,2026-04-28,雙床房2晚，房間清潔舒適，睡床舒服，洗手間乾淨👍  房間有牙膏牙刷及即棄拖鞋供應，另外地面大堂有其它用品供應👍  酒店距離地鐵站算近，站內A出口乘扶手電梯可到達👍  酒店職員服務態度良好，可寄存行李👍  酒店附近有Aeon Mall，shopping行街一流👍  去東京推薦的酒店👍,,,ツインルームに2泊しました。部屋は清潔で快適、ベッドも寝心地も良く、バスルームも清潔でした。👍 部屋には歯磨き粉、歯ブラシ、使い捨てスリッパが用意されており、その他のアメニティはロビーにありました。👍 ホテルは地下鉄駅から比較的近く、A出口からエスカレーターでアクセスできます。👍 ホテルスタッフは親切で協力的で、荷物預かりサービスも利用できました。👍 イオンモールが近くにあるので、ショッピングや散策に最適です。👍 東京観光におすすめのホテルです。👍,,,L‍A‍M‍i‍r‍i‍s,trip_1928056778
false,じゃらん,5,2026-04-28,定期的にリフレッシュ含め利用させていただいてます。  フロントの対応から部屋の清潔感、そして翌日のゆったりできるチェックアウト時間やカード返却だけでいいスマートな方法、安心して宿泊できます。,,,定期的にリフレッシュ含め利用させていただいてます。  フロントの対応から部屋の清潔感、そして翌日のゆったりできるチェックアウト時間やカード返却だけでいいスマートな方法、安心して宿泊できます。,,,たかやんさん,jalan_362580_95753a194caf95fb8bce4fe9acdeaf2e
false,Trip.com,8,2026-04-27,"The hotel offers luggage storage for all guests, which is very convenient if you arrive early or leave late.",,,このホテルでは、すべてのお客様に荷物預かりサービスを提供しており、早めに到着したり、遅く出発したりする場合に大変便利です。,,,ゲ‍ス‍ト,trip_1925510224
false,楽天トラベル,4,2026-04-27,ライブ終わりに利用させていただきました。会場や最寄り駅からも近くライブが終わってから近くにイオンがあり助かりました。機会があればまた利用したいと思いました。,,,ライブ終わりに利用させていただきました。会場や最寄り駅からも近くライブが終わってから近くにイオンがあり助かりました。機会があればまた利用したいと思いました。,,,やまかゆ4008,rakuten_51870_1986285074444fee74a2283124de5684
false,Agoda,8,2026-04-27,地下から上がったら目の前のなので、めちゃくちゃオススメしたいのですが、ライブが終わってホテルについたら22時…食事をする所がなく、コンビニも少し歩かなければないので、ソコだけが残念です,,,地下から上がったら目の前のなので、めちゃくちゃオススメしたいのですが、ライブが終わってホテルについたら22時…食事をする所がなく、コンビニも少し歩かなければないので、ソコだけが残念です,,,C,agoda_96271_048ed2bfa43838ced10577a65d862992
false,楽天トラベル,4,2026-04-27,渋谷の病院へお見舞いに行くために３人で一泊しました 地理的に駅に近いし　大型ショッピングモールがあり便利です お風呂とトイレが別ならもっと良かったのですが　それ以外は満足です また利用させていただきたいホテルです,,,渋谷の病院へお見舞いに行くために３人で一泊しました 地理的に駅に近いし　大型ショッピングモールがあり便利です お風呂とトイレが別ならもっと良かったのですが　それ以外は満足です また利用させていただきたいホテルです,,,とこちゃん1229,rakuten_51870_296f68ea5600ed9f3ffb285a7be10e8e
false,楽天トラベル,5,2026-04-27,スタッフの方々がいつも笑顔でとても気持ちよく過ごせました。廊下や他の部屋からの音や外の音もそれほど気にならず静かでした。部屋の中も水回りもきれいに清掃されていて気持ちよかったです。エレベーター近くですが、冷水と常温の水のサーバーがあって便利でした。朝食会場のスタッフの方の気配りがとてもよくて、バイキングの料理が少なくなると即座に補充をしてくださったり、取りづらそうにしていたら声をかけてくださいました。ありがとうございました。ぜひまた利用したいです。,,,スタッフの方々がいつも笑顔でとても気持ちよく過ごせました。廊下や他の部屋からの音や外の音もそれほど気にならず静かでした。部屋の中も水回りもきれいに清掃されていて気持ちよかったです。エレベーター近くですが、冷水と常温の水のサーバーがあって便利でした。朝食会場のスタッフの方の気配りがとてもよくて、バイキングの料理が少なくなると即座に補充をしてくださったり、取りづらそうにしていたら声をかけてくださいました。ありがとうございました。ぜひまた利用したいです。,,,wakanawkn,rakuten_51870_e533d33ee6949b3202b2785269deae75
false,Trip.com,10,2026-04-27,会員枠でかなり割引が入り、お得に宿泊できました！！,,,会員枠でかなり割引が入り、お得に宿泊できました！！,,,d‍o‍n‍i‍c‍o,trip_1926052284
false,じゃらん,4,2026-04-27,初めて品川シーサイドエリアに泊まりました。羽田空港からバスで行きましたが、バスを降りてすぐにロワジールホテルはありましたが、ハートンホテルは見当たりません。辺りを勘で歩きましたが、スマホの目的地から離れて行きます。今一度、位置関係をよく確認してようやくたどり着くことができました。,,,初めて品川シーサイドエリアに泊まりました。羽田空港からバスで行きましたが、バスを降りてすぐにロワジールホテルはありましたが、ハートンホテルは見当たりません。辺りを勘で歩きましたが、スマホの目的地から離れて行きます。今一度、位置関係をよく確認してようやくたどり着くことができました。,,,ザックさん,jalan_362580_f80cdcf82be95e79aab109adce1cb703
false,じゃらん,5,2026-04-27,接客も丁寧ですごくいい印象がしました。フロントに3〜4人いたのでチェックインもスムーズで待たずに出来ました。  また部屋も広くて過ごしやすく、清潔感がありとても良かったです。,,,接客も丁寧ですごくいい印象がしました。フロントに3〜4人いたのでチェックインもスムーズで待たずに出来ました。  また部屋も広くて過ごしやすく、清潔感がありとても良かったです。,,,いけさん,jalan_362580_446806b9e509a9602c3d3f89b99d0fbf
false,Booking.com,7,2026-04-26,,,,,,,石田,bookingcom_272466_70f67d591f25e92849c5bc811c6b4cf9
false,Booking.com,10,2026-04-26,,Great hotel for our one night stay close to the airport. Room was clean. Good amenities and good toilet. Staff spoke English.,,,空港近くで一泊するには最高のホテルでした。部屋は清潔で、アメニティも充実しており、トイレも快適でした。スタッフは英語を話せました。,,Ahtsham,bookingcom_272466_9024e761d47d8e881c00449dc517cc31
false,楽天トラベル,4,2026-04-26,エコノミーツインルームはちょっと狭くて大きめのスーツケースを開け閉めに苦労しました。 必要最低限の設備が整っているので、部屋の狭さ以外は不自由はありません。 ロケーションは最高です。 イオンモールが目の前なので、買い出しや、ご飯を食べに行くのに大変便利です。さらに羽田空港のシャトルバス乗り場もホテルの斜め前なので、ギリギリまで部屋でリラックスしてバス停に向かうことができます。 12時チェックアウトもとてもありがたかったです。,,,エコノミーツインルームはちょっと狭くて大きめのスーツケースを開け閉めに苦労しました。 必要最低限の設備が整っているので、部屋の狭さ以外は不自由はありません。 ロケーションは最高です。 イオンモールが目の前なので、買い出しや、ご飯を食べに行くのに大変便利です。さらに羽田空港のシャトルバス乗り場もホテルの斜め前なので、ギリギリまで部屋でリラックスしてバス停に向かうことができます。 12時チェックアウトもとてもありがたかったです。,,,KikkoShinagawa,rakuten_51870_fb2aed9d3982cc48cfd9ffb81f37dc12
false,Agoda,4,2026-04-26,今どき、シャワーの水栓無しでサーモスタッドも付いてないとか、ビックリしました。 換気扇も機能してるのか分からないし、スイッチもないし。 アメニティも最低限って感じ？ で、この値段は高いんじゃないでしょうか？,,,今どき、シャワーの水栓無しでサーモスタッドも付いてないとか、ビックリしました。 換気扇も機能してるのか分からないし、スイッチもないし。 アメニティも最低限って感じ？ で、この値段は高いんじゃないでしょうか？,,,わかつ,agoda_96271_875c96d8133b07f7f18ebb1c8449eb54
false,楽天トラベル,4,2026-04-26,荷物お預かりもロビーでは無く裏で預かって頂き安心感がありました。お部屋もセミダブルベッド1台で2人寝るのが大丈夫かなぁ〜と思ったのですが、十分すぎるほどの広さがありました。お部屋も広く、キャリーケースをベッドの上ではなく下で2つ開けるほど余裕がありました。 プランも12時チェックアウトのプランだったので焦ることもなくゆっくり準備をして出発出来ました。品川シーサイド駅からも近く、また泊まりたいホテルです,,,荷物お預かりもロビーでは無く裏で預かって頂き安心感がありました。お部屋もセミダブルベッド1台で2人寝るのが大丈夫かなぁ〜と思ったのですが、十分すぎるほどの広さがありました。お部屋も広く、キャリーケースをベッドの上ではなく下で2つ開けるほど余裕がありました。 プランも12時チェックアウトのプランだったので焦ることもなくゆっくり準備をして出発出来ました。品川シーサイド駅からも近く、また泊まりたいホテルです,,,ㅌㅁㅁㅇㅌ,rakuten_51870_94488641456ab445cd082fa738a828d3
false,楽天トラベル,5,2026-04-26,駅前で便利です。部屋は広くはないが清潔にキレイに整えられてます。すぐそばにイオンもありました。,,,駅前で便利です。部屋は広くはないが清潔にキレイに整えられてます。すぐそばにイオンもありました。,,,令和のヒロ,rakuten_51870_ee7d1b03983754d4daf23ed444a9db2e
false,楽天トラベル,4,2026-04-26,近くにイオンがあり便利でした,,,近くにイオンがあり便利でした,,,kakaka21,rakuten_51870_072d396736904e06d2a38615ba5538c1
false,Google,5,2026-04-26,駅近くにあるので、とても便利です。お部屋も綺麗で快適でした。,,,駅近くにあるので、とても便利です。お部屋も綺麗で快適でした。,,,征子柳沼,google_ChIJGcL-hHSKGGAR49LdCBFUUIY_d6abc32582f88e41f2119308d4f1a055
false,Trip.com,10,2026-04-26,Very good hotel,,,とても良いホテルです,,,A‍d‍a‍m‍ ‍m‍a‍u‍l‍a‍n‍a‍ ‍m‍a‍l‍i‍k,trip_1925051600
false,楽天トラベル,5,2026-04-26,夜遅くのチェックインでしたが、駅から近くて便利でした。12時チェックアウトもゆっくりできてよかったです。部屋もとくに問題ありませんでした。事前決済でしたが宿泊税の追加徴収があり、少し面倒でした。,,,夜遅くのチェックインでしたが、駅から近くて便利でした。12時チェックアウトもゆっくりできてよかったです。部屋もとくに問題ありませんでした。事前決済でしたが宿泊税の追加徴収があり、少し面倒でした。,,,みむらさん,rakuten_51870_f47d4be7dee290323c424dbfc7eff293
false,じゃらん,4,2026-04-26,ゆったりサイズのベッドが良いのと、デスクサイズが大きく、仕事をする際も広く使えるのが良い。朝食のバイキングは和洋食から種類も比較的多いが、フルーツが多くなると更に満足度が高いと感じた。,,,ゆったりサイズのベッドが良いのと、デスクサイズが大きく、仕事をする際も広く使えるのが良い。朝食のバイキングは和洋食から種類も比較的多いが、フルーツが多くなると更に満足度が高いと感じた。,,,hiroさん,jalan_362580_ccfdbf8139f041347818ec55e9151a4d
false,じゃらん,5,2026-04-26,大浴場こそないものの部屋風呂が広くて満足でした。立地も近くにイオンがあり品川シーサイド駅の目の前なので便利です,,,大浴場こそないものの部屋風呂が広くて満足でした。立地も近くにイオンがあり品川シーサイド駅の目の前なので便利です,,,ナツカナさん,jalan_362580_3f0777da426cf4f7bad6ed92d37dc49c
false,じゃらん,4,2026-04-26,品川シーサイド駅からすぐの立地。まわりは観光地がないのでなかなか降りない駅ではある。イオンが目の前も入口が遠くと意外と不便。外国人客が非常に多いのがマイナス。フロントは人数多めで◯。電子レンジが一階にあるが設置場所が人目につきすぎて再考すべき。綺麗でチェックアウトも楽で、エレベーター3基あり、よいホテル。,,,品川シーサイド駅からすぐの立地。まわりは観光地がないのでなかなか降りない駅ではある。イオンが目の前も入口が遠くと意外と不便。外国人客が非常に多いのがマイナス。フロントは人数多めで◯。電子レンジが一階にあるが設置場所が人目につきすぎて再考すべき。綺麗でチェックアウトも楽で、エレベーター3基あり、よいホテル。,,,ひめさん,jalan_362580_f87210df660b2d3269e8fc8980872d58
false,Google,4,2026-04-25,,,,,,,Dice Noda,google_ChIJGcL-hHSKGGAR49LdCBFUUIY_0c2194f6a10a7719f3be38912c58c106
false,楽天トラベル,4,2026-04-25,駅近で便利です。しかもすぐそばに大きなイオンもあります。お部屋はきれいで快適です。唯一難点を挙げるなら、湯温調整の難しさです。,,,駅近で便利です。しかもすぐそばに大きなイオンもあります。お部屋はきれいで快適です。唯一難点を挙げるなら、湯温調整の難しさです。,,,楽天アマゾンズ,rakuten_51870_a25d11c0440fa95bc3858402ad0f7554
false,Trip.com,10,2026-04-25,Good place to stay! Quite spacious for a solo traveller! Train station is literally across the street.,,,滞在に最適な場所です！一人旅には十分な広さです！駅は文字通り通りの向かい側にあります。,,,A‍i‍m‍a‍n‍ ‍D‍a‍a‍i,trip_1922966564
false,楽天トラベル,4,2026-04-25,エアコンがかび臭くて使えるものではなかった。消しても問題ない気温なので良かったが、夏だったら無理だった。,,,エアコンがかび臭くて使えるものではなかった。消しても問題ない気温なので良かったが、夏だったら無理だった。,,,ゆっぴぃ2568,rakuten_51870_388e9267ee6e7921cb8669215c5eb92c
false,Trip.com,8,2026-04-25,滿意 設施：滿意 衞生：滿意 環境：滿意 服務：滿意,,,良好。設備：良好。衛生状態：良好。環境：良好。サービス：良好。,,,ゲ‍ス‍ト,trip_1923343211
false,Booking.com,10,2026-04-25,,Very clean and convenient location to trains and shopping. Quiet and welcoming.,N/a,,とても清潔で、電車やショッピングにも便利な立地です。静かで居心地の良い場所です。,該当なし,Glick,bookingcom_272466_1599b1493e79aa61eb28b448722f618e
false,Booking.com,8,2026-04-25,,"Located in a very good spot, opposite the train station which makes it extremely convenient when you travel to the next place. Good price with buffet breakfast.",,,駅の向かいという絶好のロケーションにあり、次の目的地へ移動する際に非常に便利です。ビュッフェ式朝食付きで料金もお手頃です。,,Chada,bookingcom_272466_335a34e8a9dd5dc5ef2640d39a2c8b06
false,Booking.com,9,2026-04-25,,,,,,,Mafalda,bookingcom_272466_f365ca8a6041e5810760ef88991f5429
false,Trip.com,10,2026-04-24,"Good location, surrounding with convenience store, supermarket and restaurants. Easy to get in city like Shibuya and Shinjuku.",,,立地が良く、周辺にはコンビニエンスストア、スーパーマーケット、レストランなどが揃っています。渋谷や新宿といった都心部へのアクセスも便利です。,,,ゲ‍ス‍ト,trip_1922297288
false,Booking.com,10,2026-04-24,,,,,,,Shinichiro,bookingcom_272466_47e26d38eaa9f3332e39f817492549a1
false,楽天トラベル,5,2026-04-24,駅にもバスターミナルにも近くて便利です。食事するところがないので、食べてからホテルに行く方がよいかも。,,,駅にもバスターミナルにも近くて便利です。食事するところがないので、食べてからホテルに行く方がよいかも。,,,さゆこわた,rakuten_51870_cd543bf4efb25219102edc8ef841a919
false,Google,4,2026-04-24,ここは喫煙室のある格安ホテルです。,,,ここは喫煙室のある格安ホテルです。,,,Asayake E&R,google_ChIJGcL-hHSKGGAR49LdCBFUUIY_49707c96fe9055afa13106bc29c8c076
false,Google,5,2026-04-24,青牙閣 | 東京＆大阪 出張アレンジメントサービス  Telegram: @meiyou06 LINE公式アカウント: @951iboll Gleezy: meiyou008 出張や旅行で日本へお越しですか？  静かでリラックスできる夜をお過ごしになりたいですか？😊 青牙閣は、お客様の体験を最優先に考えた、オーダーメイドのアレンジメントをご提供いたします。  ✔️ 予約金不要  ✔️ 電話予約不要（完全オンライン対応）  ✔️ プロのマネージャーによるマンツーマンサポート  ✔️ お客様のニーズに合わせたカスタマイズ提案  ✔️ プライバシー保護、ご来店不要  ✔️ 現地での現金払い  迷うことなくお選びいただけます。  お客様のニーズに合わせて最適なアレンジメントをご提案いたします。ご興味をお持ちいただけましたら、「青牙閣」で検索してみてください。,,,青牙閣 | 東京＆大阪 出張アレンジメントサービス  Telegram: @meiyou06 LINE公式アカウント: @951iboll Gleezy: meiyou008 出張や旅行で日本へお越しですか？  静かでリラックスできる夜をお過ごしになりたいですか？😊 青牙閣は、お客様の体験を最優先に考えた、オーダーメイドのアレンジメントをご提供いたします。  ✔️ 予約金不要  ✔️ 電話予約不要（完全オンライン対応）  ✔️ プロのマネージャーによるマンツーマンサポート  ✔️ お客様のニーズに合わせたカスタマイズ提案  ✔️ プライバシー保護、ご来店不要  ✔️ 現地での現金払い  迷うことなくお選びいただけます。  お客様のニーズに合わせて最適なアレンジメントをご提案いたします。ご興味をお持ちいただけましたら、「青牙閣」で検索してみてください。,,,Rosy Khan,google_ChIJGcL-hHSKGGAR49LdCBFUUIY_68c7eece5c463682e7ad6318b0db250f
false,Google,4,2026-04-24,Ucuza konaklaya bileceğiniz bir otel sigara içilen odaları var,,,ここは喫煙室のある格安ホテルです。,,,Asayake E&R,google_ChIJGcL-hHSKGGAR49LdCBFUUIY_b23548eb6f15c35a06350811a059fa7f
false,Google,5,2026-04-24,青雅館｜東京・大阪 上門安排服務 Telegram：@meiyou06 LINE官方：@951iboll Gleezy：meiyou008 來日本出差或旅行， 想要一個安心又放鬆的夜晚嗎？😊 青雅館提供的是 以客人體驗為優先的客製化安排服務 ✔️ 無需支付訂金 ✔️ 無需電話預約（全程線上對應） ✔️ 專業店長1對1對接 ✔️ 根據需求客製推薦 ✔️ 注重隱私，不需進店 ✔️ 現場現金支付 我們不是讓你自己盲選 而是依照你的需求 幫你篩選適合的安排 有性趣的谷歌（青雅館）,,,青牙閣 | 東京＆大阪 出張アレンジメントサービス Telegram: @meiyou06 LINE Official: @951iboll Gleezy: meiyou008 出張や休暇で日本滞在中に、リラックスして穏やかな夜を過ごしたいですか？😊 青牙閣は、お客様の体験を最優先に考えたオーダーメイドのアレンジメントを提供しています。✔️ デポジット不要 ✔️ 電話予約不要（完全オンラインサポート） ✔️ プロのマネージャーによるマンツーマンサポート ✔️ お客様のニーズに基づいたオーダーメイドの提案 ✔️ プライバシー保護、店舗訪問不要 ✔️ 現地での現金払い お客様に何も考えずに選ばせるのではなく、お客様のニーズに基づいて最適なアレンジメント選びをお手伝いします。ご興味をお持ちですか？ Googleで「青牙閣」と検索してください。,,,Rosy Khan,google_ChIJGcL-hHSKGGAR49LdCBFUUIY_c6d76f4252dfeaec915857ae17c6403a
false,Google,5,2026-04-23,,,,,,,Monika k,google_ChIJGcL-hHSKGGAR49LdCBFUUIY_a332ea57a469da4a0f8428fa81c3c6f1
false,楽天トラベル,5,2026-04-23,駅からイオンから近く、まわりに何でもあるため困らないです。,,,駅からイオンから近く、まわりに何でもあるため困らないです。,,,HIRO0029,rakuten_51870_bde5a769be8573c9ce30185e4268b96b
false,Agoda,10,2026-04-23,駅からのアクセスが良く、一晩の宿泊でしたが快適に過ごすことが出来ました。,,,駅からのアクセスが良く、一晩の宿泊でしたが快適に過ごすことが出来ました。,,,真由美,agoda_96271_78e41fd295e8a46ed9bbe51fa411e19d
false,楽天トラベル,4,2026-04-23,じゅうでんきがなく、不便でした。 メモ帳もなかったです。,,,じゅうでんきがなく、不便でした。 メモ帳もなかったです。,,,Ht713,rakuten_51870_4667f9d7be74447e6284ca61cc5647b5
false,Booking.com,9,2026-04-22,,,,,,,Yayo,bookingcom_272466_e3ad30f55efd3f5c00b7c66b939a54cd
false,Agoda,7,2026-04-22,ビジネスで寝泊まりはちょうどいい。 駅から近く、東京ビックサイトへのアクセスも良好,,,ビジネスで寝泊まりはちょうどいい。 駅から近く、東京ビックサイトへのアクセスも良好,,,satoshi,agoda_96271_3edc8762db38d37014b5488cff3b5144
false,Agoda,8,2026-04-22,最寄り駅が品川シーサイドなので、部屋が高層階で海側が窓から見えたので、最高のサイトビューでした。とにかく部屋が静かで綺麗でした。また利用したいと思いました。,,,最寄り駅が品川シーサイドなので、部屋が高層階で海側が窓から見えたので、最高のサイトビューでした。とにかく部屋が静かで綺麗でした。また利用したいと思いました。,,,Takahiro,agoda_96271_645b4919465173101be53439cbbea1c7
false,Agoda,8,2026-04-22,とにかく都心なのに、静かで部屋が綺麗でよかったです。なんと言っても、高層階から見渡す都会の街並みの眺めが良いです。,,,とにかく都心なのに、静かで部屋が綺麗でよかったです。なんと言っても、高層階から見渡す都会の街並みの眺めが良いです。,,,Takahiro,agoda_96271_7349e84cddf534662685cdc867b1f264
false,楽天トラベル,4,2026-04-22,駅から近く、アクセス抜群です。 徒歩2〜3分圏内にイオンやコンビニがあり、滞在中の利便性を重視する方におすすめです。,,,駅から近く、アクセス抜群です。 徒歩2〜3分圏内にイオンやコンビニがあり、滞在中の利便性を重視する方におすすめです。,,,hisa-5515,rakuten_51870_aad472f54f5f708a34a045b69b65e192
false,Agoda,8,2026-04-22,駅前で目の前にイオンがあり、立地最高でした！また利用したいです。 東京ドームまでは電車で４０分前後時間はかかる距離のため混雑は避けれました。,,,駅前で目の前にイオンがあり、立地最高でした！また利用したいです。 東京ドームまでは電車で４０分前後時間はかかる距離のため混雑は避けれました。,,,AKI,agoda_96271_f0683b6ef23ad31783b939582880f351
false,じゃらん,4,2026-04-22,出張で二泊しました ツインルーム少し狭いと聞いてましたが、普通でした  駅もイオンもレンタカーも近くでとても便利でした  東京出張時はまたおねがいします,,,出張で二泊しました ツインルーム少し狭いと聞いてましたが、普通でした  駅もイオンもレンタカーも近くでとても便利でした  東京出張時はまたおねがいします,,,ちーちゃんさん,jalan_362580_1514d2cc40a80f1a2928114d16c65cfc
false,じゃらん,3,2026-04-22,羽田から朝早い飛行機に乗る際に前泊しました。お部屋はお風呂はいたって普通ですが、なんと言っても立地が便利で買い物や食事、羽田へのリムジンバス乗り場が近いので子連れには楽でした。,,,羽田から朝早い飛行機に乗る際に前泊しました。お部屋はお風呂はいたって普通ですが、なんと言っても立地が便利で買い物や食事、羽田へのリムジンバス乗り場が近いので子連れには楽でした。,,,はるさん,jalan_362580_e8f8de763f1db063d784e29d7c9ad7f6
false,じゃらん,3,2026-04-22,駅から近く近隣にイオンもあるので便利  エレベーターは3機しかないので時間帯によっては困るかもしれない,,,駅から近く近隣にイオンもあるので便利  エレベーターは3機しかないので時間帯によっては困るかもしれない,,,トーコサムマルコルピさん,jalan_362580_307d24e575e4e77cba7e84ec27d6787a
false,じゃらん,4,2026-04-22,ライブの為に宿泊。チェックイン前に荷物を預かって頂き、大助かりでした。そのまま、向かい側にあるイオンで食事を済ませ、会場へ。乗り換え等のアクセスも便利でした。終演後も、ホテル近くにテイクアウト可能のお店やコンビニがあり、夜遅くでも食事調達には困らず、安心でした。なんといっても、チェックアウトが12時なので、疲れた体をしっかりと癒やす事が出来て、本当に有り難かったです。  チェックアウト時に受付の女性の方の「いってらっしゃい」の笑顔で、とても清々しい気持ちになり、ホテルを後にしました。  最後になりましたが、ホテルでの忘れ物に対して、迅速にご丁寧に、対応して頂き、どうもありがとうございました。お世話になりました。又、東京に行く際はぜひ使わせて頂きたいと思います。,,,ライブの為に宿泊。チェックイン前に荷物を預かって頂き、大助かりでした。そのまま、向かい側にあるイオンで食事を済ませ、会場へ。乗り換え等のアクセスも便利でした。終演後も、ホテル近くにテイクアウト可能のお店やコンビニがあり、夜遅くでも食事調達には困らず、安心でした。なんといっても、チェックアウトが12時なので、疲れた体をしっかりと癒やす事が出来て、本当に有り難かったです。  チェックアウト時に受付の女性の方の「いってらっしゃい」の笑顔で、とても清々しい気持ちになり、ホテルを後にしました。  最後になりましたが、ホテルでの忘れ物に対して、迅速にご丁寧に、対応して頂き、どうもありがとうございました。お世話になりました。又、東京に行く際はぜひ使わせて頂きたいと思います。,,,むらちゃんさん,jalan_362580_72ec3ad8e951a929e385779ebbbd500b
false,Trip.com,10,2026-04-21,ホテルの方の対応がとても良いです。 ２人で泊まりましたが、何も問題ないです。 夜景もよかったです。 コンビニが分かりづらく少し回りましたが、近くにあります。 ディズニーへの立地がとてもよく、色々な線にアクセスしてるので乗り継ぎが便利だった。 また利用させていただきます。,,,ホテルの方の対応がとても良いです。 ２人で泊まりましたが、何も問題ないです。 夜景もよかったです。 コンビニが分かりづらく少し回りましたが、近くにあります。 ディズニーへの立地がとてもよく、色々な線にアクセスしてるので乗り継ぎが便利だった。 また利用させていただきます。,,,ゲ‍ス‍ト,trip_1919061948
false,Trip.com,9,2026-04-21,東品川哈頓酒店  酒店位於臨海線的海濱站，出站過馬路即到酒店。酒店看起來很迷你，前台服務親切，房間設施齊全，床品很柔軟，大堂有房間輔助物，附近有永旺超市（AEON）イオン、購物方便，去東京上野新宿也是很方便，早餐一般，品種不多，但住店客人很多，需要排隊等候。,,,東品川ハットンホテルは、りんかい線の海沿いの駅のすぐ向かいに位置しています。ホテル自体は小規模ですが、フロントの対応は親切で、客室設備も充実しており、寝具は肌触りが良く、ロビーにはアメニティも用意されています。近くにイオンスーパーマーケットがあり、買い物に便利で、東京の上野や新宿へのアクセスも非常に便利です。朝食は種類は限られていますが、平均的な内容です。宿泊客が多いため、行列に並ぶ必要があるかもしれません。,,,J‍i‍n‍j‍i‍n‍g,trip_1919241029
false,じゃらん,4,2026-04-21,出張で利用させて頂きました。部屋も綺麗で、窓からは羽田に向かう飛行機が良く見えました。駅近でコンビニも近くて大変便利でした。,,,出張で利用させて頂きました。部屋も綺麗で、窓からは羽田に向かう飛行機が良く見えました。駅近でコンビニも近くて大変便利でした。,,,ひーさん,jalan_362580_dd8e5c18d7ba22599583de9fc65fbefd
false,じゃらん,4,2026-04-21,駅近だし近くにイオンもらあるので便利です。  12時チェックアウトだったのでゆっくりできたのも良かったです。,,,駅近だし近くにイオンもらあるので便利です。  12時チェックアウトだったのでゆっくりできたのも良かったです。,,,ややこさん,jalan_362580_92a9f703062a18ed21689fb0ebe8bded
false,じゃらん,4,2026-04-21,出張で利用させて頂きました。エコノミーツインという少し狭めの部屋ではありましたが、最近の東京のホテルの値段を考えると、かなり割安に泊まれたかなと思います。ホテルのレストランもありますし、近くにイオンや青物横丁などもあるので、食事も困りません。また、仕事の時はりようしたいです。,,,出張で利用させて頂きました。エコノミーツインという少し狭めの部屋ではありましたが、最近の東京のホテルの値段を考えると、かなり割安に泊まれたかなと思います。ホテルのレストランもありますし、近くにイオンや青物横丁などもあるので、食事も困りません。また、仕事の時はりようしたいです。,,,モフさん,jalan_362580_bc19342d30cfb06cedfb0c4003a7a3e6
false,Booking.com,9,2026-04-20,,The staff very kind and helpful,Ben collegata e al di sopra delle aspettative! L’hotel meriterebbe 4 stelle ⭐️⭐️⭐️⭐️,,スタッフはとても親切で協力的でした,交通の便も良く、期待以上でした！このホテルは4つ星に値します⭐️⭐️⭐️⭐️,Raffaele,bookingcom_272466_c12220f10738e809cb0e7f1babff2163
false,Agoda,8,2026-04-20,近くにイオンもあり、買い物も便利でした,,,近くにイオンもあり、買い物も便利でした,,,SHINGO,agoda_96271_5b7147cfcc5647fb1fef456b8ad244cd
false,じゃらん,1,2026-04-20,立地、接客的にもよいホテルだと思います。  ただ、今回のお部屋の掃除はあまりにも雑でした。  ベッドのわきに前宿泊者の方の使用済み綿棒が落ちていました。  白い糸くずと共に、商品タグを止めるプラスチックの破片が落ちていました。  お部屋の掃除はスピード勝負ですし、  濃い色味の絨毯ですので、ゴミや汚れは目立たないため、  軽い掃除機掛けで終えているのだと思います。  ただ、白い綿棒と糸くずなどを見落としているのにはとても驚きました。  かなり気持ち悪かったです。  そのため、総合評価は１にいたしました。,,,立地、接客的にもよいホテルだと思います。  ただ、今回のお部屋の掃除はあまりにも雑でした。  ベッドのわきに前宿泊者の方の使用済み綿棒が落ちていました。  白い糸くずと共に、商品タグを止めるプラスチックの破片が落ちていました。  お部屋の掃除はスピード勝負ですし、  濃い色味の絨毯ですので、ゴミや汚れは目立たないため、  軽い掃除機掛けで終えているのだと思います。  ただ、白い綿棒と糸くずなどを見落としているのにはとても驚きました。  かなり気持ち悪かったです。  そのため、総合評価は１にいたしました。,,,もいもいさん,jalan_362580_ad3135e786189688ec8e0e8cac48d445
false,楽天トラベル,5,2026-04-20,いつ来てもフロントの対応がとても丁寧で素晴らしい。,,,いつ来てもフロントの対応がとても丁寧で素晴らしい。,,,あやゆうまま1123,rakuten_51870_c617a8022a9214f9bbd2d84a572dc7c8
false,楽天トラベル,1,2026-04-20,何度か泊まらせて頂きましたが、今回に限り部屋のエアコンをかけるとカビ臭いにおいがして、掃除をしていないのではないかと思ってしまうくらいなにおいでした。  あと、部屋着にコーヒーのにおいが染み付いていて、さすがに着ることができませんでした。  アクセスがよく、使い勝手がよいホテルなので今後、改善して頂ければなと思いました。,,,何度か泊まらせて頂きましたが、今回に限り部屋のエアコンをかけるとカビ臭いにおいがして、掃除をしていないのではないかと思ってしまうくらいなにおいでした。  あと、部屋着にコーヒーのにおいが染み付いていて、さすがに着ることができませんでした。  アクセスがよく、使い勝手がよいホテルなので今後、改善して頂ければなと思いました。,,,晴れ時々雨,rakuten_51870_d27229bd3ee3335630b631ca08b776a7
false,楽天トラベル,3,2026-04-20,喫煙可能のお部屋だったのですが、煙草を吸わない事が分かるとお部屋を変えてもらえるようなお話をされました。この日は満室で出来なかったのですが、消臭剤の案内などしてくれて、とても気持ちの良い接客でした。チェックアウトも12時で他のホテルよりゆっくり出来るのがよかったです。近くにイオンがあるので、食事などもそこで調達出来て良かったです。残念だったのが電子レンジが1階のロビーにしかなかったので、買った物をそこまで持って行って温めなくてはいけなかった事です。,,,喫煙可能のお部屋だったのですが、煙草を吸わない事が分かるとお部屋を変えてもらえるようなお話をされました。この日は満室で出来なかったのですが、消臭剤の案内などしてくれて、とても気持ちの良い接客でした。チェックアウトも12時で他のホテルよりゆっくり出来るのがよかったです。近くにイオンがあるので、食事などもそこで調達出来て良かったです。残念だったのが電子レンジが1階のロビーにしかなかったので、買った物をそこまで持って行って温めなくてはいけなかった事です。,,,おろみなん,rakuten_51870_8d9f5e9b052f05b56c5e4a560208f912
false,Trip.com,10,2026-04-20,"В лобби есть обменник и компьютер для удобной печати документов. Так же на первом этаже есть большая курилка и вендинг с мороженым.  Вид с 17 этажа открывался на порт и портовые краны.  Сам номер чистый и просторный для одного, но в целом достаточно стандартный для японских отелей. Персонал общительный, и хорошо владел английским.  Рекомендую.",,,ロビーには両替所と便利な書類印刷用のパソコンがあります。1階には広い喫煙エリアとアイスクリームの自動販売機もあります。17階からの眺めは港とクレーンでした。部屋自体は清潔で一人用としては広々としていましたが、全体的に日本のホテルとしてはごく標準的でした。スタッフは親切で英語も堪能でした。おすすめです。,,,S‍h‍a‍d‍o‍W‍o‍f‍A‍l‍e‍x‍3‍5‍7,trip_1917098412
false,Google,5,2026-04-20,,,,,,,冼台生,google_ChIJGcL-hHSKGGAR49LdCBFUUIY_0cf64f5c18ce97d410b23c11efccac78
false,Trip.com,9,2026-04-20,丁寧なご対応をして下さり、とても居心地の良い宿泊が出来ました。,,,丁寧なご対応をして下さり、とても居心地の良い宿泊が出来ました。,,,ゲ‍ス‍ト,trip_1917493230
false,Agoda,10,2026-04-19,仕事で品川辺りのビジネスホテルあちこち利用しますが、シングルにしてはかなりゆったりしている。独立型のお風呂ではないがここも浴槽やバストイレスペースも広め。駅出口Aから秒で着く目の前。道挟んでイオンもあり、スタバやバーガーキング等々食事出来る店もそこにあるので利便がいい。来月も再来月も予約出来ました。予約はまずこちらを覗いてから他を当たろうと思う。またお世話になります。,,,仕事で品川辺りのビジネスホテルあちこち利用しますが、シングルにしてはかなりゆったりしている。独立型のお風呂ではないがここも浴槽やバストイレスペースも広め。駅出口Aから秒で着く目の前。道挟んでイオンもあり、スタバやバーガーキング等々食事出来る店もそこにあるので利便がいい。来月も再来月も予約出来ました。予約はまずこちらを覗いてから他を当たろうと思う。またお世話になります。,,,陽子,agoda_96271_ad3011549ad5fe460d470e1f79c254a7
false,Agoda,8,2026-04-19,街中からちょっと離れているから快適に過ごせるよ。,,,街中からちょっと離れているから快適に過ごせるよ。,,,Takanori,agoda_96271_c2894cba48435ce086c32f532084768a
false,Agoda,9,2026-04-19,very good and nice,,,とても良いし素敵です,,,katsunori,agoda_96271_9bce489f21d5d885f9181342d46d1ce6
false,楽天トラベル,5,2026-04-19,ホテルの従業員の方々の接客が本当に素晴らしいです。どの方も笑顔で、落ち着いた丁寧な話し方。小学生の子どもと宿泊したのですが、朝食時にお願いしなくてもミニストローが必要ではないかとお持ちいただいて、驚きの接客でした。チェックインの受付もスマートで、隣のお客様は外国の方でしたが、別の従業員の方が英語で対応されていました。ベッドが3つのお部屋を予約しましたが、ふかふかのベッドでぐっすり眠ることが出来ました。近くを高速道路が走っていますが、音もほとんど気になりませんでした。他のお部屋の音は全く聞こえません。角のお部屋だったので、通常の夜景に加えて、レインボーブリッジが見える眺望で感動しました。お部屋やバス・トイレも清潔でした。駅からもすぐ近くで、近くにイオンやコンビニもあり、とても便利でした。チェックアウトも12時までとゆっくりさせていただきましたし、チェックアウト後もお荷物の預かりを無料で行って下さるサービスは本当に助かりました。また近くに来た際は、是非こちらに宿泊したいです！,,,ホテルの従業員の方々の接客が本当に素晴らしいです。どの方も笑顔で、落ち着いた丁寧な話し方。小学生の子どもと宿泊したのですが、朝食時にお願いしなくてもミニストローが必要ではないかとお持ちいただいて、驚きの接客でした。チェックインの受付もスマートで、隣のお客様は外国の方でしたが、別の従業員の方が英語で対応されていました。ベッドが3つのお部屋を予約しましたが、ふかふかのベッドでぐっすり眠ることが出来ました。近くを高速道路が走っていますが、音もほとんど気になりませんでした。他のお部屋の音は全く聞こえません。角のお部屋だったので、通常の夜景に加えて、レインボーブリッジが見える眺望で感動しました。お部屋やバス・トイレも清潔でした。駅からもすぐ近くで、近くにイオンやコンビニもあり、とても便利でした。チェックアウトも12時までとゆっくりさせていただきましたし、チェックアウト後もお荷物の預かりを無料で行って下さるサービスは本当に助かりました。また近くに来た際は、是非こちらに宿泊したいです！,,,ぴちこまる,rakuten_51870_cb8de3ed7f58ef5911f609f6582a8e82
false,楽天トラベル,4,2026-04-19,家族4人で素泊まりをさせていただきました。 お値段がとても安く、目の前に小さめのイオンと、横には飲食店が複数入る複合施設があり、コンビニもあるため夕食や朝食の買い出しには困りませんでした。また、羽田空港が近いため、すぐ近くに飛行機が飛んでいたり、高層階だと窓から見える夜景が非常に綺麗でした。 喫煙ルームしか空いていなかったため、室内にこびりついたような匂いがすごかったですが、最低限の設備もあり羽田空港や東京駅へのアクセスも良いため、また東京に行く際には利用させていただきたいです。 ,,,家族4人で素泊まりをさせていただきました。 お値段がとても安く、目の前に小さめのイオンと、横には飲食店が複数入る複合施設があり、コンビニもあるため夕食や朝食の買い出しには困りませんでした。また、羽田空港が近いため、すぐ近くに飛行機が飛んでいたり、高層階だと窓から見える夜景が非常に綺麗でした。 喫煙ルームしか空いていなかったため、室内にこびりついたような匂いがすごかったですが、最低限の設備もあり羽田空港や東京駅へのアクセスも良いため、また東京に行く際には利用させていただきたいです。 ,,,Kaeha,rakuten_51870_52b4ad527626c1681577d51c914f924b
false,Google,5,2026-04-19,フロントの方々、支配人様全てが素晴らしい対応をしてくださります,,,フロントの方々、支配人様全てが素晴らしい対応をしてくださります,,,儀藤憲作,google_ChIJGcL-hHSKGGAR49LdCBFUUIY_660b2c051d12a0488519e902581a8f95
false,Google,5,2026-04-19,,,,,,,本間清司,google_ChIJGcL-hHSKGGAR49LdCBFUUIY_231144ee44750fc18db7b9e3fc411ab6
false,Booking.com,10,2026-04-17,,,,,,,Ewa,bookingcom_272466_9131e76f133286b91ad62c3b918a2241
false,Booking.com,4,2026-04-17,,りんかい線駅近くだった。部屋が綺麗だった。,コンビニ食品購入で電子レンジが無い、橋が無いなど。,,りんかい線駅近くだった。部屋が綺麗だった。,コンビニ食品購入で電子レンジが無い、橋が無いなど。,Kiyomitsu,bookingcom_272466_f96787c3180646cd53013fe1d7995b9f
false,楽天トラベル,3,2026-04-17,腰痛持ちですが、私が泊まった部屋の全ての設備や内装が腰に合わなかったです。シャワーのシャンプー等の位置、部屋の椅子やテーブル、冷蔵庫の位置、全てが低すぎる。腰をかがめられない人はちょっと厳しいと思います。逆にベッドはちょっと位置が高くて起き上がりにくい・・・。,,,腰痛持ちですが、私が泊まった部屋の全ての設備や内装が腰に合わなかったです。シャワーのシャンプー等の位置、部屋の椅子やテーブル、冷蔵庫の位置、全てが低すぎる。腰をかがめられない人はちょっと厳しいと思います。逆にベッドはちょっと位置が高くて起き上がりにくい・・・。,,,ふわもちくん,rakuten_51870_c98fdff8125802d8289cfa8404a9a8c0
false,Booking.com,10,2026-04-16,,,,,,,Sanae,bookingcom_272466_9f89831cf1ebbd167dc48cb03102a5b8
false,楽天トラベル,4,2026-04-16,立地がとても良い、駅まで徒歩2分程、 夕食も徒歩10程で飲食街に行ける、 また、目の前にイオンがあるので便利だと思う,,,立地がとても良い、駅まで徒歩2分程、 夕食も徒歩10程で飲食街に行ける、 また、目の前にイオンがあるので便利だと思う,,,なおなおh,rakuten_51870_2f99932adec1cc486da0d94e55426f54
false,楽天トラベル,4,2026-04-16,建物は多少古さを感じさせますが、とても清潔で、使いやすかったです。最寄り駅から3分とありますが、地上に出たらすぐ目の前にあり、ロケーションは抜群でした。イオンの隣にも飲食店が入ったビルがあり、スタッフの方に教えて頂いて、朝食はそちらで取りました。歩いて直ぐなので、助かりました。チェックアウトが12時までなので、朝食で外に出ても、戻ってからも時間に余裕があり、12時チェックアウトの魅力を痛感しました。スタッフの方は皆さんとても親切で、お陰様でよい滞在となりました。,,,建物は多少古さを感じさせますが、とても清潔で、使いやすかったです。最寄り駅から3分とありますが、地上に出たらすぐ目の前にあり、ロケーションは抜群でした。イオンの隣にも飲食店が入ったビルがあり、スタッフの方に教えて頂いて、朝食はそちらで取りました。歩いて直ぐなので、助かりました。チェックアウトが12時までなので、朝食で外に出ても、戻ってからも時間に余裕があり、12時チェックアウトの魅力を痛感しました。スタッフの方は皆さんとても親切で、お陰様でよい滞在となりました。,,,いぢわるマリー,rakuten_51870_3634ca095f95685f87e6d9c47b08f3eb
false,Agoda,8,2026-04-16,朝ごはんが美味しかった！ かなりお腹いっぱいなった。,,,朝ごはんが美味しかった！ かなりお腹いっぱいなった。,,,Mayuko,agoda_96271_35ae7cbbc2fda309f60b4d4ebd13deb4
false,Booking.com,7,2026-04-16,,,,,,,勝山,bookingcom_272466_173f205a594684807210de49a9677640
false,Booking.com,10,2026-04-16,,สถานที่ใกล้รถไฟ,,,駅の近くに置く,,Nuntawit,bookingcom_272466_74acc8dffd083a10d7486dac2297b591
false,Booking.com,10,2026-04-16,,,,,,,Piraya,bookingcom_272466_8aa868fb18cc924ded9b4970db7b8002
false,Trip.com,9,2026-04-16,いつも綺麗で過ごしやすいです。,,,いつも綺麗で過ごしやすいです。,,,ゲ‍ス‍ト,trip_1912307030
false,Trip.com,10,2026-04-16,호텔은 시설은 연식이 된 것 같았지만 직원들은 매우 친절했습니다. 침대 및 욕실 상태가 항상 청결 상태가 유지되어 매우 만족스러웠습니다.,,,ホテルは施設が年式になったようだったが、スタッフはとてもフレンドリーでした。ベッドとバスルームの状態は常に清潔に保たれ、非常に満足していました。,,,ゲ‍ス‍ト,trip_1912310950
false,Trip.com,9,2026-04-16,"Pas mal j’ai réservé pour qlq jours en avance donc c’était l’un des moins cher, localisation ça va ça reste pas mal. Dans l’ensemble je recommande mais un détail que j’aime pas du tout franchement à ce prix il faut au moins des douches modernes et pas les 2 leviers ( 1 pour le chaud, et 1 pour le froid ) sinon tout était ok.",,,悪くなかったです。数日前に予約したので、かなり安かったです。立地も悪くなく、申し分ありません。全体的にはおすすめですが、一つだけどうしても気に入らなかった点があります。正直言って、この値段なら、せめてモダンなシャワー設備が必要で、お湯と水が出るレバーが2つしかないのはいただけません。それ以外は全て問題ありませんでした。,,,W‍a‍l‍i‍d‍7‍7‍1,trip_1912375351
false,Google,4,2026-04-16,品川シーサイド駅から地上に出ると目の前にあると言う立地の良さ。イオンモールがあり、困ることはありません。  3時のチェックイン前でしたが、荷物だけでも預かってもらえるか聞こうとしたら、部屋の準備ができているのでチェックインできますとのこと。頑なに時間になるまでチェックインさせてくれないホテルもありましたが、この臨機応変な所は好印象です。  部屋には歯ブラシしかないので、他のアメニティグッズはフロント横から持って行くスタイル。入浴剤があったら良かったなと思います。  部屋の窓からは大井ふ頭のコンビナート？が見られ、いつもと違う夜景も楽しかったです。  部屋は狭いですが、寝るだけなので問題なし。個別空調で喜んでいましたが、エアコンの調子が良くなかったのは残念でした。部屋着は丈の長いシャツタイプなので、パンツも付いているといいなぁと思います。(私はパジャマ持参派)  総じて満足の行くホテルでしたので、また機会があれば利用したいと思います。,,,品川シーサイド駅から地上に出ると目の前にあると言う立地の良さ。イオンモールがあり、困ることはありません。  3時のチェックイン前でしたが、荷物だけでも預かってもらえるか聞こうとしたら、部屋の準備ができているのでチェックインできますとのこと。頑なに時間になるまでチェックインさせてくれないホテルもありましたが、この臨機応変な所は好印象です。  部屋には歯ブラシしかないので、他のアメニティグッズはフロント横から持って行くスタイル。入浴剤があったら良かったなと思います。  部屋の窓からは大井ふ頭のコンビナート？が見られ、いつもと違う夜景も楽しかったです。  部屋は狭いですが、寝るだけなので問題なし。個別空調で喜んでいましたが、エアコンの調子が良くなかったのは残念でした。部屋着は丈の長いシャツタイプなので、パンツも付いているといいなぁと思います。(私はパジャマ持参派)  総じて満足の行くホテルでしたので、また機会があれば利用したいと思います。,,,Porco Rosso,google_ChIJGcL-hHSKGGAR49LdCBFUUIY_77e5679cbfd889b26d84dcf972e54bab
false,Google,4,2026-04-16,,,,,,,小林高広,google_ChIJGcL-hHSKGGAR49LdCBFUUIY_8447eeaac729957fcf4e32454ddd4fdd
false,Trip.com,10,2026-04-16,This is a very great hotel in Shinagawa! Very convenient and comfortable!,,,品川にあるとても素晴らしいホテルです！とても便利で快適です！,,,ゲ‍ス‍ト,trip_1912847590
false,じゃらん,5,2026-04-16,有明でコンサートがあり２泊連泊しました。駅前にありとても便利。駅直結のイオンモールが目の前にあり食べ物には困らない。お部屋は16平方メートルでツインなのに、配置がスッキリしており、それほど狭さを感じない。ユニットバスも広めで良かったです。また泊まりたいです。,,,有明でコンサートがあり２泊連泊しました。駅前にありとても便利。駅直結のイオンモールが目の前にあり食べ物には困らない。お部屋は16平方メートルでツインなのに、配置がスッキリしており、それほど狭さを感じない。ユニットバスも広めで良かったです。また泊まりたいです。,,,りんりんさん,jalan_362580_99c988d7afbebfcfc7bb7ef9ddb7e752
false,楽天トラベル,4,2026-04-15,駅近で部屋も広くお風呂もきれいでした！,,,駅近で部屋も広くお風呂もきれいでした！,,,45ボンバイエ,rakuten_51870_dd042d3ffd886ca899fb98da6e7103de
false,Booking.com,8,2026-04-15,,駅近くとチェックアウトが12時がゆっくり出来て良いです。,大浴場があればと枕が選べたら良いなと思います。,,駅近くとチェックアウトが12時がゆっくり出来て良いです。,大浴場があればと枕が選べたら良いなと思います。,Hiromi,bookingcom_272466_d3c833ceb04bb997b57278dfbc23234f
false,Trip.com,10,2026-04-15,การเดินทางสะดวกค่ะ ทางเข้า keikyu line อยู่หน้าโรงแรมเลย แล้วก็มีห้าง Aeon ตรงข้ามโรงแรมด้วยค่ะ,,,立地は便利です。ホテルの目の前に京急線の駅入口があり、ホテルの向かいにはイオンモールもあります。,,,N‍a‍t‍t‍i‍d‍a‍ ‍C‍h‍u‍m‍c‍h‍u‍r,trip_1911007994
false,Trip.com,9,2026-04-15,Spacious and good pricing. Location a bit far but there's a small train line passing,,,広々としていて値段も手頃。立地は少し遠いですが、小さな電車が通っています。,,,S‍a‍r‍u‍n‍ ‍P‍i‍n‍y‍a‍r‍a‍t,trip_1911840650
false,Google,4,2026-04-15,,,,,,,M M,google_ChIJGcL-hHSKGGAR49LdCBFUUIY_a83d81a803e514a61bdecd27c51754f9
false,Booking.com,8,2026-04-13,,駅から近い,グラスに口紅が付いていた,,駅から近い,グラスに口紅が付いていた,Mihoko,bookingcom_272466_efc069755f595308fc41cff59de446e1
false,Booking.com,8,2026-04-13,,,,,,,Puppo,bookingcom_272466_92ae0a1612fa46b2b835926f5ade1b9c
false,Booking.com,8,2026-04-13,,駅近で移動するには、便利だと感じた。,近くにコンビニが無かったような。 季節柄だと思うのですが、空調の調節が（操作ではなく、快適にするための）難しく感じた。,,駅近で移動するには、便利だと感じた。,近くにコンビニが無かったような。 季節柄だと思うのですが、空調の調節が（操作ではなく、快適にするための）難しく感じた。,Chiyomi,bookingcom_272466_f948ae24377358acf4e72135d98dcb5d
false,楽天トラベル,3,2026-04-13,駅近なのはありがたいが気になった点がいくつかある。 ドアスコープを塞ぎたかったがマグネットなどもなく困った。 風呂の換気扇のホコリがすごかったり、トイレ近くの壁に明らかに自分のものではない髪の毛が数本付着していたり気持ちが悪かった。清掃が行き届いていない印象でがっかり。 ベッド付近にコンセントはあったが接触が悪いのか充電されなかった。また、台のようなものがなくスマホの置き場にも苦戦。棚なり台なりちょっとしたモノを置けるスペースは必要ではないか。 イベントが重なり宿泊費が高騰していたのだが、この価格なら次の利用はないなと思った。,,,駅近なのはありがたいが気になった点がいくつかある。 ドアスコープを塞ぎたかったがマグネットなどもなく困った。 風呂の換気扇のホコリがすごかったり、トイレ近くの壁に明らかに自分のものではない髪の毛が数本付着していたり気持ちが悪かった。清掃が行き届いていない印象でがっかり。 ベッド付近にコンセントはあったが接触が悪いのか充電されなかった。また、台のようなものがなくスマホの置き場にも苦戦。棚なり台なりちょっとしたモノを置けるスペースは必要ではないか。 イベントが重なり宿泊費が高騰していたのだが、この価格なら次の利用はないなと思った。,,,不明,rakuten_51870_635ed2cd58f4d2173f9c87647a2393dc
false,Google,1,2026-04-13,喫煙の部屋しかなかったので喫煙の部屋を予約しました。(予約したのは10月ごろで宿泊は4月)  今まで喫煙の部屋って何回か泊まったことはありましたが、喫煙の部屋だからちょっと臭いな感じでした。(要するに換気やファブリーズでOKな感じ。)  結論から書きますが、ここのホテルの喫煙部屋はとても臭いです。  まずエレベーターでフロアついた時点でヤニフロアです。 ここは喫煙所ですか？みたいな匂いがします。 ちなみにエレベーターも結構匂いが気になりました。  部屋に入ったら、めちゃくちゃ臭くて、前の客がギリギリまで吸ってたんかなってくらいの匂いがします。 チェックアウト12時でイン15時からできるホテルだからほんとにそのレベルで激臭です。  喫煙可能な部屋というかもはや渋谷とか街中にある喫煙所かなーという感覚になりました。  あまりにも臭すぎて、タバコ大丈夫な同行者ですら具合悪くなる始末の部屋でフロントに電話して消臭対応して欲しいって言ったら、ドア付近にある消臭スプレーと換気でテキトーにやってくださいって言われました。  ホテルだったら脱臭機あると思うんですけど、、、、オソン発生して匂い取るやつありませんか？って丁寧に言ったのですが、上席が電話変わって、はぁ。。。まぁ確かにありますけど。と言われました。  オゾンやると臭いつくんで。まぁやっときますねーんで、何時に帰るんすか?って言われたらしく、、、、,,,喫煙の部屋しかなかったので喫煙の部屋を予約しました。(予約したのは10月ごろで宿泊は4月)  今まで喫煙の部屋って何回か泊まったことはありましたが、喫煙の部屋だからちょっと臭いな感じでした。(要するに換気やファブリーズでOKな感じ。)  結論から書きますが、ここのホテルの喫煙部屋はとても臭いです。  まずエレベーターでフロアついた時点でヤニフロアです。 ここは喫煙所ですか？みたいな匂いがします。 ちなみにエレベーターも結構匂いが気になりました。  部屋に入ったら、めちゃくちゃ臭くて、前の客がギリギリまで吸ってたんかなってくらいの匂いがします。 チェックアウト12時でイン15時からできるホテルだからほんとにそのレベルで激臭です。  喫煙可能な部屋というかもはや渋谷とか街中にある喫煙所かなーという感覚になりました。  あまりにも臭すぎて、タバコ大丈夫な同行者ですら具合悪くなる始末の部屋でフロントに電話して消臭対応して欲しいって言ったら、ドア付近にある消臭スプレーと換気でテキトーにやってくださいって言われました。  ホテルだったら脱臭機あると思うんですけど、、、、オソン発生して匂い取るやつありませんか？って丁寧に言ったのですが、上席が電話変わって、はぁ。。。まぁ確かにありますけど。と言われました。  オゾンやると臭いつくんで。まぁやっときますねーんで、何時に帰るんすか?って言われたらしく、、、、,,,みるきーランドだよね,google_ChIJGcL-hHSKGGAR49LdCBFUUIY_91a6a2515856cb875e11178392748d7e
false,楽天トラベル,4,2026-04-12,駅近で受付も部屋までもスムースでした。また利用したいです。,,,駅近で受付も部屋までもスムースでした。また利用したいです。,,,CYOCO,rakuten_51870_5ee0214de762cd42cf27a72f5a0a8ddf
false,楽天トラベル,4,2026-04-12,チェックアウトが12:00までなのがうれしいです。 朝食は品数は多くないものの和洋バランスよく準備されていてよかったです。,,,チェックアウトが12:00までなのがうれしいです。 朝食は品数は多くないものの和洋バランスよく準備されていてよかったです。,,,ビジネス利用　,rakuten_51870_0cfa0d838806c360da7a199a69c68f7c
false,Booking.com,8,2026-04-12,,,,,,,Benjamin,bookingcom_272466_861a744bccc0da5432f097d5838e4b83
false,Booking.com,10,2026-04-12,,全て良かった,無い,,全て良かった,無い,上村,bookingcom_272466_a71ec6ab3536efe53fa090f54d716e31
false,Google,4,2026-04-12,羽田空港からリムジンバスもあるし、新宿・池袋にもいけるりんかい線・埼京線は便利！新木場から舞浜も近くディズニーいくのにもいいと思います。喫煙者にはありがたいホテル。場所も静かで最高でした。唯一洗面所､シャワーは水とお湯と分かれている昔タイプです。ベットが軟すぎるのも残念です。枕は硬め柔め二つありいいです。,,,羽田空港からリムジンバスもあるし、新宿・池袋にもいけるりんかい線・埼京線は便利！新木場から舞浜も近くディズニーいくのにもいいと思います。喫煙者にはありがたいホテル。場所も静かで最高でした。唯一洗面所､シャワーは水とお湯と分かれている昔タイプです。ベットが軟すぎるのも残念です。枕は硬め柔め二つありいいです。,,,ビリ子,google_ChIJGcL-hHSKGGAR49LdCBFUUIY_fad6476903e063fc56b6c8c7ad770353
false,Trip.com,10,2026-04-11,夜11時でも、電車は動いているので、羽田空港から心配せずに移動できます。そしてホテルも駅の目の前なので、雨が多少降っていてもあまりぬれずにすみました。ホテルの場所がわかりやすいことも女性にとってはとても安心です。 スタッフも感じよく応待し、女性向けのアメニティーも置いてありました。バスタブもよく清掃してあり、気持ちよく入浴できました。電気ポットでお茶やコーヒーなど温かい飲み物も飲めます。陶器のカップがありました。館内も静かでした。チェックアウトもあまり時間がかからず、スムーズでした。,,,夜11時でも、電車は動いているので、羽田空港から心配せずに移動できます。そしてホテルも駅の目の前なので、雨が多少降っていてもあまりぬれずにすみました。ホテルの場所がわかりやすいことも女性にとってはとても安心です。 スタッフも感じよく応待し、女性向けのアメニティーも置いてありました。バスタブもよく清掃してあり、気持ちよく入浴できました。電気ポットでお茶やコーヒーなど温かい飲み物も飲めます。陶器のカップがありました。館内も静かでした。チェックアウトもあまり時間がかからず、スムーズでした。,,,気‍楽‍が‍一‍番,trip_1906366970
false,Booking.com,10,2026-04-11,,,,,,,Xiumei,bookingcom_272466_6f61a3de4b36696fc2942adf4c062974
false,Booking.com,5,2026-04-11,,"Hotel à deux pas de la ""limousine bus"" pour l'aéroport.  Enregistrement agréable et accueil de qualité.  Literie confortable.","Le petit déjeuner servit à partir de 7h du matin, pour un hotel qui n'a comme seul réel interet sa proximité géographique avec l'aéroport, est un bon moyen de gonfler la facture pour un service non utilisable quand son avion part avant 10h du matin...  Propreté: une de mes housse d'oreiller avait du moisi.  Isolation phonique de la chambre (proche ascenceur)",,空港リムジンバス乗り場からすぐのホテル。チェックインはスムーズで、サービスも素晴らしかった。寝具も快適だった。,空港に近いこと以外に利点がないホテルで、朝食が午前7時から提供されるのは、午前10時前にフライトが出発する場合に利用できないサービスに対して料金を吊り上げる良い方法です... 清潔さ: 枕カバーの1つにカビが生えていました。部屋の防音性 (エレベーター付近)。,Line,bookingcom_272466_f7bf45b5e934eb591ab4892a4fbca63b
false,Booking.com,9,2026-04-11,,La vue du 19 ème étage sur la baie de Tokyo est magnifique ! La chambre etait propre et confortable,Chambre fumeur qui sent énormément le tabac,,19階から見下ろす東京湾の眺めは最高でした！部屋も清潔で快適でした。,タバコの匂いが強い喫煙室,Gwenaelle,bookingcom_272466_06b6970918d544e3e7601ab8e3058de2
false,じゃらん,5,2026-04-11,羽田空港からのリムジンバスがホテルに到着  品川シーサイド駅まで1分  渋谷駅までJRで14分  チェックアウト12時  朝食バイキング充分  平均的なビジネスホテルより広い部屋でくつろげます  選ばない理由はありません,,,羽田空港からのリムジンバスがホテルに到着  品川シーサイド駅まで1分  渋谷駅までJRで14分  チェックアウト12時  朝食バイキング充分  平均的なビジネスホテルより広い部屋でくつろげます  選ばない理由はありません,,,フラメンコさん,jalan_362580_c020ae459680f59abab5dd515aef7d6f
false,じゃらん,5,2026-04-10,清潔感、フロントでのサービス全て申し分ないです。  快適な旅を過ごせました。  また利用させていただくと思います、ありがとうございました。,,,清潔感、フロントでのサービス全て申し分ないです。  快適な旅を過ごせました。  また利用させていただくと思います、ありがとうございました。,,,しゅんぴーさん,jalan_362580_a7decd0e2d8e5c0ce07f33aa68628a30
false,楽天トラベル,4,2026-04-10,駅のほぼ上というアクセスの良さは何よりの強み。運河の横という立地も開放感があって、高層階の海側だと眺めも良い。混合栓に古さを感じるものの、蛇口を捻るとすぐに熱いお湯がかなりの水圧で出るのでシャワーもし易いし、バスタブが大きめなので入浴もゆったり出来る。 禁煙室に空きがなかったので仕方なく喫煙室に宿泊したが、部屋の匂いよりもエレベーターを降りた途端のフロアと廊下のタバコ臭さが気になった。 高稼働期には２万円を超すことが多くなった都内のビジネスホテルの中で、良心的なレートだと思ったので選んだ。 羽田空港まで直行のバスがある利便性も良いし、徒歩圏内に多種のお店があるのも便利。,,,駅のほぼ上というアクセスの良さは何よりの強み。運河の横という立地も開放感があって、高層階の海側だと眺めも良い。混合栓に古さを感じるものの、蛇口を捻るとすぐに熱いお湯がかなりの水圧で出るのでシャワーもし易いし、バスタブが大きめなので入浴もゆったり出来る。 禁煙室に空きがなかったので仕方なく喫煙室に宿泊したが、部屋の匂いよりもエレベーターを降りた途端のフロアと廊下のタバコ臭さが気になった。 高稼働期には２万円を超すことが多くなった都内のビジネスホテルの中で、良心的なレートだと思ったので選んだ。 羽田空港まで直行のバスがある利便性も良いし、徒歩圏内に多種のお店があるのも便利。,,,がちまい海歩人,rakuten_51870_5482d31863fb766e27b2abfd55870cd6
false,Trip.com,10,2026-04-10,部屋は綺麗に掃除されており、浴槽もありました。 ビジネスや泊まるだけの旅行なら最高です。 また利用したいと思いました。,,,部屋は綺麗に掃除されており、浴槽もありました。 ビジネスや泊まるだけの旅行なら最高です。 また利用したいと思いました。,,,ゲ‍ス‍ト,trip_1905611154
false,Booking.com,7,2026-04-10,,,,,,,Oni,bookingcom_272466_8329ca3497015bd910aebaefc2857688
false,Booking.com,4,2026-04-10,,部屋の清掃が行き届いています。,部屋が寒い、空調がカビ臭い,,部屋の清掃が行き届いています。,部屋が寒い、空調がカビ臭い,直史,bookingcom_272466_a0247973ea4a0b1a6e34dd22f074d8ad
false,じゃらん,4,2026-04-10,今回2回目の利用でした。セミダブルのお部屋、朝食付きで1万弱は安いと思います。  接客は丁寧、部屋は清潔で静か、設備も充分で朝食も品数もしっかりあるし普通に美味しい、しかもチェックアウトが12時なのが最高です。  目の前にイオンもあるしテイクアウト可能な飲食店もあるのでホテルで食事したい方も困らないと思います。  今回の利用で1番最高だったのがホテルにレンタル自転車が設置されてたこと。前回宿泊した時はなかったはず…？  劇場の近くの返却スペースまでスイ〜っと自転車移動できて楽ちん。もちろん帰りも乗って帰ってきました。(ちなみに電車代の方が安いです笑)  また近くの劇場で舞台観劇の際は利用させていただきます。,,,今回2回目の利用でした。セミダブルのお部屋、朝食付きで1万弱は安いと思います。  接客は丁寧、部屋は清潔で静か、設備も充分で朝食も品数もしっかりあるし普通に美味しい、しかもチェックアウトが12時なのが最高です。  目の前にイオンもあるしテイクアウト可能な飲食店もあるのでホテルで食事したい方も困らないと思います。  今回の利用で1番最高だったのがホテルにレンタル自転車が設置されてたこと。前回宿泊した時はなかったはず…？  劇場の近くの返却スペースまでスイ〜っと自転車移動できて楽ちん。もちろん帰りも乗って帰ってきました。(ちなみに電車代の方が安いです笑)  また近くの劇場で舞台観劇の際は利用させていただきます。,,,いちこさん,jalan_362580_364cb8b1287ebb43d3937f29774f499e
false,じゃらん,3,2026-04-10,羽田間とのリムジンバスの停留所が近く雨でも汚れなくて良かった。3連泊したうちの１日が部屋掃除をたのんだが、夜部屋に戻ったら窓が開けたままで缶も捨ててくれてなくて残念でした,,,羽田間とのリムジンバスの停留所が近く雨でも汚れなくて良かった。3連泊したうちの１日が部屋掃除をたのんだが、夜部屋に戻ったら窓が開けたままで缶も捨ててくれてなくて残念でした,,,よねさん,jalan_362580_8a4a7dc25d71ecf4a7c982e00132a5c6
false,Booking.com,10,2026-04-09,,"Great amenities, nice room, and staff is very friendly and helpful. Right across from Shinagawa Seaside station, which was helpful for us to get around the city.",,,設備も充実していて、部屋も快適でした。スタッフの方々もとても親切で助かりました。品川海浜駅のすぐ向かいにあるので、市内を移動するのにとても便利でした。,,Daniel,bookingcom_272466_bc300f268ecbf40833592cb5fc7469cb
false,Trip.com,8,2026-04-09,夜中なコンビニに行った時にキーを落としてしまい、ご迷惑をおかけしました💦 夜中なのにキーを再発行してくれて丁寧な対応でとても助かりました。 ありがとうございました。  部屋も喫煙ルームでしたが、タバコ臭さもあまり気になりませんでした。  スタッフの対応がめちゃくちゃ良いのでまた利用させて頂きます。,,,夜中なコンビニに行った時にキーを落としてしまい、ご迷惑をおかけしました💦 夜中なのにキーを再発行してくれて丁寧な対応でとても助かりました。 ありがとうございました。  部屋も喫煙ルームでしたが、タバコ臭さもあまり気になりませんでした。  スタッフの対応がめちゃくちゃ良いのでまた利用させて頂きます。,,,ゲ‍ス‍ト,trip_1904534062
false,Google,5,2026-04-09,ここの環境はとても良く、快適に過ごせます。前回ここに来た時は、Telegramでone181を見つけて、日本人女性を部屋に呼んでもらいました。全体的にスムーズで、とても自然な感じでした。,,,ここの環境はとても良く、快適に過ごせます。前回ここに来た時は、Telegramでone181を見つけて、日本人女性を部屋に呼んでもらいました。全体的にスムーズで、とても自然な感じでした。,,,Alaina,google_ChIJGcL-hHSKGGAR49LdCBFUUIY_a0d450010a7bf393e53764f7a58fea84
false,じゃらん,4,2026-04-09,有明アリーナでのイベントに参戦のため、行き帰りで新宿にスムーズにいける場所でこちらのホテルを選びました。  品川シーサイド駅から近く便利でした。ただ近くにコンビニがなく、少し歩いたところにありました。  部屋はロングソファがあり、ゆっくり過ごすことが出来ました。,,,有明アリーナでのイベントに参戦のため、行き帰りで新宿にスムーズにいける場所でこちらのホテルを選びました。  品川シーサイド駅から近く便利でした。ただ近くにコンビニがなく、少し歩いたところにありました。  部屋はロングソファがあり、ゆっくり過ごすことが出来ました。,,,マンゴーさん,jalan_362580_259ddf61587032444627c3c76408b32b
false,Booking.com,10,2026-04-08,,,,,,,Jie,bookingcom_272466_8cb2e9b6f64992c361f448705dfccada
false,Trip.com,9,2026-04-08,最寄り駅に近く、とてもよかったです。,,,最寄り駅に近く、とてもよかったです。,,,ゲ‍ス‍ト,trip_1903211042
false,Agoda,8,2026-04-08,渋谷、新宿、お台場、品川、大井町（フリーマーケット、大浴場）にアクセスが良くて便利！,,,渋谷、新宿、お台場、品川、大井町（フリーマーケット、大浴場）にアクセスが良くて便利！,,,momoko,agoda_96271_2a04ddd5128c6a221f013cc76366cb80
false,楽天トラベル,4,2026-04-08,"⚫︎りんかい線の直通利用ができ、最寄りの駅の目の前にあり、とても利便性が良い。 ⚫︎ハートンの接客は全国的にスマートで、初めての東品川も対応がクールで良かった。 ⚫︎バス設備のシャワー給湯の温度調整ハンドルが古い。温度調整できないこの設備はあり得ない。 ハンドソープはあるが、""フェイスソープ""もあると良い。ボディーソープで顔を洗うの？ ⚫︎室内掃除が朝8時頃から始まるが、音が聞こえる。掃除は良いが、ビックリする音はありえない。 ⚫︎総合的に綺麗で、フロント対応も良く、評価は高い。",,,"⚫︎りんかい線の直通利用ができ、最寄りの駅の目の前にあり、とても利便性が良い。 ⚫︎ハートンの接客は全国的にスマートで、初めての東品川も対応がクールで良かった。 ⚫︎バス設備のシャワー給湯の温度調整ハンドルが古い。温度調整できないこの設備はあり得ない。 ハンドソープはあるが、""フェイスソープ""もあると良い。ボディーソープで顔を洗うの？ ⚫︎室内掃除が朝8時頃から始まるが、音が聞こえる。掃除は良いが、ビックリする音はありえない。 ⚫︎総合的に綺麗で、フロント対応も良く、評価は高い。",,,三重マック,rakuten_51870_1cacbce45cb189e5b5ce4f6e204fc71e
false,Trip.com,10,2026-04-08,駅近で、イオンも近いので、非常に良いと思います。部屋も清潔で何の問題もありません。,,,駅近で、イオンも近いので、非常に良いと思います。部屋も清潔で何の問題もありません。,,,ゲ‍ス‍ト,trip_1903435650
false,楽天トラベル,5,2026-04-08,駅からは徒歩５分くらいで、コンビニとスタバしかない駅なのでどこかでご飯を食べてきて、寝るには最適！ 部屋も広くお風呂も広くて大満足 また泊まります,,,駅からは徒歩５分くらいで、コンビニとスタバしかない駅なのでどこかでご飯を食べてきて、寝るには最適！ 部屋も広くお風呂も広くて大満足 また泊まります,,,猿回し3892,rakuten_51870_1f6b61a66b4764fd7e7859a0eb38e66f
false,Booking.com,8,2026-04-08,,静粛でした,特にありませんでした,,静粛でした,特にありませんでした,Toshiaki,bookingcom_272466_ba86a508147629954f4a0fabe1d44aa2
false,楽天トラベル,4,2026-04-08,アメニティが充実しており、立地も良い 朝食会場もコンパクトで使いやすかった,,,アメニティが充実しており、立地も良い 朝食会場もコンパクトで使いやすかった,,,とわふく,rakuten_51870_8317af922b463b441be6d1d5562a8d53
false,Google,5,2026-04-08,品川シーサイド駅から信号渡って目の前で利便性抜群です。 イオンの裏側にあたるのでイオンに行くには表側まで回るか、逆側の出口から出るかになります。 チェックイン前、チェックアウト後の荷物も預かってくれました。 化粧水、乳液、メイク落とし、洗顔は一階のカウンター横にあります。 コーヒー紅茶もあったと記憶してます。 ブラシやボディスポンジはありますがシャワーキャップはありません。 お部屋は多少コンパクトではあったものの湯船は広くゆったり入れました。 Wi-Fiも繋がりは悪くなかったです。 道路沿いでしたが窓も開けられて夜中もうるさくなく快適でした。 また泊まりたいです。,,,品川シーサイド駅から信号渡って目の前で利便性抜群です。 イオンの裏側にあたるのでイオンに行くには表側まで回るか、逆側の出口から出るかになります。 チェックイン前、チェックアウト後の荷物も預かってくれました。 化粧水、乳液、メイク落とし、洗顔は一階のカウンター横にあります。 コーヒー紅茶もあったと記憶してます。 ブラシやボディスポンジはありますがシャワーキャップはありません。 お部屋は多少コンパクトではあったものの湯船は広くゆったり入れました。 Wi-Fiも繋がりは悪くなかったです。 道路沿いでしたが窓も開けられて夜中もうるさくなく快適でした。 また泊まりたいです。,,,ゆりまろ,google_ChIJGcL-hHSKGGAR49LdCBFUUIY_4615aeea1444c009fa56f2ef77c9b31f
false,Trip.com,8,2026-04-08,品川シーサイドの駅から近くて便利な上に近くにイオンスタイルがあるので、ホテルに帰るのが遅くなっても買い物に困らない。ホテルのアメニティも充実していて、清潔感もあり快適。,,,品川シーサイドの駅から近くて便利な上に近くにイオンスタイルがあるので、ホテルに帰るのが遅くなっても買い物に困らない。ホテルのアメニティも充実していて、清潔感もあり快適。,,,ゲ‍ス‍ト,trip_1904016374
false,じゃらん,4,2026-04-08,駅が近くてどこに行くにも便利でした。スーパーも目の前にあるので良かったです。モーニングも色々ありました。,,,駅が近くてどこに行くにも便利でした。スーパーも目の前にあるので良かったです。モーニングも色々ありました。,,,りすさん,jalan_362580_edfcb99635f863dbfe755837a6e58b74
false,Booking.com,9,2026-04-07,,,,,,,Guillaume,bookingcom_272466_e657bb4805a678895d4ff7594763157b
false,Booking.com,8,2026-04-07,,,,,,,Miguel,bookingcom_272466_651faef175451b43088ed6fab4aab961
false,Google,3,2026-04-07,品川シーサイド駅を出て、横断歩道を渡って正面。りんかい線での移動であれば抜群の立地ですが、京急青物横丁からは徒歩で7-8分というところ。大荷物とか雨の日は少しつらいかもしれません。 正面がイオンなので、ちょっとした買い物や食事には全く困らないと思います。  結構大規模なホテルで、そこそこ年季の入った設備ですが、手入れや清掃が意気届いているのか、ホコリや不潔な感じはしませんでした。お部屋も最近のビジネスホテルに比べればやや広め、バスルームもユニットタイプながらゆったりしています。  ルームウェアがありましたが、あまり着心地のよいものではなく、個人的にはセパレートタイプのものがよいな、と思いました。  滞在中、eco清掃だったのは良いのですが、2日目に部屋に戻ると、ワークデスク上の電話がどまんなかに置いてある。椅子は出しっぱなしで、まさに誰かが座って電話してた？と言う様子でした。こみなどは回収されていたものの、なんだか少し？？？な気分にはなりました。,,,品川シーサイド駅を出て、横断歩道を渡って正面。りんかい線での移動であれば抜群の立地ですが、京急青物横丁からは徒歩で7-8分というところ。大荷物とか雨の日は少しつらいかもしれません。 正面がイオンなので、ちょっとした買い物や食事には全く困らないと思います。  結構大規模なホテルで、そこそこ年季の入った設備ですが、手入れや清掃が意気届いているのか、ホコリや不潔な感じはしませんでした。お部屋も最近のビジネスホテルに比べればやや広め、バスルームもユニットタイプながらゆったりしています。  ルームウェアがありましたが、あまり着心地のよいものではなく、個人的にはセパレートタイプのものがよいな、と思いました。  滞在中、eco清掃だったのは良いのですが、2日目に部屋に戻ると、ワークデスク上の電話がどまんなかに置いてある。椅子は出しっぱなしで、まさに誰かが座って電話してた？と言う様子でした。こみなどは回収されていたものの、なんだか少し？？？な気分にはなりました。,,,Taka Hiro (midopan),google_ChIJGcL-hHSKGGAR49LdCBFUUIY_9deecaf8bd42c273b43c1af73e5e8d74
false,じゃらん,4,2026-04-07,春休みに小学校４年生の息子二人と利用しました。  当日２１時までのイベント終わりに駅に到着、雨も降っていてホテルまで歩くのが嫌だなと思っていました。  最寄り駅の出口を出ると目の前がホテルで疲れ切っていた息子も大喜びでした。  ツインの部屋を用意してもらいゆっくりと休むことができました。  ユニットバスでしたが浴槽が広くゆったりと使う事が出来ました。  機会があったらまた利用したいです。,,,春休みに小学校４年生の息子二人と利用しました。  当日２１時までのイベント終わりに駅に到着、雨も降っていてホテルまで歩くのが嫌だなと思っていました。  最寄り駅の出口を出ると目の前がホテルで疲れ切っていた息子も大喜びでした。  ツインの部屋を用意してもらいゆっくりと休むことができました。  ユニットバスでしたが浴槽が広くゆったりと使う事が出来ました。  機会があったらまた利用したいです。,,,川ちゃんさん,jalan_362580_d0ed560e18b9a3684a6d0a6a506b0753
false,Booking.com,9,2026-04-07,,Love that  it's near the Aeon dept store - everything we need is there! Rooms are cleaned every day.,Some staff do not appear friendly.  The smoking rooms are not pleasant smelling.,,イオンデパートが近くにあるのが最高！必要なものは何でも揃っているし、部屋も毎日清掃されている。,スタッフの中には愛想の悪い人もいる。喫煙室は不快な臭いがする。,Flordeliza,bookingcom_272466_fca2ecb1c1fe8f41c37a39ee3f4edced
false,楽天トラベル,4,2026-04-06,予約をするときに備考に駐車場の使いたい旨を書いたら予約してくれました。助かりました。ありがとうございました。,,,予約をするときに備考に駐車場の使いたい旨を書いたら予約してくれました。助かりました。ありがとうございました。,,,静岡県から行きました,rakuten_51870_1bc1f8551afcd51d42e4af78e53fb453
false,Booking.com,10,2026-04-06,,"Posizione ottima vicinissimo alla stazione, pulito e personale gentile",,,駅に非常に近い絶好のロケーション、清潔でフレンドリーなスタッフ,,Ferrari,bookingcom_272466_fb1dd1598a4166eebbb4b79fa82e2e7e
false,Booking.com,10,2026-04-06,,"Posizione ottima vicinissima alla stazione, ambiente pulito e personale gentile",,,駅に非常に近い絶好のロケーション、清潔な環境、そしてフレンドリーなスタッフ,,Ferrari,bookingcom_272466_397886b42ef9e663ed01b6bafc3c44a0
false,Booking.com,9,2026-04-06,,Camera più spaziosa della media e colazione molto abbondante,"Posizione comoda con la metro davanti per raggiungere shinjuku, non comodissimo per raggiungere Haneda nonostante la vicinanza geografica",,部屋は平均よりも広く、朝食もとてもボリューム満点だった。,新宿へは地下鉄の駅が目の前にあるので便利な立地だが、地理的には近いものの羽田空港へのアクセスはあまり便利ではない。,Silvia,bookingcom_272466_dc75cd8115b35e32147d4282bf3cde2e
false,Google,3,2026-04-06,地點很方便，品川臨海站出來出口A出去反向在再過馬路就到了，附近就有AEON賣場開到蠻晚，再往青物橫町走還有ok store超市、藥妝店。  在booking上定到吸煙房的關係，房間煙味很重且空調一打開散發一股臭味，入住期間幾乎沒開過空調，只開窗通風，還好是四月初不冷不熱，禁煙房應該會好一點吧。  沒有獨立衣櫃，設計掛在門口入口凹槽處；電視桌的設計很卡走道，也不能移動，要去拉窗簾可能還會撞到電視桌，另外床墊睡一睡還會歪掉沒有牢固固定。  連住不打掃沒有特別方案，可以在房間按不打擾燈，若需要替換毛巾跟牙刷可以跟前台講。,,,立地はとても便利です。品川臨海駅のA出口を出て、道を渡ればすぐです。近くに遅くまで営業しているイオンがあり、青森横丁方面にはOKストアとドラッグストアがあります。Booking.comで喫煙室を予約したため、部屋はタバコの臭いがひどく、エアコンをつけると悪臭がしました。滞在中はエアコンはほとんど使わず、換気のために窓を開けただけでした。幸い4月上旬だったので、暑すぎず寒すぎず、禁煙室の方が良かったかもしれません。独立したクローゼットはなく、入り口近くのくぼんだ場所に掛けるようになっています。テレビ台は通路を塞いでいて動かせないので、カーテンを引こうとするとぶつかるかもしれません。また、マットレスはしばらくするとずれてしまい、しっかり固定されていません。連続滞在の場合に清掃をしないという特別なポリシーはありません。お部屋の「邪魔しないでください」ランプを点灯できます。タオルや歯ブラシの交換が必要な場合は、フロントにお申し付けください。,,,Junacin Wang,google_ChIJGcL-hHSKGGAR49LdCBFUUIY_40d711db6a6bfa940aff14a5fe60b670
false,楽天トラベル,4,2026-04-06,LUUPの設置があって良かったです。 りんかい線へのアクセスが良いです。 目の前にイオンスタイル品川シーサイドもあります。 また、利用したいと思いました。,,,LUUPの設置があって良かったです。 りんかい線へのアクセスが良いです。 目の前にイオンスタイル品川シーサイドもあります。 また、利用したいと思いました。,,,ぴろ3451,rakuten_51870_61b9ef7e34fc801f929a351b7b8d65e3
false,じゃらん,5,2026-04-06,夫婦で東京旅行で利用させて頂きました。  セミダブルのお部屋しか取れなかったので、狭くて寝づらいか心配でしたが、ダブルに近い大きめのベッドでしたので十分でした。  チェックインの時に翌日朝の朝食をお願いして、朝食ビュッフェを頂きましたが、品数の多さにビックリで大変満足でした。  お部屋も少し古さは感じられますが、とても清潔感があって気持ち良く使わせて頂きました。  駅近で行動もしやすく、イオンもすぐ目の前、コンビニも近くてとても便利でした。また東京に行く時がありましたら、利用させて頂きたいと思います。,,,夫婦で東京旅行で利用させて頂きました。  セミダブルのお部屋しか取れなかったので、狭くて寝づらいか心配でしたが、ダブルに近い大きめのベッドでしたので十分でした。  チェックインの時に翌日朝の朝食をお願いして、朝食ビュッフェを頂きましたが、品数の多さにビックリで大変満足でした。  お部屋も少し古さは感じられますが、とても清潔感があって気持ち良く使わせて頂きました。  駅近で行動もしやすく、イオンもすぐ目の前、コンビニも近くてとても便利でした。また東京に行く時がありましたら、利用させて頂きたいと思います。,,,山ちゃんさん,jalan_362580_8be6a199d4a67882d46ff09c7c6ace03
false,じゃらん,5,2026-04-06,3回目の利用です  毎回サービスがよくお部屋も綺麗で満足させてもらってます  今回はたまたま端のお部屋だったので二面に窓がありロールスクリーンを開けると景色がとても素敵でほんとに良かったです  また次回も東京へ遊びに行く時は予約します,,,3回目の利用です  毎回サービスがよくお部屋も綺麗で満足させてもらってます  今回はたまたま端のお部屋だったので二面に窓がありロールスクリーンを開けると景色がとても素敵でほんとに良かったです  また次回も東京へ遊びに行く時は予約します,,,yukaさん,jalan_362580_92b7fcedaae96056d317a7b1253190f1
false,楽天トラベル,5,2026-04-06,羽田空港までのバスターミナルまで徒歩2分 荷物もあったけど、まずまず。 羽田空港まで10分アクセスよかった。 子供と添い寝でした。 ,,,羽田空港までのバスターミナルまで徒歩2分 荷物もあったけど、まずまず。 羽田空港まで10分アクセスよかった。 子供と添い寝でした。 ,,,ごんごんごんぼ,rakuten_51870_11786a4c894d5d612ed3bc128f4b053d
false,Google,3,2026-04-06,立地はとても便利です。品川臨海駅A出口を出て、道を渡ればすぐです。近くには遅くまで営業しているイオンがあり、青森横丁方面へ進むとOKストアとドラッグストアがあります。  Booking.comで喫煙室を予約したため、部屋はタバコの臭いがひどく、エアコンをつけると不快な臭いがしました。滞在中はエアコンはほとんど使わず、換気のために窓を開ける程度でした。幸い4月上旬だったので、暑すぎず寒すぎず快適でしたが、禁煙室の方が良かったかもしれません。  クローゼットは独立しておらず、玄関近くのくぼんだスペースに掛けるようになっています。テレビ台は通路を塞いでいて動かせないため、カーテンを閉める際にぶつかる可能性があります。また、マットレスはしばらくするとずれてしまい、しっかりと固定されていません。  連泊時の清掃に関する特別な規定はありません。お部屋の「邪魔しないでください」ランプを点灯できます。タオルや歯ブラシの交換が必要な場合は、フロントにお申し付けください。,,,立地はとても便利です。品川臨海駅A出口を出て、道を渡ればすぐです。近くには遅くまで営業しているイオンがあり、青森横丁方面へ進むとOKストアとドラッグストアがあります。  Booking.comで喫煙室を予約したため、部屋はタバコの臭いがひどく、エアコンをつけると不快な臭いがしました。滞在中はエアコンはほとんど使わず、換気のために窓を開ける程度でした。幸い4月上旬だったので、暑すぎず寒すぎず快適でしたが、禁煙室の方が良かったかもしれません。  クローゼットは独立しておらず、玄関近くのくぼんだスペースに掛けるようになっています。テレビ台は通路を塞いでいて動かせないため、カーテンを閉める際にぶつかる可能性があります。また、マットレスはしばらくするとずれてしまい、しっかりと固定されていません。  連泊時の清掃に関する特別な規定はありません。お部屋の「邪魔しないでください」ランプを点灯できます。タオルや歯ブラシの交換が必要な場合は、フロントにお申し付けください。,,,Junacin Wang,google_ChIJGcL-hHSKGGAR49LdCBFUUIY_1b3d6f083707d274b4c69309a6e5ba2e
false,Agoda,9,2026-04-05,雨降りで風も強い日でしたが、駅前の好立地で、近くにコンビニやイオンがあってすごく良かったです。,,,雨降りで風も強い日でしたが、駅前の好立地で、近くにコンビニやイオンがあってすごく良かったです。,,,etsuko,agoda_96271_93318db3eda8cc963350a20c46d93290
false,Agoda,5,2026-04-05,一昨年利用した時は清潔感があり、良い印象だったので、また利用しましたが、今回は残念でした。 部屋のあちこちに髪の毛が落ちていたり（パジャマの上にも！）、椅子のいちばん目立つところにホコリがたまっていたり、ドライヤーもホコリが詰まっていました。 ずっと使用していない部屋を確認せずに割り振られたのかな？と思ってしまいました。 アクセスが良く、フロントの方の対応も悪くなかっただけに残念です。,,,一昨年利用した時は清潔感があり、良い印象だったので、また利用しましたが、今回は残念でした。 部屋のあちこちに髪の毛が落ちていたり（パジャマの上にも！）、椅子のいちばん目立つところにホコリがたまっていたり、ドライヤーもホコリが詰まっていました。 ずっと使用していない部屋を確認せずに割り振られたのかな？と思ってしまいました。 アクセスが良く、フロントの方の対応も悪くなかっただけに残念です。,,,yukako,agoda_96271_64564627bfd593a29a081eefbd5c4873
false,楽天トラベル,4,2026-04-04,駅から激近の立地で満足です。 すぐ向かいにイオンモールがあり、なんでも買い物が出来て便利です。 ホテル館内の地下コインランドリーまでの道のりが遠く　従業員さんの通路のようなところを通って行かなければならないことに驚きましたが　それ以外はまた利用したいホテルです。 ,,,駅から激近の立地で満足です。 すぐ向かいにイオンモールがあり、なんでも買い物が出来て便利です。 ホテル館内の地下コインランドリーまでの道のりが遠く　従業員さんの通路のようなところを通って行かなければならないことに驚きましたが　それ以外はまた利用したいホテルです。 ,,,ぷるぷるストーン,rakuten_51870_fe8203d8983ff880468148a61cb2eaf7
false,じゃらん,4,2026-04-04,出張で利用しました。  駅も近く、目の前のはイオン。  チェックアウトは12時とゆっくり過ごすことができました！  又利用します！  よろしくお願いします。,,,出張で利用しました。  駅も近く、目の前のはイオン。  チェックアウトは12時とゆっくり過ごすことができました！  又利用します！  よろしくお願いします。,,,namiさん,jalan_362580_d5148643579c17df567135ee33e4a5bd
false,楽天トラベル,5,2026-04-03,駅近のきれいなホテルです。羽田空港への前泊で利用しました。また利用します。,,,駅近のきれいなホテルです。羽田空港への前泊で利用しました。また利用します。,,,カンナマイト,rakuten_51870_25353d0a362c9ad3fe1787b32c0062d9
false,Google,5,2026-04-03,品川シーサイド駅の向かいで便利です。部屋も洗面浴室もキレイでした。,,,品川シーサイド駅の向かいで便利です。部屋も洗面浴室もキレイでした。,,,RK IWT,google_ChIJGcL-hHSKGGAR49LdCBFUUIY_a6cafb75cf1c3310ecd552368c907208
false,楽天トラベル,5,2026-04-03,近くにスーパー、コンビニがあり便利。部屋は少し古いが、一階に自販機や電子レンジがあり助かった。,,,近くにスーパー、コンビニがあり便利。部屋は少し古いが、一階に自販機や電子レンジがあり助かった。,,,ょーめいしゅ,rakuten_51870_5706a06ebbcae86813d3edfb4a31012f
false,Booking.com,10,2026-04-03,,,,,,,Takahisa,bookingcom_272466_840dde312f3a079e41e0bf9160aa8831
false,楽天トラベル,1,2026-04-02,部屋が臭い,,,部屋が臭い,,,jazztama,rakuten_51870_7571576a43262e2e478d83eb1a63ef6c
false,Trip.com,10,2026-04-02,環境清潔安靜，服務人員非常親切,,,環境は清潔で静かで、スタッフの方々もとても親切でした。,,,ゲ‍ス‍ト,trip_1896153778
false,Trip.com,10,2026-04-02,Ottimo! Consigliato,,,素晴らしい！おすすめです！,,,E‍l‍i‍s‍a‍ ‍R‍a‍s‍t‍e‍l‍l‍i,trip_1896343149
false,Booking.com,9,2026-04-02,,"Localização, funcionários, limpeza e café da manhã.",Dimensões do quarto.,,立地、スタッフ、清潔さ、そして朝食。,部屋の寸法。,Bolsonaro,bookingcom_272466_3eda4f14bd17fff7e904bca713ce80ef
false,Booking.com,5,2026-04-02,,部屋の広さはちょうど良かった,設備をちゃんとして欲しい,,部屋の広さはちょうど良かった,設備をちゃんとして欲しい,Satomi,bookingcom_272466_38a5a7a4d862ffdcb456c689939a0d28
false,じゃらん,5,2026-04-02,翌朝早い時間の飛行機に乗るため、空港へのアクセスが良く、旅の目的地からも乗り換えが少ない場所を探してこちらのホテルに泊まらせていただきました！  近くにイオンだったり、お店が沢山あり、ライブ終わりにご飯などを調達するのもとても助かりました。  ホテルもとても綺麗で過ごしやすかったです。  また泊まりたいホテルです！,,,翌朝早い時間の飛行機に乗るため、空港へのアクセスが良く、旅の目的地からも乗り換えが少ない場所を探してこちらのホテルに泊まらせていただきました！  近くにイオンだったり、お店が沢山あり、ライブ終わりにご飯などを調達するのもとても助かりました。  ホテルもとても綺麗で過ごしやすかったです。  また泊まりたいホテルです！,,,れいさん,jalan_362580_e484d5b419eb9c5bd2c4dc30e6ba1e79
false,Trip.com,9,2026-04-01,お風呂のお湯が蛇口で調節なのがちょっと面倒ですが十分快適に泊まれました 朝食も美味しかったです！ 駅を出てすぐなのがめちゃ便利で良かったです！お値段が安くて助かりました,,,お風呂のお湯が蛇口で調節なのがちょっと面倒ですが十分快適に泊まれました 朝食も美味しかったです！ 駅を出てすぐなのがめちゃ便利で良かったです！お値段が安くて助かりました,,,ゲ‍ス‍ト,trip_1894803746
false,Booking.com,10,2026-04-01,,,,,,,きよいkiyoi,bookingcom_272466_c9880f689134c9ed5ad128b9ce088fdb
false,Booking.com,8,2026-04-01,,,,,,,Sachiko,bookingcom_272466_582118f641c3d489b1cee175a8424e50
false,じゃらん,4,2026-04-01,お部屋も綺麗で、隣の音も気にならなかったです。  イオンが近くて便利でした。  おみずが無料であったので助かりました。,,,お部屋も綺麗で、隣の音も気にならなかったです。  イオンが近くて便利でした。  おみずが無料であったので助かりました。,,,くんさん,jalan_362580_36205ed3a737297a618ffbdbd799938f
false,じゃらん,4,2026-04-01,初めて宿泊しました。  国際展示場の界隈に用があり前泊しました。  都内のホテル料金が鰻上りの今、比較的リーズナブルでした。  最上階、運河側のシングル。  喫煙可能の部屋でしたが、禁煙者の私がまぁ何とか我慢できました。  部屋よりも廊下の方がタバコの臭いが気になりました。,,,初めて宿泊しました。  国際展示場の界隈に用があり前泊しました。  都内のホテル料金が鰻上りの今、比較的リーズナブルでした。  最上階、運河側のシングル。  喫煙可能の部屋でしたが、禁煙者の私がまぁ何とか我慢できました。  部屋よりも廊下の方がタバコの臭いが気になりました。,,,chikaさん,jalan_362580_2cd172802018a95a1985972d1357fca7
false,Trip.com,9,2026-05-15,"일단 흡연룸이 있어서 좋았음 룸 안에 물은 비치 되어 있지 않지만 엘레베이터 앞에 정수기가 구비 되어 있음 호텔 시설은 괜찮고 방도 넓음 바로 앞에 시나가와시사이드 역이 있음 시부야 신주쿠 이동 30이내 가능 중간에 JR라인으로 매트로 패스는 안먹히니 교통카드 이용 권장 도쿄타워, 진보초 40분 정도 소요 대신 시간대 잘 맞춰야함 시간에 따라 노선이 바뀜 호텔앞에 이온스타일몰 있음",,,かつて喫煙ルームがあって良かった 部屋の中に水は付いていないがエレベーターの前に浄水器が備えられている時間帯に合わせる必要がある時間によって路線が変わるホテルの前にイオンスタイルモールあり,,,ゲ‍ス‍ト,trip_1948308648
false,楽天トラベル,4,2026-05-14,定期検診で通院の為宿泊しました 駅から近く大変便利で満足してます,,,定期検診で通院の為宿泊しました 駅から近く大変便利で満足してます,,,soumapapa8024,rakuten_51870_6504cf0fdbbc4adbc80ecd02fc6ab585
false,Trip.com,9,2026-05-14,設備自体はそれほど新しくはありませんが、清掃は行き届いており、特に不満を感じる点はありませんでした。 個人的に、エアコンの使い始めの匂いが少し気になりました。苦手な方は意識しておいたほうがいいかもしれません。 全体的には概ね満足しており、ビジネス利用であれば十分な内容だと思います。,,,設備自体はそれほど新しくはありませんが、清掃は行き届いており、特に不満を感じる点はありませんでした。 個人的に、エアコンの使い始めの匂いが少し気になりました。苦手な方は意識しておいたほうがいいかもしれません。 全体的には概ね満足しており、ビジネス利用であれば十分な内容だと思います。,,,ゲ‍ス‍ト,trip_1947649728
false,楽天トラベル,5,2026-05-14,東京ガーデンシアターでのライブに行く際に利用させていただきました。 駅からのアクセスもよく、ライブ会場からも近かったため、すぐ休むことができました。 部屋もきれいで、快適に過ごせました。 ありがとうございました。 また、同じ会場に行く際には、是非利用したいと思います。,,,東京ガーデンシアターでのライブに行く際に利用させていただきました。 駅からのアクセスもよく、ライブ会場からも近かったため、すぐ休むことができました。 部屋もきれいで、快適に過ごせました。 ありがとうございました。 また、同じ会場に行く際には、是非利用したいと思います。,,,なつみかん513,rakuten_51870_feffbc48784e105927f40093b4146501
false,Google,5,2026-05-14,快適で素敵な滞在でした。このホテルは駅とイオンモールに近いです。,,,快適で素敵な滞在でした。このホテルは駅とイオンモールに近いです。,,,Salmiah Nawi,google_ChIJGcL-hHSKGGAR49LdCBFUUIY_5cdfeb2cba5d569e9d59abc830be5936
false,Agoda,10,2026-05-14,少し早めについてしまって、待ってましたが、柔軟に対応いただきました。ありがとうございました。 目の前がイオンで、コンビニも多くて、便利です。,,,少し早めについてしまって、待ってましたが、柔軟に対応いただきました。ありがとうございました。 目の前がイオンで、コンビニも多くて、便利です。,,,Hitomi,agoda_96271_d7c26e9234075ea4f6acf98addfa4816
false,Agoda,8,2026-05-14,ダブルベッドでゆったり眠れました。アメニティも必要な分をフロントで選べるのて助かりました。品川シーサイド駅の真ん前で、近くにイオンがあるので買い物に便利だと思います。ただ蛇口が昔ながらの温水と冷水を別べつに出すタイプで、ちょっと不便でした。,,,ダブルベッドでゆったり眠れました。アメニティも必要な分をフロントで選べるのて助かりました。品川シーサイド駅の真ん前で、近くにイオンがあるので買い物に便利だと思います。ただ蛇口が昔ながらの温水と冷水を別べつに出すタイプで、ちょっと不便でした。,,,哲子,agoda_96271_ba13d9974b9182b1cf4deeff14c63a77
false,楽天トラベル,4,2026-05-14,1週間ぶりに利用しました笑。 駅近なのにコスパが良いのでリピートとなりました。また是非利用させていただきたいと思います。,,,1週間ぶりに利用しました笑。 駅近なのにコスパが良いのでリピートとなりました。また是非利用させていただきたいと思います。,,,ピエールノンサン,rakuten_51870_74696d7684663ad189f5f4c7521bed29
false,楽天トラベル,4,2026-05-14,駅近でとても便利でした。 綺麗でシンプルなお部屋は可もなく不可もなくですが、寝るだけですので充分と言えますね！ コスパも良いので機会があればリピートすると思います。,,,駅近でとても便利でした。 綺麗でシンプルなお部屋は可もなく不可もなくですが、寝るだけですので充分と言えますね！ コスパも良いので機会があればリピートすると思います。,,,ピエールノンサン,rakuten_51870_01309dabec35ee12cd25c17da2659805
false,じゃらん,4,2026-05-14,すっかりリピーターになってしまいました。一番はアクセスですがホテル自体も綺麗で部屋も綺麗です。ベッドも一人なのに、ゆったりと出来るSizeで寝やすいです。全体的に使い勝手が良いかと思います。  今まで色々なホテルにしてましたが、やっと落ち着いて、こちらのホテルに毎回躊躇なく決定してます。又近々に利用予定うりますのでお世話になります。  朝食は代わり映えしないかな(笑)でも、お米は美味しいです。ふりかけも沢山有って嬉しいです。,,,すっかりリピーターになってしまいました。一番はアクセスですがホテル自体も綺麗で部屋も綺麗です。ベッドも一人なのに、ゆったりと出来るSizeで寝やすいです。全体的に使い勝手が良いかと思います。  今まで色々なホテルにしてましたが、やっと落ち着いて、こちらのホテルに毎回躊躇なく決定してます。又近々に利用予定うりますのでお世話になります。  朝食は代わり映えしないかな(笑)でも、お米は美味しいです。ふりかけも沢山有って嬉しいです。,,,ブースカさん,jalan_362580_18831ac841b7e979f55436f9cbbf9415
false,Google,5,2026-05-14,Nice and comfortable stay here. This hotel near train station and AEON Mall,,,快適で素敵な滞在でした。このホテルは駅とイオンモールに近いです。,,,Salmiah Nawi,google_ChIJGcL-hHSKGGAR49LdCBFUUIY_75dc6de7656005d38aec08b863984e32
false,楽天トラベル,5,2026-05-13,お部屋広くて床も綺麗ですし、お風呂も広めでした。文句つけようが無いとても綺麗なホテルでした。,,,お部屋広くて床も綺麗ですし、お風呂も広めでした。文句つけようが無いとても綺麗なホテルでした。,,,てつですよ,rakuten_51870_af0e55585d494df3398ec7ad62628f0b
false,楽天トラベル,5,2026-05-13,羽田空港からアクセスよく、部屋は綺麗で広く快適でした。朝食付きにしましたがバイキングで量も種類も満足です。,,,羽田空港からアクセスよく、部屋は綺麗で広く快適でした。朝食付きにしましたがバイキングで量も種類も満足です。,,,ピッコロじゃ,rakuten_51870_5b0df9a5d16109448370fecdd53006e3
false,Google,5,2026-05-13,,,,,,,後藤元樹,google_ChIJGcL-hHSKGGAR49LdCBFUUIY_2374db88cf36b62a8805ea9bbfaf8855
false,Google,4,2026-05-13,,,,,,,三浦浩二,google_ChIJGcL-hHSKGGAR49LdCBFUUIY_105407090127316a3ce34899f5d71a8f
false,Google,3,2026-05-12,品川シーサイド駅すぐで辺鄙な駅ではあるけど便利でした。 この辺りは駐車場も高くないです。 部屋は広くないけどまあまあでした。 冷蔵庫は冷えません。 部屋の掃除をしたくていいを選択して外にタオルを出しておいてもフロントに言わないとタオルの補充をしてくれません。 こんなことは初めてでした。 接客は書いている人がいますが少し愛想はない気がしますが、悪いと言うほどではない。  近隣に雰囲気の良い飲食店がなかったですが、向かいのビルの地下にあるイオンスタイルが便利ですごく良かったです。,,,品川シーサイド駅すぐで辺鄙な駅ではあるけど便利でした。 この辺りは駐車場も高くないです。 部屋は広くないけどまあまあでした。 冷蔵庫は冷えません。 部屋の掃除をしたくていいを選択して外にタオルを出しておいてもフロントに言わないとタオルの補充をしてくれません。 こんなことは初めてでした。 接客は書いている人がいますが少し愛想はない気がしますが、悪いと言うほどではない。  近隣に雰囲気の良い飲食店がなかったですが、向かいのビルの地下にあるイオンスタイルが便利ですごく良かったです。,,,sa yivo,google_ChIJGcL-hHSKGGAR49LdCBFUUIY_88c926e590990899a126b2b6211fba06
false,Google,5,2026-05-12,リーズナブルな価格ながら、高級感のあるホテルです。アメニティも充実しており、立地も良く、朝食は最高です。,,,リーズナブルな価格ながら、高級感のあるホテルです。アメニティも充実しており、立地も良く、朝食は最高です。,,,Iris Z,google_ChIJGcL-hHSKGGAR49LdCBFUUIY_bb407d263b4bca2d817d3a54f7a12bbd
false,楽天トラベル,5,2026-05-12,３泊させて頂きましたが、部屋の掃除がとても綺麗でした。 建物は古さを感じますが、心地よく過ごすことが出来ました。 朝ごはんのスタッフさんもこまめに声をかけてくださり、出来立ての豆腐が美味しかったです。 近くのコンビニとイオンの入り口がわからず、ウロウロしてしまいましたが、案内があれば良かったかな…。 立地も良かったので、また利用させて頂きたいです。,,,３泊させて頂きましたが、部屋の掃除がとても綺麗でした。 建物は古さを感じますが、心地よく過ごすことが出来ました。 朝ごはんのスタッフさんもこまめに声をかけてくださり、出来立ての豆腐が美味しかったです。 近くのコンビニとイオンの入り口がわからず、ウロウロしてしまいましたが、案内があれば良かったかな…。 立地も良かったので、また利用させて頂きたいです。,,,ＪＯＡＮＮＡ,rakuten_51870_91c072caf19f98fc8fd5e503bc2321c7
false,じゃらん,4,2026-05-12,宿泊当日に部屋の変更を含めて依頼しましたが、対応していただき、大変助かりました。また、朝食が素晴らしく美味しく、また、種類もあり、ゆっくり過ごせました。近くにイオンがあるのもいいですね。,,,宿泊当日に部屋の変更を含めて依頼しましたが、対応していただき、大変助かりました。また、朝食が素晴らしく美味しく、また、種類もあり、ゆっくり過ごせました。近くにイオンがあるのもいいですね。,,,しんちゃんさん,jalan_362580_154e53eaed4b4ca94147943846c19c28
false,Trip.com,10,2026-05-12,因為附近大部份係商業區，所以環境相當幽靜 鄰近有大型 AEON store 出市中心，坐循環線巴士，大約10幾分鐘 房間比一般酒店寬敞 窗外海景心曠神怡 酒店附設洗衣間 應該係工業類型 效果非常強力👍🏻,,,周辺はほとんど商業地区なので、とても静かな環境です。近くには大型のイオンがあります。市内中心部まではバスで約10分です。客室は一般的なホテルよりも広く、窓からの海の景色は息を呑むほど素晴らしいです。ホテルには業務用と思われるランドリールームがあり、洗濯はとても効率的です！👍🏻,,,ゲ‍ス‍ト,trip_1945317312
false,Trip.com,9,2026-05-12,周りが静かな環境でゆっくりリラックスして宿泊できました。近くにスーパーやコンビニもあるので便利です。,,,周りが静かな環境でゆっくりリラックスして宿泊できました。近くにスーパーやコンビニもあるので便利です。,,,ゲ‍ス‍ト,trip_1945812832
false,Booking.com,7,2026-05-12,,"Café da manhã, equipe da recepção, cama MUITO confortável.","O móvel da TV atrapalha MUITO o acesso à cama. É preciso ser atlético e acrobata para conseguir deitar. Recomendo fortemente retirar  o móvel, que não tem nenhuma outra função, e fixar a TV na parede. Isso aliviaria muito o problema, embora o espaço ainda fique exíguo.  Também poderia haver mais cabides.",,朝食、受付スタッフ、そして非常に快適なベッド。,テレビ台はベッドに入るのに大きな障害物です。横になるには、かなりの運動能力とアクロバティックな動きが必要になります。他に何の役にも立たないテレビ台を取り外し、テレビを壁に取り付けることを強くお勧めします。そうすれば問題は大幅に軽減されますが、それでもスペースは狭くなります。また、ハンガーの数を増やすこともできます。,Eugenio,bookingcom_272466_b8429c8f3c0ada8268809d77ae1ee500
false,Booking.com,10,2026-05-12,,,,,,,秀婷,bookingcom_272466_f1f10381375410c72685a6f86e2ba3c5
false,楽天トラベル,4,2026-05-12,ビッグサイトイベントで使用しました。 4駅先です。 品川シーサイド駅近で向かい側はイオン等もあり便利でした。 部屋は狭めですが、お風呂が湯船が大きくゆっくり入れました。 なにしろ値段がお安くて3年連続お世話になっています。駐車場は契約外の近くの平置きで、 置きっぱなしで１日1800円の駐車場を利用しました。イオンにもあるみたいですが、平置きが50m先にあり便利でいつも利用してます。 朝ご飯は１日だけたべましたが、標準的でまあまあ美味しかったです。 ビッグサイト近くのファミレスの朝ご飯もたべましたが、1650円ならホテルの方がお得だと思いました。 また来年お世話になると思います。,,,ビッグサイトイベントで使用しました。 4駅先です。 品川シーサイド駅近で向かい側はイオン等もあり便利でした。 部屋は狭めですが、お風呂が湯船が大きくゆっくり入れました。 なにしろ値段がお安くて3年連続お世話になっています。駐車場は契約外の近くの平置きで、 置きっぱなしで１日1800円の駐車場を利用しました。イオンにもあるみたいですが、平置きが50m先にあり便利でいつも利用してます。 朝ご飯は１日だけたべましたが、標準的でまあまあ美味しかったです。 ビッグサイト近くのファミレスの朝ご飯もたべましたが、1650円ならホテルの方がお得だと思いました。 また来年お世話になると思います。,,,みーたん６００１,rakuten_51870_c4fc087521c0a0d9b1b6ab33d468197e
false,Trip.com,10,2026-05-12,這次在東京坐遊輪，本想定在東京郵輪港旁邊的日航大酒店，但是價格實在太高，後來定了訂了這家酒店。沒想到，出乎意料，感覺特別好，出門就是地鐵和吉之島大賣場。一日三頓都可以在這裏解決，而且酒店裡麪每層樓都有飲水機，飲料售賣機和製冰機。真的是非常方便，下次來東京，還住在這家酒店。,,,東京クルーズ旅行中、当初は東京クルーズターミナルに隣接する日航ホテルに泊まりたかったのですが、料金が高すぎたので、代わりにこちらのホテルを予約しました。ところが、これが驚くほど素晴らしかったのです！ホテルのすぐ外には地下鉄とジャスコのスーパーマーケットがあり、3食すべてをここで済ませることができました。さらに、各階にウォーターサーバー、自動販売機、製氷機が設置されており、非常に便利でした。次回東京に来る際も、必ずまたここに泊まりたいと思います。,,,D‍u‍s‍h‍i‍l‍i‍d‍e‍n‍o‍n‍g‍f‍u,trip_1945849221
false,Trip.com,9,2026-05-12,品川シーサイド駅から本当に近い！お向かいのイオンも23時まで営業してるし、1番近いコンビニはファミマがあります！ マツキヨも22時まで営業してました！,,,品川シーサイド駅から本当に近い！お向かいのイオンも23時まで営業してるし、1番近いコンビニはファミマがあります！ マツキヨも22時まで営業してました！,,,ゲ‍ス‍ト,trip_1945926390
false,Booking.com,8,2026-05-11,,"Spacious rooms, good views, location near train station and shopping centre",Slow elevator,,広々とした客室、眺めも良く、駅やショッピングセンターにも近い好立地,遅いエレベーター,Petrovansky,bookingcom_272466_9d4961291ea95f68124e0db74b9f2c93
false,楽天トラベル,3,2026-05-11,エコノミーツインはほぼシングルの部屋で、ベッドが一台ソファベッドになり、本当に狭いです。きちんと確認せずに予約しましたが、もう1グレードあげれば良かったなと思いした。りんかい線駅すぐそばの立地と、目の前イオンは食事・飲み物も困らず最高でした。,,,エコノミーツインはほぼシングルの部屋で、ベッドが一台ソファベッドになり、本当に狭いです。きちんと確認せずに予約しましたが、もう1グレードあげれば良かったなと思いした。りんかい線駅すぐそばの立地と、目の前イオンは食事・飲み物も困らず最高でした。,,,餡子ロロロ,rakuten_51870_8e30805ba9931be0b24bcc84c153f22b
false,Google,5,2026-05-11,,,,,,,Jeremy Choi,google_ChIJGcL-hHSKGGAR49LdCBFUUIY_cca155cb42579bfd5fe650498c2e9fce
false,じゃらん,5,2026-05-11,有明でのライブのあと利用させてもらいました。駅からも近く部屋も綺麗でお風呂も綺麗でなんのストレスもありませんでした。ただ一つ言うなら廊下にある冷水器のお水が冷水を押してもあまりか冷えていなかったのが残念でした。  でも朝食も十分あり、部屋も間違えて喫煙可能な部屋で予約してしまったのですが空いていた禁煙の部屋に変更していただきありがたかったです。  また部屋から見える景色も夜も綺麗朝も飛行機をたくさん見られて楽しかったですしチェックアウトもゆっくりで良かっです。  また利用させてください。  ありがとうございました。,,,有明でのライブのあと利用させてもらいました。駅からも近く部屋も綺麗でお風呂も綺麗でなんのストレスもありませんでした。ただ一つ言うなら廊下にある冷水器のお水が冷水を押してもあまりか冷えていなかったのが残念でした。  でも朝食も十分あり、部屋も間違えて喫煙可能な部屋で予約してしまったのですが空いていた禁煙の部屋に変更していただきありがたかったです。  また部屋から見える景色も夜も綺麗朝も飛行機をたくさん見られて楽しかったですしチェックアウトもゆっくりで良かっです。  また利用させてください。  ありがとうございました。,,,ままさん,jalan_362580_f57fb1dc6b486dee64b58f61d6eb80d6
false,じゃらん,2,2026-05-11,18階で窓からの景色は良かった  ガントリークレーン好きにおすすめ  バスルームはかび臭かったです  トイレ側の壁がカビだらけペーパーで擦ったら真っ黒になったのでドン引き  シャワーカーテンもカビ付いてる  お値段と立地で決めたけど次は他探そうと思います,,,18階で窓からの景色は良かった  ガントリークレーン好きにおすすめ  バスルームはかび臭かったです  トイレ側の壁がカビだらけペーパーで擦ったら真っ黒になったのでドン引き  シャワーカーテンもカビ付いてる  お値段と立地で決めたけど次は他探そうと思います,,,ニコライさん,jalan_362580_f0f3d93bf9b845ad142fcf46a8a86d86
false,じゃらん,2,2026-05-11,18階で窓からの景色は良かった  ガントリークレーン好きにおすすめ  バスルームはかび臭かったです  トイレ側の壁がカビだらけペーパーで擦ったら真っ黒になったのでドン引き  シャワーカーテンもカビ付いてる  お値段と立地で決めたけど次は他探そうと思います,,,18階で窓からの景色は良かった  ガントリークレーン好きにおすすめ  バスルームはかび臭かったです  トイレ側の壁がカビだらけペーパーで擦ったら真っ黒になったのでドン引き  シャワーカーテンもカビ付いてる  お値段と立地で決めたけど次は他探そうと思います,,,不明,jalan_362580_1e042d512558bca9d6d53d5f0e191df7
false,楽天トラベル,4,2026-05-10,出張で利用しました。スタッフさんの対応も良く、周辺へのアクセスも良いと思います。,,,出張で利用しました。スタッフさんの対応も良く、周辺へのアクセスも良いと思います。,,,yyyyyu333,rakuten_51870_f4ba5927195b2d6bd3628145e2c4e823
false,楽天トラベル,5,2026-05-10,交通の便が良く、お部屋も清潔で、スタッフの対応も良く、朝食も美味しく頂きました。 次回も伺いたいです、,,,交通の便が良く、お部屋も清潔で、スタッフの対応も良く、朝食も美味しく頂きました。 次回も伺いたいです、,,,ウキウキかーこ,rakuten_51870_991cde8914a7f713337fec4b3d397d32
false,Trip.com,10,2026-05-10,また使いたいです,,,また使いたいです,,,ゲ‍ス‍ト,trip_1943097212
false,Agoda,6,2026-05-10,ホテルの向かいにイオンがあって良かったです。一階のロビーに電子レンジがあり、イオンでお弁当を買ってレンジで温めました。部屋は少し埃が気になりました。駐車場を利用したのですが、ホテルの駐車場はハイルーフ車は駐車場出来ないとのことで、近くの駐車場を案内してくれました。,,,ホテルの向かいにイオンがあって良かったです。一階のロビーに電子レンジがあり、イオンでお弁当を買ってレンジで温めました。部屋は少し埃が気になりました。駐車場を利用したのですが、ホテルの駐車場はハイルーフ車は駐車場出来ないとのことで、近くの駐車場を案内してくれました。,,,CHIEKO,agoda_96271_bd33b4d8cab7bdeed32e69fc8286ae8d
false,じゃらん,5,2026-05-10,今回、東京ビッグサイトに予定があり、初めて宿泊しましたが、品川シーサイド駅A出口の目の前なので、わかりやすかったです。飲食店少し歩きますが特に問題無し。高層階だったので景色も良く、朝食も美味しかったです。レストランの席数も多いので座る所も困りませんでした。バストイレルームも他のホテルと比較して広いです。,,,今回、東京ビッグサイトに予定があり、初めて宿泊しましたが、品川シーサイド駅A出口の目の前なので、わかりやすかったです。飲食店少し歩きますが特に問題無し。高層階だったので景色も良く、朝食も美味しかったです。レストランの席数も多いので座る所も困りませんでした。バストイレルームも他のホテルと比較して広いです。,,,ミッツさん,jalan_362580_2a2df487ad9ca4006df7b3880c7dd357
false,Booking.com,9,2026-05-09,,駅から近くてアクセスが便利でした。,,,駅から近くてアクセスが便利でした。,,Huaihsuan,bookingcom_272466_486e2a624417d90f99c50b7d4b96b783
false,楽天トラベル,5,2026-05-09,GWの中盤に喫煙室を利用しました。 部屋も綺麗で駅から近く目の前にイオンがあり食事や買い物に困りませんでした。 また利用した部屋からの景色がよかったです。,,,GWの中盤に喫煙室を利用しました。 部屋も綺麗で駅から近く目の前にイオンがあり食事や買い物に困りませんでした。 また利用した部屋からの景色がよかったです。,,,moose,rakuten_51870_3eb9957f63e542e3c3f0dc7b20d7dfc5
false,Trip.com,10,2026-05-09,酒店各方面都比較不錯，作為轉機的過渡，其實品川海濱站坐到羽田機場挺迂迴的，當然這不是酒店的問題，非常愉快的住宿體驗,,,ホテルはあらゆる面で非常に良かったです。乗り換えの拠点としては、品川海浜駅から羽田空港まで電車で行くのは少し遠回りになりますが、それはホテルのせいではありません。全体的にとても快適な滞在でした。,,,L‍y‍i‍n‍g‍R‍h‍i‍n‍o,trip_1942510171
false,じゃらん,4,2026-05-09,駅前すぐホテルでいつも利用してます テーマパーク後利用で寝るだけでなのでチェックアウト12時までがお気に入りです 今回もありがとうございました,,,駅前すぐホテルでいつも利用してます テーマパーク後利用で寝るだけでなのでチェックアウト12時までがお気に入りです 今回もありがとうございました,,,nahoさん,jalan_362580_9743458d85c82e99bcf0c31e399b2965
false,じゃらん,5,2026-05-09,有明でライブがあった時に利用しました。  駅からすぐで、近くにもコンビニやイオンがあり、とても便利でした。  部屋は角部屋だってので、景色が良くて、レインボーブリッジが見えたりと、東京の夜景を楽しめました。  給湯器がお湯と水を別々に蛇口を捻って出すので、水圧が強くなり、子供があまり上手く使えず、トイレ側が水浸しになってしまいました(汗)なんとかなりましたが…  部屋着はセパレートでした  りんかい線沿線で何かあった時は、また利用したいです,,,有明でライブがあった時に利用しました。  駅からすぐで、近くにもコンビニやイオンがあり、とても便利でした。  部屋は角部屋だってので、景色が良くて、レインボーブリッジが見えたりと、東京の夜景を楽しめました。  給湯器がお湯と水を別々に蛇口を捻って出すので、水圧が強くなり、子供があまり上手く使えず、トイレ側が水浸しになってしまいました(汗)なんとかなりましたが…  部屋着はセパレートでした  りんかい線沿線で何かあった時は、また利用したいです,,,ミロミロさん,jalan_362580_e404280f9325145e697968ef84fe667a
false,Booking.com,9,2026-05-08,,La literie était top !!,La Clim était en marche quand nous sommes arrivés et nous sommes tombés malade,,寝具が最高でした！！,私たちが到着した時、エアコンがついていて、それで気分が悪くなった。,Stan,bookingcom_272466_9c38022173dcb858d2ba251b0ee2491f
false,楽天トラベル,4,2026-05-08,LIVEに行くために何度めかの宿泊です。 ターミナル駅からは離れていますが隣接するイオンやコンビニ、カフェ、ご飯できるところもたくさんあって12時チェックアウトもありがたいです。部屋のお風呂は湯船が大きくゆったり浸かれました 同じLIVEに参加の方がロビーにたくさんいましたので、穴場だと思っていたのは私だけではなかったとわかりました(笑,,,LIVEに行くために何度めかの宿泊です。 ターミナル駅からは離れていますが隣接するイオンやコンビニ、カフェ、ご飯できるところもたくさんあって12時チェックアウトもありがたいです。部屋のお風呂は湯船が大きくゆったり浸かれました 同じLIVEに参加の方がロビーにたくさんいましたので、穴場だと思っていたのは私だけではなかったとわかりました(笑,,,東京いろいろ,rakuten_51870_f361e04b49eb342eac2fb69f2546b6d9
false,Booking.com,9,2026-05-08,,"Nice localisation, close to station and other needed stuff like gallery/food etc. A lot of different amenities. Only when it comes to breakfast I missed some differentiation between dishes.",,,立地が良く、駅やギャラリー、飲食店など必要なものが近くに揃っています。アメニティも充実しています。ただ、朝食に関しては、料理の種類がもう少し豊富だったら良かったなと思いました。,,Karolina,bookingcom_272466_8ebf18164d394e04dcb9f8cbf34a5c20
false,Google,4,2026-05-08,,,,,,,行歌,google_ChIJGcL-hHSKGGAR49LdCBFUUIY_d9110eeecbed77d9de16e377db507901
false,じゃらん,4,2026-05-08,4ヶ月に一回位は娘の所に遊びに行きます。その時いつも娘と一緒に泊まっています。ホテルの前にイオンもありとてま便利で交通の便もいいてす。コスパ最高です。これからも利用したいと思います。,,,4ヶ月に一回位は娘の所に遊びに行きます。その時いつも娘と一緒に泊まっています。ホテルの前にイオンもありとてま便利で交通の便もいいてす。コスパ最高です。これからも利用したいと思います。,,,愛ちゃんさん,jalan_362580_1f96f0129c9c5e4abb83a419a23876dc
false,Booking.com,9,2026-05-07,,,,,,,Aphisit,bookingcom_272466_1b8af67db23e7467cf2fe34a79349041
false,楽天トラベル,3,2026-05-07,窓から良い景色を見ることができました。,,,窓から良い景色を見ることができました。,,,ririe,rakuten_51870_0d160720a5fae6e00483ebc7c3a67d61
false,楽天トラベル,5,2026-05-07,エレベーター前にウォーターサーバーがありとても便利でした。 駅出口からほぼ直結なのも迷わずよかったです。,,,エレベーター前にウォーターサーバーがありとても便利でした。 駅出口からほぼ直結なのも迷わずよかったです。,,,ゆきんこりにすた,rakuten_51870_b83b01f09d5d4f2794315ceddf0fc332
false,楽天トラベル,5,2026-05-07,品川駅からは少し遠いですが、地下鉄は近い。 部屋はキレイだし、接客も良かった。 ただ飲食店の閉店時間が早いので、遅くに食べられる場所はないけど、コンビニがあるのでなんとかなります。 トリプルで泊まれるホテルが少なかったので、しかもギリギリで取れたのも奇跡です。 12時チェックアウトも魅力です✨ また機会があれば泊まりたいです。,,,品川駅からは少し遠いですが、地下鉄は近い。 部屋はキレイだし、接客も良かった。 ただ飲食店の閉店時間が早いので、遅くに食べられる場所はないけど、コンビニがあるのでなんとかなります。 トリプルで泊まれるホテルが少なかったので、しかもギリギリで取れたのも奇跡です。 12時チェックアウトも魅力です✨ また機会があれば泊まりたいです。,,,シイタン0821,rakuten_51870_131b8d4296ee182a943ad2cfea4c71d6
false,Google,5,2026-05-07,芝浦ふ頭や首都高速が見えます 子綺麗な所で首都高が見える,,,芝浦ふ頭や首都高速が見えます 子綺麗な所で首都高が見える,,,car namapo,google_ChIJGcL-hHSKGGAR49LdCBFUUIY_2b7cc2908735e9502e33ae5ed7999cf3
false,Booking.com,8,2026-05-06,,,,,,,Shin,bookingcom_272466_e8560f1c9052653243a96a4e9c3cf6b8
false,Google,4,2026-05-06,お台場でライブがあったので、駅から近くて、電車一本で行けて、他のホテルに比べて安くてコスパよかった アメニティはフロントで各自取る。クレンジング・化粧水、乳液ある（洗顔は部屋に手と顔兼用がある） リセッシュも部屋にあった ウォーターサーバーは各階エレベーター前 イオンが目の前だけど、駐車場なので、ぐるっと回っていかないと入れない,,,お台場でライブがあったので、駅から近くて、電車一本で行けて、他のホテルに比べて安くてコスパよかった アメニティはフロントで各自取る。クレンジング・化粧水、乳液ある（洗顔は部屋に手と顔兼用がある） リセッシュも部屋にあった ウォーターサーバーは各階エレベーター前 イオンが目の前だけど、駐車場なので、ぐるっと回っていかないと入れない,,,noe s,google_ChIJGcL-hHSKGGAR49LdCBFUUIY_6da61ae9e0058df9ccdc15e41d8761e4
false,じゃらん,4,2026-05-06,今回は禁煙ルームが取れず止むなく喫煙フロアでしたが、消臭スプレーも常備されているので我慢できるレベルで過ごすことができました。品川シーサイド駅の目の前という立地がよいです。,,,今回は禁煙ルームが取れず止むなく喫煙フロアでしたが、消臭スプレーも常備されているので我慢できるレベルで過ごすことができました。品川シーサイド駅の目の前という立地がよいです。,,,A．Kさん,jalan_362580_07bf36a7d4eeb7dd77567abe6a1f3be0
false,楽天トラベル,4,2026-05-06,和食と洋食が食べれておいしかったです！とくに、スクランブルエッグがフワフワしていて、美味しかったです。トースターの場所が分かりにくかったので、わかりやすく表示を目立たせていただけると助かるなと感じました。,,,和食と洋食が食べれておいしかったです！とくに、スクランブルエッグがフワフワしていて、美味しかったです。トースターの場所が分かりにくかったので、わかりやすく表示を目立たせていただけると助かるなと感じました。,,,赤貝だいすき,rakuten_51870_15dd30c306a52142376621f29f1fce0c
false,楽天トラベル,4,2026-05-06,東京観光にこのエリアで安価なホテルを探して宿泊。最上階の角部屋で景色が素晴らしく次もこのホテルを予約しようと思いました。電車移動には便利な場所です。,,,東京観光にこのエリアで安価なホテルを探して宿泊。最上階の角部屋で景色が素晴らしく次もこのホテルを予約しようと思いました。電車移動には便利な場所です。,,,yasukich0793,rakuten_51870_fa41d7b14bd06bb1b69ad6b422178567
false,Booking.com,10,2026-05-06,,みなさんとても親切で綺麗なホテルでした,,,みなさんとても親切で綺麗なホテルでした,,Tanaka,bookingcom_272466_e031a863fecdef1529e0f13e0c68c753
false,じゃらん,5,2026-05-06,初めて泊まりましたが、次回も同じ部屋に泊まりたいと思いました。交通アクセスも良く、羽田空港まですぐです。,,,初めて泊まりましたが、次回も同じ部屋に泊まりたいと思いました。交通アクセスも良く、羽田空港まですぐです。,,,みやざき人さん,jalan_362580_9b20ba136d2a59f0125e387dad7de756
false,じゃらん,4,2026-05-06,駅徒歩１分で大変便利な立地です。  場所自体はイオンの裏手の倉庫街で、イオンが閉まった後は、コンビニやご飯食べるところまで１５分ほど歩くことになります。  ホテルは決して新しくはないものの、清潔にされており大変満足しました。  電車の利便性と合わせておすすめです。,,,駅徒歩１分で大変便利な立地です。  場所自体はイオンの裏手の倉庫街で、イオンが閉まった後は、コンビニやご飯食べるところまで１５分ほど歩くことになります。  ホテルは決して新しくはないものの、清潔にされており大変満足しました。  電車の利便性と合わせておすすめです。,,,ひゃけさん,jalan_362580_bed7d99563694f907a0efdb5f374296e
false,楽天トラベル,4,2026-05-05,内容は昨日投稿した内容と同じです♪,,,内容は昨日投稿した内容と同じです♪,,,ヒデくん0376,rakuten_51870_b7a804bf10411eb916ff84e8605e1fba
false,楽天トラベル,4,2026-05-05,部屋はバストイレも含めて広く快適に過ごせました。至近にイオンやコンビニ、ファーストフード店もあり食事も不便を感じませんでした。1つお願いしたいのは、製氷機用のアイスペールを部屋もしくは製氷機のそばに準備いただけると何度も取りに伺わなくて済むのでご検討ください。 駅からのアクセスも良かったので、また機会がありましたら利用させていただきます。  以下は、返信不要です。 東京都の宿泊税は制度設計が悪いと思います。レジャーで来日している外国人に多く賦課してもらいたいものです。,,,部屋はバストイレも含めて広く快適に過ごせました。至近にイオンやコンビニ、ファーストフード店もあり食事も不便を感じませんでした。1つお願いしたいのは、製氷機用のアイスペールを部屋もしくは製氷機のそばに準備いただけると何度も取りに伺わなくて済むのでご検討ください。 駅からのアクセスも良かったので、また機会がありましたら利用させていただきます。  以下は、返信不要です。 東京都の宿泊税は制度設計が悪いと思います。レジャーで来日している外国人に多く賦課してもらいたいものです。,,,不明,rakuten_51870_6e14f6234713e0e735632a30956fba23
false,Google,5,2026-05-05,🌸 東京＆大阪 - 桜ガール出張サービス 🌸 長い一日で疲れていませんか？優しくて穏やかな桜ガールに癒されたいと思いませんか？  厳選されたキュートな日本人美女たちが勢揃い。フレンドリーな性格と行き届いたサービスで、いつでもご利用いただけます。東京でも大阪でも、市内全域へ迅速にお伺いし、プライベートでリラックスした時間をお過ごしいただけます。💕  🛎️ いつでもご利用いただけます | ホテル、ゲストハウス、ご自宅への出張も可能です  📍 東京 | 大阪 お問い合わせ： Telegram: @YL8861 Gleezy: jk608 LINE: yl608,,,🌸 東京＆大阪 - 桜ガール出張サービス 🌸 長い一日で疲れていませんか？優しくて穏やかな桜ガールに癒されたいと思いませんか？  厳選されたキュートな日本人美女たちが勢揃い。フレンドリーな性格と行き届いたサービスで、いつでもご利用いただけます。東京でも大阪でも、市内全域へ迅速にお伺いし、プライベートでリラックスした時間をお過ごしいただけます。💕  🛎️ いつでもご利用いただけます | ホテル、ゲストハウス、ご自宅への出張も可能です  📍 東京 | 大阪 お問い合わせ： Telegram: @YL8861 Gleezy: jk608 LINE: yl608,,,惠子林,google_ChIJGcL-hHSKGGAR49LdCBFUUIY_c28ff1d85cf49aa776c19163afaa6d5b
false,Google,5,2026-05-05,東京や大阪を訪れるビジネス旅行者や観光客の皆様へ！  リラックスして快適な時間を過ごせるパートナーをお探しですか？ぜひお試しください❤️ ・ホテル、ラブホテルどちらでもご利用いただけます ・掲載されている写真はすべて女の子自身が撮影したもので、差し替えは一切ありません ・安心してご利用いただけるよう、事前予約も承っております  🍀ご予約方法：  Gleezy：sk608 Telegram：@sk608 素敵な旅と楽しい時間をお過ごしください！,,,東京や大阪を訪れるビジネス旅行者や観光客の皆様へ！  リラックスして快適な時間を過ごせるパートナーをお探しですか？ぜひお試しください❤️ ・ホテル、ラブホテルどちらでもご利用いただけます ・掲載されている写真はすべて女の子自身が撮影したもので、差し替えは一切ありません ・安心してご利用いただけるよう、事前予約も承っております  🍀ご予約方法：  Gleezy：sk608 Telegram：@sk608 素敵な旅と楽しい時間をお過ごしください！,,,小穗,google_ChIJGcL-hHSKGGAR49LdCBFUUIY_95bd4592c2e8defacf55d49ae3964b48
false,じゃらん,4,2026-05-05,ゴールデンウィーク中だったので目的地からはかなり遠かったですが、駅近でホテルの場所が分かりやすくてとても助かりました。,,,ゴールデンウィーク中だったので目的地からはかなり遠かったですが、駅近でホテルの場所が分かりやすくてとても助かりました。,,,ゆかりさん,jalan_362580_0c7e35e543ad0531951e39a1e1c9ba51
false,Booking.com,10,2026-05-04,,,,,,,Karina,bookingcom_272466_b0e8a3d7b0f5004fcb918eafbdaeb741
false,楽天トラベル,5,2026-05-04,不満は、思い当たらない。 渋谷に行く時に便利で、 お気に入りです。 羽田空港間のバスが、30分に1本 あったらな〰️とは思いますが、 最近は、どこも減ってますからね。,,,不満は、思い当たらない。 渋谷に行く時に便利で、 お気に入りです。 羽田空港間のバスが、30分に1本 あったらな〰️とは思いますが、 最近は、どこも減ってますからね。,,,ふー930,rakuten_51870_c4e7c84489ee25a05781d44c08402e3c
false,じゃらん,4,2026-05-04,チェックイン時にトラブルがありクレジット払いが出来なくなり現金対応だったが、クレジットで払いたいと伝えるとチェックアウトでの支払いで対応してくれて助かりました。,,,チェックイン時にトラブルがありクレジット払いが出来なくなり現金対応だったが、クレジットで払いたいと伝えるとチェックアウトでの支払いで対応してくれて助かりました。,,,たーさん,jalan_362580_5a253d78927f1ba9aa87e41cfe8ab349
false,楽天トラベル,4,2026-05-04,今回2日から利用して、駅からすぐで利便性も良く近くにはコンビニやスーパーなどもあり外食もできるし、すぐ荷物預けて移動できるので観光にもすぐ行けるので良いと思います♪ 朝食もバイキング美味しかったです！ 去年も利用した事あり、また東京旅行の時には利用しようと思ってます。 ゆっくりできました。 ありがとうございます。,,,今回2日から利用して、駅からすぐで利便性も良く近くにはコンビニやスーパーなどもあり外食もできるし、すぐ荷物預けて移動できるので観光にもすぐ行けるので良いと思います♪ 朝食もバイキング美味しかったです！ 去年も利用した事あり、また東京旅行の時には利用しようと思ってます。 ゆっくりできました。 ありがとうございます。,,,ヒデくん0376,rakuten_51870_36adcf48dc30377c7b81e1dc85cb0edb
false,Booking.com,7,2026-05-04,,,,,,,福浦,bookingcom_272466_4c04812482a8d2079996af8b0cdd104f
false,じゃらん,4,2026-05-04,チェックイン時にトラブルがありクレジット払いが出来なくなり現金対応だったが、クレジットで払いたいと伝えるとチェックアウトでの支払いで対応してくれて助かりました。,,,チェックイン時にトラブルがありクレジット払いが出来なくなり現金対応だったが、クレジットで払いたいと伝えるとチェックアウトでの支払いで対応してくれて助かりました。,,,不明,jalan_362580_7259c121459c29b9d9643174292591a6
false,じゃらん,4,2026-05-04,最寄りの駅からすぐで、方向音痴の私でも迷いようがないくらいでした。  イオンがすぐ近くにありちょっとした買い物にもとても便利でした。  お部屋も綺麗でまたお世話になりたいと思いました。  ありがとうございました。,,,最寄りの駅からすぐで、方向音痴の私でも迷いようがないくらいでした。  イオンがすぐ近くにありちょっとした買い物にもとても便利でした。  お部屋も綺麗でまたお世話になりたいと思いました。  ありがとうございました。,,,anmiさん,jalan_362580_6ae07a008ebba4ac35765414176f69cf
false,Booking.com,8,2026-05-03,,,,,,,Hyo-chun,bookingcom_272466_dac705146f033c32fbf154af88380e3a
false,Booking.com,9,2026-05-03,,,,,,,Hawax,bookingcom_272466_86b4892c2f762e7e4e9fca2cc88d8e5a
false,Agoda,8,2026-05-03,満足でした,,,満足でした,,,淳二,agoda_96271_f7875db838523b3d14d35f1f9c5b6658
false,楽天トラベル,5,2026-05-03,朝食がとても美味しかったです,,,朝食がとても美味しかったです,,,ねこち7034,rakuten_51870_8a9335aec67cdab1f1fd7d77f5602650
false,Booking.com,10,2026-05-03,,,,,,,Juraj,bookingcom_272466_d84b88bdbff27b58a4bffbb91d776cdd
false,Booking.com,8,2026-05-03,,,,,,,Andrea,bookingcom_272466_28f719c89ef7f33ce2e178490676b5ab
false,楽天トラベル,4,2026-05-03,翌朝、新木場で用事があったので初めて宿泊しました。 早割で取りましたが、広めのお部屋でとても過ごしやすかったです。 また利用したいです。,,,翌朝、新木場で用事があったので初めて宿泊しました。 早割で取りましたが、広めのお部屋でとても過ごしやすかったです。 また利用したいです。,,,うえさん7271,rakuten_51870_038beeec51d5580cf729f79bfd414e5b
false,楽天トラベル,5,2026-05-03,駅から近くて便利でした。チェックイン時に宅急便についてお伺いした際も出荷をお願いした際も、フロントの方々が親切に対応して下さいました。朝食も会場が明るく美味しく、良かったです。アメニティも充実していて、コーヒーがあったのがより良かったです。また秋にリピート予定です。,,,駅から近くて便利でした。チェックイン時に宅急便についてお伺いした際も出荷をお願いした際も、フロントの方々が親切に対応して下さいました。朝食も会場が明るく美味しく、良かったです。アメニティも充実していて、コーヒーがあったのがより良かったです。また秋にリピート予定です。,,,キティ⭐︎キティ,rakuten_51870_4af4314b01c7333a703cc4c5de826c4b
false,Google,5,2026-05-03,景色が非常に良いです。,,,景色が非常に良いです。,,,gen shin,google_ChIJGcL-hHSKGGAR49LdCBFUUIY_2ade5516b2ac9f57c89569d7a2a8774f
false,Google,5,2026-05-03,前回このホテルで出会った日本人女性は素晴らしかった…雰囲気もサービスも最高だった。彼女は「あいちゃんのナイトラブハウス」で見つけたんだ。,,,前回このホテルで出会った日本人女性は素晴らしかった…雰囲気もサービスも最高だった。彼女は「あいちゃんのナイトラブハウス」で見つけたんだ。,,,陳王菲（陳育）,google_ChIJGcL-hHSKGGAR49LdCBFUUIY_3f1f53c4d33cc9f1189984736506b937
false,Google,3,2026-05-03,,,,,,,井手正次,google_ChIJGcL-hHSKGGAR49LdCBFUUIY_c2d96c96aabce27e1d60f32774bac217
false,Trip.com,9,2026-05-03,フロントは女性スタッフ多めで安心感があります。 部屋の作りは一般的なビジネスホテルっていうイメージでしょうか。 電子レンジはお部屋にはないので、あったら便利かなぁとは思います。 イオンが真向かいにあるので、食料調達や買い物は便利かもしれません。 朝食は明太子のグラタンと、白米がとても美味しくて、お腹いっぱい食べる事ができました。 ハーバービューは時間がなくて、観光する余裕がありませんでした。,,,フロントは女性スタッフ多めで安心感があります。 部屋の作りは一般的なビジネスホテルっていうイメージでしょうか。 電子レンジはお部屋にはないので、あったら便利かなぁとは思います。 イオンが真向かいにあるので、食料調達や買い物は便利かもしれません。 朝食は明太子のグラタンと、白米がとても美味しくて、お腹いっぱい食べる事ができました。 ハーバービューは時間がなくて、観光する余裕がありませんでした。,,,ゲ‍ス‍ト,trip_1933818916
false,楽天トラベル,5,2026-05-03,品川シーサイド駅からすぐの立地で品川駅や羽田空港へのバス停もすぐなのでアクセスは良い。フロントの接客や対応、スタッフの身だしなみもきちんとしていて、チェックイン時は安心感をおぼえました。 部屋は普通の広さでシングルベッドとソファー、冷蔵庫、ポットがあり古さはありますが清潔感がありました。 50代には懐かしい感じのホテルでした、無くならないでほしいですね。 またリピートしたいと思えるホテルでした。,,,品川シーサイド駅からすぐの立地で品川駅や羽田空港へのバス停もすぐなのでアクセスは良い。フロントの接客や対応、スタッフの身だしなみもきちんとしていて、チェックイン時は安心感をおぼえました。 部屋は普通の広さでシングルベッドとソファー、冷蔵庫、ポットがあり古さはありますが清潔感がありました。 50代には懐かしい感じのホテルでした、無くならないでほしいですね。 またリピートしたいと思えるホテルでした。,,,ABUちゃん,rakuten_51870_400475d2d808fa30ed7e1917a9b1c8a4
false,じゃらん,4,2026-05-03,東京へ行く際は、毎回利用させていただいています。駅近で、近くにイオン、コンビニがあり大変便利です。フロントに化粧水、乳液、クレンジングなどがあるので大変助かります。感謝です。,,,東京へ行く際は、毎回利用させていただいています。駅近で、近くにイオン、コンビニがあり大変便利です。フロントに化粧水、乳液、クレンジングなどがあるので大変助かります。感謝です。,,,あちゃさん,jalan_362580_371ed0984be6fab6a68880e8f659023e
false,じゃらん,4,2026-05-03,子供と2人原宿とピクサー展に行くために利用  ユニットバスだけど広めで快適  駅近でいろんなところへのアクセスしやすいし  近くにイオン等商業施設あるので何かと便利  ただ近くの地下駐車場がとってもわかりづらいので  車の方はイオンの駐車場利用をオススメします,,,子供と2人原宿とピクサー展に行くために利用  ユニットバスだけど広めで快適  駅近でいろんなところへのアクセスしやすいし  近くにイオン等商業施設あるので何かと便利  ただ近くの地下駐車場がとってもわかりづらいので  車の方はイオンの駐車場利用をオススメします,,,ひーさん,jalan_362580_60331b5ccd446f01a3f61efbe98c4ead
false,じゃらん,4,2026-05-03,前後の行程を考え、初めて泊まりました。周辺は何も無いようですが、駅から近いのが最大の魅力です。社用であったので、ポイントを除く実費分の領収書をお願いしましたが、断られました。要注意です。,,,前後の行程を考え、初めて泊まりました。周辺は何も無いようですが、駅から近いのが最大の魅力です。社用であったので、ポイントを除く実費分の領収書をお願いしましたが、断られました。要注意です。,,,ふうちゃんさん,jalan_362580_30319b4fddb397f8ac4aef47689ada7a
false,Booking.com,9,2026-05-02,,The hotel room and staff were helpful,The aircond was intermittent,,ホテルの部屋とスタッフは親切でした,エアコンの効きが悪かった,Nurshara,bookingcom_272466_ccdcc317cb5fc0f459c7a59fefe1ef2a
false,Trip.com,10,2026-05-02,飯店服務非常好 乾淨 房間相對大間 有提供行李寄放（如果入住之後改住別的地方可以寄放到下次入住，但是保管多久需要自行詢問，我是兩張訂單差3天是可以寄放） 地點就在地鐵對面而已 地鐵站內連結商場有大型永旺（可退稅）、全家、羅森、7-11各一家 7-11位置比較靠裡面轉角需要找一下,,,ホテルのサービスは素晴らしく、部屋は清潔で、比較的広々としていました。荷物預かりサービスも利用できました（チェックイン後に宿泊先を変更する場合、次の滞在まで荷物を預かってもらえますが、預かり期間について問い合わせる必要があります。私は3日違いで2つの予約をしたので、荷物預かりは可能でした）。立地は地下鉄駅の真向かいです。地下鉄駅構内には、大型のイオン（免税店あり）、ファミリーマート、ローソン、セブンイレブンが入ったショッピングモールがあります。セブンイレブンは少し奥まった角を曲がったところにあるので、少し探す必要があります。,,,ゲ‍ス‍ト,trip_1932408992
false,じゃらん,4,2026-05-02,会社のイベントで利用しました。  東品川駅からは徒歩でも行ける距離です。  ホテルでタクシーを呼んだ時やホテルの説明も丁寧で良かった。電子レンジ1階にあって助かった。  部屋は、綺麗に清掃されていました。  なんの問題もなく宿泊することができ良いホテルに出会えたと思います。,,,会社のイベントで利用しました。  東品川駅からは徒歩でも行ける距離です。  ホテルでタクシーを呼んだ時やホテルの説明も丁寧で良かった。電子レンジ1階にあって助かった。  部屋は、綺麗に清掃されていました。  なんの問題もなく宿泊することができ良いホテルに出会えたと思います。,,,はやちゃんさん,jalan_362580_79190669ec1cbacf0718e5c7c193427b
false,楽天トラベル,4,2026-05-01,駅から近く都内移動が便利でした 近くにイオン等もあり、飲食にも不自由がありません,,,駅から近く都内移動が便利でした 近くにイオン等もあり、飲食にも不自由がありません,,,グッチーさん,rakuten_51870_61cf7290a8d72efb160dd9241d3d1cef
false,じゃらん,5,2026-05-01,品川シーサイド駅前 近くに羽田空港までのバス停 イオンもあり とても利用しやすかったです 朝食のクロワッサンもとても美味しかったです,,,品川シーサイド駅前 近くに羽田空港までのバス停 イオンもあり とても利用しやすかったです 朝食のクロワッサンもとても美味しかったです,,,ともさん,jalan_362580_98ee5480204e27d5dbea3991073b8e73
false,Trip.com,10,2026-05-01,良いホテル,,,良いホテル,,,ゲ‍ス‍ト,trip_1930586490
false,Trip.com,10,2026-05-01,"It was a fine experience, i wanted to have a hotel near the airport on my last day in Japan, it’s near mcdonalds and other relevant locations. Right in front of the metro which was very convenient for my last minute shopping, they stored my luggage for the day until check in was available too. I recommend this hotel for sure",,,とても快適な滞在でした。日本滞在最終日に空港近くのホテルを探していたのですが、ここはマクドナルドなどの便利な場所が近くにあり、地下鉄の駅も目の前だったので、最後の買い物にも大変便利でした。チェックインまで荷物を預かってくれたのも良かったです。このホテルは本当におすすめです。,,,ゲ‍ス‍ト,trip_1930917755
false,Booking.com,9,2026-05-01,,Super hotel met prima faciliteiten!  Aardig personeel en een heerlijk ontbijt.  Metrostation voor de deur en dichtbij de luchthaven.,Wij hadden dit hotel geboekt omdat we naar de luchthaven gingen de volgende dag.  Ten opzichte van het centrum van Tokyo is dit hotel wel een stukje reizen.,,素晴らしい設備を備えた最高のホテル！スタッフは親切で、朝食も美味しかったです。ホテルのすぐ外に地下鉄駅があり、空港にも近いです。,翌日空港に行く予定だったので、このホテルを予約しました。東京の中心部と比べると、かなり遠い場所にあります。,Lineke,bookingcom_272466_b394cf46db7195e2c7bd2b20d7a7fe78
false,Google,4,2026-05-01,シャワー水圧　節水　3/5 普通 品川駅からは少し遠め 終電後にタクシーで来ました。戻りも品川までタクシーで。近くにコンビニもあり便利。,,,シャワー水圧　節水　3/5 普通 品川駅からは少し遠め 終電後にタクシーで来ました。戻りも品川までタクシーで。近くにコンビニもあり便利。,,,ssk02,google_ChIJGcL-hHSKGGAR49LdCBFUUIY_d0cee552633bf89dcafef069ca287cd3
